Customer ID,Customer Type,Age Group,Region,Join Date
C100000,Returning,35-44,South West,2025-10-09 00:00:00
C100001,Returning,25-34,North West,2025-06-01 00:00:00
C100002,Returning,18-24,London,2023-08-29 00:00:00
C100003,Returning,55+,London,2023-07-07 00:00:00
C100004,New,25-34,South East,2024-01-07 00:00:00
C100005,Returning,25-34,South East,2024-05-22 00:00:00
C100006,Returning,25-34,London,2023-11-20 00:00:00
C100007,Returning,55+,East of England,2023-04-09 00:00:00
C100008,New,45-54,South East,2024-07-01 00:00:00
C100009,Returning,35-44,South West,2024-03-28 00:00:00
C100010,New,55+,Scotland,2023-12-03 00:00:00
C100011,Returning,18-24,South East,2025-06-28 00:00:00
C100012,Returning,55+,Scotland,2023-11-15 00:00:00
C100013,Returning,18-24,London,2025-09-09 00:00:00
C100014,Returning,25-34,Yorkshire,2023-01-13 00:00:00
C100015,New,18-24,Scotland,2024-07-24 00:00:00
C100016,Returning,55+,South West,2025-11-11 00:00:00
C100017,New,55+,London,2023-11-12 00:00:00
C100018,Returning,35-44,South East,2024-12-21 00:00:00
C100019,Returning,25-34,South East,2025-03-17 00:00:00
C100020,Returning,25-34,Scotland,2024-01-12 00:00:00
C100021,New,35-44,South East,2024-12-03 00:00:00
C100022,Returning,25-34,West Midlands,2024-12-18 00:00:00
C100023,Returning,18-24,South East,2024-06-01 00:00:00
C100024,Returning,35-44,South East,2024-02-19 00:00:00
C100025,New,35-44,West Midlands,2024-06-06 00:00:00
C100026,Returning,55+,South East,2023-06-13 00:00:00
C100027,New,35-44,North West,2024-06-26 00:00:00
C100028,New,25-34,West Midlands,2023-12-24 00:00:00
C100029,Returning,35-44,West Midlands,2024-01-09 00:00:00
C100030,Returning,25-34,West Midlands,2023-09-28 00:00:00
C100031,Returning,35-44,South East,2024-07-24 00:00:00
C100032,New,45-54,South West,2023-01-09 00:00:00
C100033,New,25-34,West Midlands,2023-03-05 00:00:00
C100034,Returning,25-34,West Midlands,2023-08-18 00:00:00
C100035,New,45-54,London,2024-09-19 00:00:00
C100036,New,35-44,London,2023-10-10 00:00:00
C100037,Returning,35-44,South West,2024-06-29 00:00:00
C100038,New,45-54,East of England,2023-06-12 00:00:00
C100039,Returning,35-44,South East,2024-04-07 00:00:00
C100040,Returning,18-24,South East,2024-05-13 00:00:00
C100041,Returning,45-54,South East,2023-12-23 00:00:00
C100042,Returning,55+,Yorkshire,2023-02-24 00:00:00
C100043,New,18-24,London,2024-11-14 00:00:00
C100044,Returning,25-34,Scotland,2023-08-12 00:00:00
C100045,Returning,45-54,London,2024-06-17 00:00:00
C100046,Returning,35-44,Scotland,2025-02-19 00:00:00
C100047,New,25-34,London,2023-04-21 00:00:00
C100048,Returning,35-44,South East,2025-01-16 00:00:00
C100049,New,45-54,South East,2024-02-16 00:00:00
C100050,New,35-44,South East,2024-07-07 00:00:00
C100051,New,25-34,Scotland,2023-03-26 00:00:00
C100052,Returning,18-24,West Midlands,2024-07-03 00:00:00
C100053,Returning,35-44,London,2024-02-22 00:00:00
C100054,Returning,55+,Scotland,2023-07-15 00:00:00
C100055,Returning,35-44,South East,2024-08-09 00:00:00
C100056,Returning,25-34,London,2024-12-16 00:00:00
C100057,Returning,55+,London,2024-03-06 00:00:00
C100058,New,25-34,West Midlands,2024-11-28 00:00:00
C100059,New,35-44,East of England,2024-01-11 00:00:00
C100060,Returning,18-24,London,2025-07-02 00:00:00
C100061,Returning,45-54,Yorkshire,2023-11-06 00:00:00
C100062,Returning,45-54,South East,2025-05-28 00:00:00
C100063,Returning,45-54,London,2024-02-24 00:00:00
C100064,Returning,25-34,Yorkshire,2024-09-05 00:00:00
C100065,Returning,35-44,South West,2023-03-18 00:00:00
C100066,Returning,25-34,North West,2023-03-23 00:00:00
C100067,New,55+,London,2025-12-29 00:00:00
C100068,New,18-24,London,2023-01-09 00:00:00
C100069,Returning,35-44,Yorkshire,2024-09-02 00:00:00
C100070,New,45-54,North West,2024-05-17 00:00:00
C100071,Returning,25-34,West Midlands,2024-11-30 00:00:00
C100072,Returning,25-34,London,2023-01-05 00:00:00
C100073,New,18-24,South West,2023-07-21 00:00:00
C100074,New,35-44,London,2024-01-08 00:00:00
C100075,New,55+,Yorkshire,2025-10-12 00:00:00
C100076,New,25-34,Yorkshire,2024-01-20 00:00:00
C100077,Returning,55+,London,2024-09-20 00:00:00
C100078,Returning,25-34,West Midlands,2024-09-22 00:00:00
C100079,Returning,25-34,North West,2024-03-31 00:00:00
C100080,Returning,55+,North West,2025-07-01 00:00:00
C100081,Returning,55+,East of England,2025-02-23 00:00:00
C100082,Returning,25-34,North West,2024-05-03 00:00:00
C100083,New,35-44,London,2023-12-01 00:00:00
C100084,New,55+,South East,2023-11-02 00:00:00
C100085,New,45-54,North West,2025-10-25 00:00:00
C100086,Returning,35-44,South East,2023-05-19 00:00:00
C100087,Returning,25-34,South West,2023-07-06 00:00:00
C100088,New,18-24,London,2023-10-16 00:00:00
C100089,Returning,35-44,London,2025-07-05 00:00:00
C100090,New,35-44,London,2025-01-26 00:00:00
C100091,Returning,25-34,East of England,2025-11-29 00:00:00
C100092,Returning,25-34,Yorkshire,2025-03-05 00:00:00
C100093,Returning,25-34,North West,2024-06-24 00:00:00
C100094,New,35-44,South East,2023-02-14 00:00:00
C100095,Returning,25-34,East of England,2025-08-22 00:00:00
C100096,New,25-34,East of England,2025-01-06 00:00:00
C100097,New,18-24,West Midlands,2023-03-20 00:00:00
C100098,New,45-54,South West,2025-12-03 00:00:00
C100099,Returning,35-44,East of England,2024-11-13 00:00:00
C100100,Returning,25-34,South East,2024-11-12 00:00:00
C100101,Returning,25-34,South East,2024-01-27 00:00:00
C100102,New,25-34,North West,2023-12-30 00:00:00
C100103,Returning,35-44,West Midlands,2024-02-05 00:00:00
C100104,Returning,35-44,South West,2023-02-25 00:00:00
C100105,Returning,35-44,North West,2024-05-10 00:00:00
C100106,Returning,45-54,London,2023-03-10 00:00:00
C100107,New,18-24,South East,2024-10-18 00:00:00
C100108,New,25-34,Yorkshire,2023-08-16 00:00:00
C100109,Returning,18-24,London,2024-11-08 00:00:00
C100110,Returning,35-44,South East,2024-02-15 00:00:00
C100111,New,25-34,London,2023-11-03 00:00:00
C100112,New,45-54,South West,2023-06-09 00:00:00
C100113,Returning,25-34,London,2024-02-27 00:00:00
C100114,New,35-44,London,2023-03-18 00:00:00
C100115,Returning,25-34,South West,2023-10-02 00:00:00
C100116,Returning,25-34,London,2024-05-25 00:00:00
C100117,Returning,45-54,Yorkshire,2024-11-26 00:00:00
C100118,Returning,18-24,South East,2024-05-20 00:00:00
C100119,Returning,25-34,South West,2023-04-23 00:00:00
C100120,Returning,25-34,London,2025-03-04 00:00:00
C100121,Returning,45-54,London,2024-04-10 00:00:00
C100122,New,25-34,London,2024-11-20 00:00:00
C100123,Returning,55+,Scotland,2025-12-12 00:00:00
C100124,New,55+,South West,2023-02-23 00:00:00
C100125,Returning,45-54,South East,2025-12-23 00:00:00
C100126,New,25-34,London,2025-11-12 00:00:00
C100127,New,35-44,London,2024-07-23 00:00:00
C100128,New,18-24,London,2023-01-30 00:00:00
C100129,Returning,55+,London,2023-09-30 00:00:00
C100130,New,35-44,East of England,2023-09-06 00:00:00
C100131,Returning,25-34,London,2024-10-03 00:00:00
C100132,Returning,25-34,East of England,2025-01-30 00:00:00
C100133,New,45-54,London,2024-06-21 00:00:00
C100134,Returning,55+,South West,2024-01-27 00:00:00
C100135,New,35-44,West Midlands,2023-02-16 00:00:00
C100136,Returning,35-44,London,2025-10-30 00:00:00
C100137,Returning,45-54,South West,2025-12-24 00:00:00
C100138,Returning,45-54,South East,2023-02-06 00:00:00
C100139,New,45-54,East of England,2023-12-26 00:00:00
C100140,Returning,25-34,South West,2025-12-17 00:00:00
C100141,Returning,35-44,Scotland,2024-03-15 00:00:00
C100142,Returning,45-54,East of England,2024-11-15 00:00:00
C100143,Returning,25-34,South East,2024-07-18 00:00:00
C100144,Returning,25-34,West Midlands,2024-11-27 00:00:00
C100145,New,18-24,Yorkshire,2025-08-26 00:00:00
C100146,New,25-34,South East,2024-02-22 00:00:00
C100147,Returning,45-54,North West,2025-05-29 00:00:00
C100148,Returning,25-34,London,2024-05-17 00:00:00
C100149,New,35-44,Yorkshire,2023-08-15 00:00:00
C100150,Returning,18-24,South East,2023-03-24 00:00:00
C100151,Returning,55+,London,2025-02-27 00:00:00
C100152,New,45-54,Scotland,2024-10-24 00:00:00
C100153,Returning,35-44,East of England,2025-08-20 00:00:00
C100154,New,45-54,South East,2023-09-16 00:00:00
C100155,Returning,18-24,London,2025-02-24 00:00:00
C100156,New,45-54,Yorkshire,2023-01-26 00:00:00
C100157,Returning,45-54,London,2023-06-03 00:00:00
C100158,Returning,18-24,North West,2024-10-15 00:00:00
C100159,Returning,55+,South West,2024-08-15 00:00:00
C100160,New,18-24,South East,2024-10-13 00:00:00
C100161,Returning,35-44,South East,2025-07-11 00:00:00
C100162,New,25-34,London,2025-07-06 00:00:00
C100163,New,45-54,South East,2023-08-04 00:00:00
C100164,Returning,18-24,North West,2023-08-11 00:00:00
C100165,New,18-24,London,2024-08-15 00:00:00
C100166,Returning,35-44,Scotland,2025-11-19 00:00:00
C100167,Returning,55+,Yorkshire,2025-01-06 00:00:00
C100168,New,25-34,London,2023-06-10 00:00:00
C100169,Returning,35-44,North West,2024-11-29 00:00:00
C100170,New,35-44,West Midlands,2024-01-07 00:00:00
C100171,Returning,45-54,South East,2023-04-28 00:00:00
C100172,New,25-34,North West,2025-02-22 00:00:00
C100173,Returning,35-44,London,2023-11-02 00:00:00
C100174,New,55+,London,2025-05-03 00:00:00
C100175,New,25-34,London,2024-08-30 00:00:00
C100176,Returning,35-44,London,2024-05-06 00:00:00
C100177,Returning,55+,Yorkshire,2023-08-18 00:00:00
C100178,Returning,25-34,Scotland,2023-11-18 00:00:00
C100179,Returning,25-34,Yorkshire,2024-01-03 00:00:00
C100180,Returning,25-34,Scotland,2025-02-01 00:00:00
C100181,Returning,45-54,North West,2024-04-01 00:00:00
C100182,Returning,55+,South East,2023-02-07 00:00:00
C100183,New,35-44,East of England,2023-01-15 00:00:00
C100184,Returning,35-44,London,2023-10-30 00:00:00
C100185,Returning,25-34,London,2024-07-15 00:00:00
C100186,New,18-24,Scotland,2024-01-02 00:00:00
C100187,New,25-34,Yorkshire,2025-12-30 00:00:00
C100188,Returning,25-34,East of England,2023-09-12 00:00:00
C100189,New,18-24,London,2024-03-25 00:00:00
C100190,Returning,35-44,South West,2024-03-13 00:00:00
C100191,New,25-34,London,2023-10-29 00:00:00
C100192,New,18-24,South East,2025-08-29 00:00:00
C100193,Returning,25-34,East of England,2023-10-06 00:00:00
C100194,New,25-34,West Midlands,2023-01-12 00:00:00
C100195,New,25-34,Yorkshire,2024-07-20 00:00:00
C100196,Returning,25-34,East of England,2024-11-29 00:00:00
C100197,Returning,25-34,East of England,2024-05-16 00:00:00
C100198,New,35-44,London,2024-04-08 00:00:00
C100199,New,45-54,London,2025-08-06 00:00:00
C100200,Returning,45-54,East of England,2024-02-16 00:00:00
C100201,Returning,45-54,North West,2024-12-04 00:00:00
C100202,Returning,35-44,West Midlands,2025-07-10 00:00:00
C100203,New,55+,London,2024-03-14 00:00:00
C100204,New,35-44,London,2024-08-17 00:00:00
C100205,New,35-44,Scotland,2024-02-29 00:00:00
C100206,New,25-34,West Midlands,2024-11-06 00:00:00
C100207,Returning,25-34,South West,2024-08-24 00:00:00
C100208,New,25-34,London,2025-07-26 00:00:00
C100209,Returning,25-34,London,2023-10-06 00:00:00
C100210,Returning,45-54,North West,2023-06-27 00:00:00
C100211,Returning,18-24,East of England,2024-04-10 00:00:00
C100212,New,35-44,South East,2024-11-04 00:00:00
C100213,Returning,45-54,South East,2023-11-10 00:00:00
C100214,Returning,35-44,North West,2026-01-02 00:00:00
C100215,Returning,18-24,London,2024-07-21 00:00:00
C100216,New,25-34,South East,2025-06-11 00:00:00
C100217,New,25-34,North West,2024-08-24 00:00:00
C100218,Returning,55+,London,2024-03-08 00:00:00
C100219,Returning,45-54,North West,2025-07-20 00:00:00
C100220,New,45-54,London,2023-06-23 00:00:00
C100221,Returning,35-44,Yorkshire,2023-10-04 00:00:00
C100222,Returning,45-54,South West,2025-04-21 00:00:00
C100223,Returning,45-54,East of England,2025-09-22 00:00:00
C100224,New,18-24,Yorkshire,2023-11-17 00:00:00
C100225,Returning,25-34,North West,2024-08-11 00:00:00
C100226,New,18-24,South East,2024-06-18 00:00:00
C100227,Returning,35-44,West Midlands,2025-03-10 00:00:00
C100228,Returning,55+,London,2024-07-03 00:00:00
C100229,New,35-44,Yorkshire,2024-11-03 00:00:00
C100230,New,35-44,London,2025-01-06 00:00:00
C100231,Returning,55+,West Midlands,2025-06-30 00:00:00
C100232,Returning,25-34,West Midlands,2023-06-02 00:00:00
C100233,Returning,18-24,Yorkshire,2024-12-30 00:00:00
C100234,Returning,55+,South East,2023-07-18 00:00:00
C100235,Returning,55+,West Midlands,2023-01-13 00:00:00
C100236,Returning,45-54,North West,2025-02-27 00:00:00
C100237,Returning,25-34,East of England,2024-03-05 00:00:00
C100238,New,55+,Yorkshire,2025-02-27 00:00:00
C100239,New,45-54,South East,2025-10-29 00:00:00
C100240,Returning,35-44,East of England,2023-05-22 00:00:00
C100241,Returning,25-34,London,2024-05-11 00:00:00
C100242,New,35-44,South East,2023-04-19 00:00:00
C100243,Returning,45-54,London,2025-06-30 00:00:00
C100244,Returning,45-54,West Midlands,2026-01-04 00:00:00
C100245,Returning,35-44,North West,2025-08-13 00:00:00
C100246,Returning,35-44,North West,2025-12-29 00:00:00
C100247,Returning,45-54,South West,2024-01-01 00:00:00
C100248,New,35-44,North West,2023-11-02 00:00:00
C100249,Returning,25-34,London,2025-08-01 00:00:00
C100250,Returning,18-24,North West,2024-12-17 00:00:00
C100251,Returning,25-34,Yorkshire,2024-02-20 00:00:00
C100252,Returning,45-54,West Midlands,2023-08-20 00:00:00
C100253,New,18-24,West Midlands,2023-01-28 00:00:00
C100254,New,18-24,North West,2023-02-11 00:00:00
C100255,Returning,55+,North West,2025-02-02 00:00:00
C100256,Returning,45-54,South East,2023-10-18 00:00:00
C100257,New,18-24,East of England,2025-06-21 00:00:00
C100258,New,25-34,London,2025-07-19 00:00:00
C100259,Returning,45-54,London,2024-05-11 00:00:00
C100260,New,25-34,South West,2023-11-26 00:00:00
C100261,Returning,35-44,East of England,2023-07-10 00:00:00
C100262,New,35-44,Yorkshire,2023-10-10 00:00:00
C100263,New,25-34,West Midlands,2024-11-07 00:00:00
C100264,Returning,45-54,Scotland,2025-04-11 00:00:00
C100265,New,18-24,South East,2025-03-23 00:00:00
C100266,New,35-44,West Midlands,2025-11-20 00:00:00
C100267,New,25-34,North West,2024-12-21 00:00:00
C100268,New,18-24,West Midlands,2024-07-12 00:00:00
C100269,New,25-34,North West,2024-01-27 00:00:00
C100270,New,45-54,Scotland,2024-01-05 00:00:00
C100271,New,25-34,London,2024-02-10 00:00:00
C100272,New,25-34,London,2025-08-25 00:00:00
C100273,Returning,25-34,West Midlands,2024-08-27 00:00:00
C100274,Returning,45-54,West Midlands,2023-09-01 00:00:00
C100275,Returning,35-44,Yorkshire,2023-08-01 00:00:00
C100276,New,55+,Scotland,2023-02-01 00:00:00
C100277,Returning,35-44,Yorkshire,2025-07-19 00:00:00
C100278,Returning,35-44,Scotland,2023-08-30 00:00:00
C100279,Returning,35-44,South East,2023-04-23 00:00:00
C100280,New,18-24,London,2023-11-15 00:00:00
C100281,New,55+,South East,2024-06-19 00:00:00
C100282,New,55+,South West,2025-11-21 00:00:00
C100283,New,25-34,London,2025-08-03 00:00:00
C100284,Returning,35-44,London,2023-07-08 00:00:00
C100285,Returning,25-34,West Midlands,2024-08-05 00:00:00
C100286,New,35-44,South East,2025-06-25 00:00:00
C100287,New,45-54,Yorkshire,2025-04-17 00:00:00
C100288,Returning,55+,East of England,2024-05-31 00:00:00
C100289,New,25-34,London,2023-09-21 00:00:00
C100290,Returning,45-54,North West,2025-05-13 00:00:00
C100291,New,45-54,London,2024-05-05 00:00:00
C100292,Returning,25-34,London,2023-09-18 00:00:00
C100293,New,35-44,South East,2025-02-23 00:00:00
C100294,Returning,35-44,North West,2025-08-28 00:00:00
C100295,Returning,45-54,North West,2025-09-04 00:00:00
C100296,Returning,55+,Yorkshire,2025-10-28 00:00:00
C100297,Returning,18-24,South West,2024-12-08 00:00:00
C100298,Returning,25-34,London,2025-04-24 00:00:00
C100299,Returning,25-34,South West,2023-09-25 00:00:00
C100300,Returning,25-34,Yorkshire,2023-12-23 00:00:00
C100301,New,35-44,London,2023-06-10 00:00:00
C100302,Returning,55+,South East,2023-03-31 00:00:00
C100303,Returning,35-44,London,2025-07-14 00:00:00
C100304,Returning,35-44,London,2024-05-17 00:00:00
C100305,Returning,25-34,South East,2024-09-01 00:00:00
C100306,Returning,25-34,South East,2023-04-07 00:00:00
C100307,Returning,45-54,East of England,2023-07-22 00:00:00
C100308,New,35-44,East of England,2023-03-25 00:00:00
C100309,New,25-34,North West,2024-06-18 00:00:00
C100310,Returning,55+,Yorkshire,2024-09-30 00:00:00
C100311,Returning,35-44,Scotland,2023-05-19 00:00:00
C100312,New,25-34,West Midlands,2025-02-18 00:00:00
C100313,New,35-44,North West,2023-04-26 00:00:00
C100314,New,35-44,Yorkshire,2025-07-11 00:00:00
C100315,New,25-34,East of England,2025-10-08 00:00:00
C100316,New,45-54,South West,2024-12-05 00:00:00
C100317,Returning,35-44,London,2024-08-22 00:00:00
C100318,New,35-44,Yorkshire,2025-03-15 00:00:00
C100319,Returning,45-54,South East,2023-10-01 00:00:00
C100320,Returning,35-44,South East,2025-10-10 00:00:00
C100321,Returning,25-34,North West,2025-08-27 00:00:00
C100322,New,18-24,Yorkshire,2025-02-04 00:00:00
C100323,Returning,25-34,London,2026-01-03 00:00:00
C100324,Returning,25-34,South East,2023-11-30 00:00:00
C100325,Returning,25-34,Yorkshire,2025-08-30 00:00:00
C100326,Returning,35-44,London,2023-02-07 00:00:00
C100327,Returning,25-34,East of England,2025-04-02 00:00:00
C100328,Returning,25-34,West Midlands,2023-11-15 00:00:00
C100329,New,35-44,North West,2025-11-24 00:00:00
C100330,Returning,25-34,London,2024-09-15 00:00:00
C100331,New,35-44,Scotland,2023-08-06 00:00:00
C100332,Returning,45-54,East of England,2023-12-13 00:00:00
C100333,Returning,25-34,London,2025-08-23 00:00:00
C100334,New,18-24,Yorkshire,2025-06-03 00:00:00
C100335,Returning,35-44,South West,2024-01-30 00:00:00
C100336,New,18-24,London,2023-10-16 00:00:00
C100337,Returning,35-44,North West,2023-02-05 00:00:00
C100338,New,45-54,East of England,2023-05-16 00:00:00
C100339,Returning,35-44,West Midlands,2023-02-05 00:00:00
C100340,New,35-44,East of England,2023-12-29 00:00:00
C100341,Returning,55+,London,2023-07-26 00:00:00
C100342,Returning,18-24,East of England,2023-01-23 00:00:00
C100343,Returning,55+,Scotland,2025-05-07 00:00:00
C100344,Returning,45-54,London,2025-08-25 00:00:00
C100345,Returning,25-34,West Midlands,2025-09-13 00:00:00
C100346,Returning,25-34,North West,2025-07-09 00:00:00
C100347,New,25-34,East of England,2023-05-21 00:00:00
C100348,Returning,55+,London,2023-06-30 00:00:00
C100349,New,25-34,South East,2025-07-18 00:00:00
C100350,Returning,55+,South West,2023-01-17 00:00:00
C100351,New,35-44,West Midlands,2025-04-11 00:00:00
C100352,Returning,35-44,North West,2023-05-19 00:00:00
C100353,Returning,35-44,North West,2023-02-27 00:00:00
C100354,Returning,25-34,Scotland,2025-05-08 00:00:00
C100355,Returning,25-34,London,2025-03-15 00:00:00
C100356,Returning,55+,Scotland,2023-04-04 00:00:00
C100357,Returning,25-34,North West,2023-02-12 00:00:00
C100358,Returning,55+,East of England,2025-08-29 00:00:00
C100359,Returning,55+,London,2023-10-16 00:00:00
C100360,Returning,18-24,Yorkshire,2025-12-02 00:00:00
C100361,New,35-44,East of England,2024-08-07 00:00:00
C100362,New,25-34,South West,2025-12-12 00:00:00
C100363,New,35-44,London,2025-09-27 00:00:00
C100364,Returning,55+,West Midlands,2024-11-08 00:00:00
C100365,Returning,55+,London,2023-04-26 00:00:00
C100366,Returning,55+,London,2025-09-13 00:00:00
C100367,Returning,25-34,Yorkshire,2024-01-19 00:00:00
C100368,New,35-44,Scotland,2023-10-05 00:00:00
C100369,Returning,25-34,North West,2024-09-26 00:00:00
C100370,Returning,55+,London,2024-01-28 00:00:00
C100371,New,25-34,South East,2025-03-25 00:00:00
C100372,New,25-34,South East,2023-10-19 00:00:00
C100373,New,18-24,London,2025-10-03 00:00:00
C100374,New,25-34,East of England,2023-04-20 00:00:00
C100375,New,25-34,London,2024-05-30 00:00:00
C100376,Returning,18-24,London,2025-11-22 00:00:00
C100377,Returning,45-54,Yorkshire,2025-07-13 00:00:00
C100378,Returning,45-54,London,2025-06-21 00:00:00
C100379,Returning,25-34,West Midlands,2024-11-09 00:00:00
C100380,Returning,45-54,North West,2024-09-18 00:00:00
C100381,Returning,25-34,London,2023-08-13 00:00:00
C100382,Returning,45-54,North West,2023-11-24 00:00:00
C100383,Returning,25-34,West Midlands,2024-09-29 00:00:00
C100384,New,35-44,Yorkshire,2023-12-04 00:00:00
C100385,Returning,25-34,London,2023-12-12 00:00:00
C100386,Returning,25-34,South East,2025-01-16 00:00:00
C100387,Returning,35-44,Yorkshire,2025-02-13 00:00:00
C100388,New,45-54,London,2024-06-29 00:00:00
C100389,Returning,45-54,London,2023-11-09 00:00:00
C100390,Returning,25-34,South East,2023-07-13 00:00:00
C100391,New,35-44,London,2023-10-17 00:00:00
C100392,Returning,45-54,London,2023-12-29 00:00:00
C100393,Returning,18-24,Scotland,2025-11-05 00:00:00
C100394,New,18-24,West Midlands,2023-12-21 00:00:00
C100395,Returning,25-34,North West,2025-09-26 00:00:00
C100396,Returning,25-34,South East,2024-08-15 00:00:00
C100397,New,25-34,London,2024-05-11 00:00:00
C100398,Returning,18-24,South West,2023-10-22 00:00:00
C100399,Returning,35-44,Yorkshire,2025-04-22 00:00:00
C100400,New,35-44,Scotland,2025-07-15 00:00:00
C100401,Returning,45-54,London,2025-12-16 00:00:00
C100402,Returning,35-44,London,2025-06-21 00:00:00
C100403,New,25-34,Yorkshire,2023-04-08 00:00:00
C100404,Returning,55+,South East,2025-08-25 00:00:00
C100405,Returning,45-54,London,2024-10-28 00:00:00
C100406,New,35-44,South East,2024-07-18 00:00:00
C100407,Returning,25-34,London,2023-10-06 00:00:00
C100408,New,35-44,East of England,2024-07-11 00:00:00
C100409,Returning,35-44,East of England,2025-05-30 00:00:00
C100410,Returning,45-54,North West,2024-10-10 00:00:00
C100411,Returning,45-54,South East,2023-04-22 00:00:00
C100412,New,55+,South West,2025-04-11 00:00:00
C100413,Returning,55+,North West,2025-05-17 00:00:00
C100414,New,35-44,South West,2025-01-09 00:00:00
C100415,New,55+,North West,2023-08-09 00:00:00
C100416,New,55+,Scotland,2023-11-21 00:00:00
C100417,Returning,18-24,South East,2024-05-16 00:00:00
C100418,New,35-44,North West,2025-08-14 00:00:00
C100419,Returning,25-34,South West,2025-06-14 00:00:00
C100420,Returning,25-34,East of England,2023-04-16 00:00:00
C100421,New,25-34,Scotland,2023-03-16 00:00:00
C100422,New,35-44,West Midlands,2023-02-24 00:00:00
C100423,New,18-24,Yorkshire,2025-10-17 00:00:00
C100424,Returning,25-34,South East,2025-08-08 00:00:00
C100425,Returning,18-24,Yorkshire,2023-08-28 00:00:00
C100426,New,35-44,London,2025-10-04 00:00:00
C100427,Returning,55+,West Midlands,2024-07-04 00:00:00
C100428,New,55+,East of England,2023-12-11 00:00:00
C100429,Returning,35-44,South West,2025-03-19 00:00:00
C100430,Returning,25-34,West Midlands,2023-03-17 00:00:00
C100431,Returning,45-54,London,2023-05-16 00:00:00
C100432,Returning,18-24,West Midlands,2023-10-09 00:00:00
C100433,Returning,55+,London,2024-10-31 00:00:00
C100434,New,45-54,London,2025-07-11 00:00:00
C100435,New,35-44,East of England,2024-07-21 00:00:00
C100436,New,18-24,West Midlands,2024-04-28 00:00:00
C100437,Returning,18-24,London,2024-10-06 00:00:00
C100438,Returning,35-44,Yorkshire,2023-01-13 00:00:00
C100439,Returning,25-34,London,2024-12-29 00:00:00
C100440,Returning,45-54,West Midlands,2025-06-04 00:00:00
C100441,New,35-44,London,2024-04-07 00:00:00
C100442,Returning,35-44,London,2024-12-13 00:00:00
C100443,New,25-34,North West,2023-11-25 00:00:00
C100444,New,35-44,Yorkshire,2025-10-27 00:00:00
C100445,Returning,25-34,West Midlands,2023-07-22 00:00:00
C100446,Returning,35-44,South West,2023-06-01 00:00:00
C100447,Returning,35-44,East of England,2025-10-29 00:00:00
C100448,New,45-54,South West,2024-07-11 00:00:00
C100449,Returning,35-44,Scotland,2024-03-17 00:00:00
C100450,New,25-34,East of England,2025-06-16 00:00:00
C100451,Returning,45-54,East of England,2023-11-07 00:00:00
C100452,Returning,45-54,South East,2023-11-22 00:00:00
C100453,New,45-54,London,2023-02-27 00:00:00
C100454,New,35-44,Yorkshire,2024-07-24 00:00:00
C100455,New,55+,East of England,2025-04-06 00:00:00
C100456,Returning,25-34,South West,2025-12-20 00:00:00
C100457,Returning,25-34,Yorkshire,2024-08-03 00:00:00
C100458,Returning,45-54,South West,2023-03-24 00:00:00
C100459,Returning,25-34,Yorkshire,2023-07-30 00:00:00
C100460,Returning,45-54,Yorkshire,2023-11-06 00:00:00
C100461,New,25-34,London,2025-09-09 00:00:00
C100462,Returning,25-34,West Midlands,2024-09-30 00:00:00
C100463,New,18-24,London,2025-10-24 00:00:00
C100464,Returning,45-54,London,2025-07-17 00:00:00
C100465,Returning,45-54,North West,2025-08-26 00:00:00
C100466,Returning,25-34,London,2023-11-04 00:00:00
C100467,Returning,18-24,East of England,2024-09-09 00:00:00
C100468,New,25-34,West Midlands,2023-03-08 00:00:00
C100469,Returning,25-34,Yorkshire,2024-02-15 00:00:00
C100470,Returning,45-54,London,2023-12-11 00:00:00
C100471,Returning,25-34,East of England,2023-06-28 00:00:00
C100472,New,25-34,West Midlands,2023-03-09 00:00:00
C100473,New,18-24,North West,2024-02-19 00:00:00
C100474,New,35-44,Yorkshire,2023-03-19 00:00:00
C100475,New,45-54,North West,2024-11-04 00:00:00
C100476,Returning,35-44,North West,2023-11-02 00:00:00
C100477,Returning,35-44,South West,2023-09-07 00:00:00
C100478,Returning,55+,South West,2023-05-02 00:00:00
C100479,Returning,35-44,South East,2024-05-25 00:00:00
C100480,Returning,45-54,East of England,2023-07-05 00:00:00
C100481,New,35-44,South East,2024-09-22 00:00:00
C100482,Returning,18-24,South East,2025-12-20 00:00:00
C100483,New,45-54,South East,2025-03-15 00:00:00
C100484,New,35-44,South East,2023-05-08 00:00:00
C100485,Returning,35-44,South East,2023-04-11 00:00:00
C100486,Returning,25-34,East of England,2025-08-20 00:00:00
C100487,New,35-44,North West,2025-08-11 00:00:00
C100488,Returning,55+,Scotland,2024-02-03 00:00:00
C100489,Returning,25-34,London,2024-05-16 00:00:00
C100490,Returning,18-24,North West,2024-02-19 00:00:00
C100491,Returning,25-34,London,2024-10-02 00:00:00
C100492,Returning,35-44,West Midlands,2023-08-18 00:00:00
C100493,New,45-54,South East,2025-10-31 00:00:00
C100494,Returning,35-44,Yorkshire,2024-03-20 00:00:00
C100495,Returning,55+,South West,2023-07-04 00:00:00
C100496,Returning,35-44,London,2023-11-28 00:00:00
C100497,Returning,25-34,London,2025-08-30 00:00:00
C100498,New,25-34,West Midlands,2023-11-14 00:00:00
C100499,Returning,25-34,South East,2025-06-03 00:00:00
C100500,Returning,45-54,Yorkshire,2025-04-22 00:00:00
C100501,Returning,18-24,North West,2025-12-29 00:00:00
C100502,Returning,25-34,South West,2023-06-18 00:00:00
C100503,Returning,55+,Scotland,2024-03-08 00:00:00
C100504,Returning,35-44,South East,2025-07-14 00:00:00
C100505,Returning,18-24,East of England,2023-05-20 00:00:00
C100506,New,45-54,South West,2023-02-07 00:00:00
C100507,Returning,35-44,London,2023-01-16 00:00:00
C100508,Returning,45-54,East of England,2023-04-01 00:00:00
C100509,New,45-54,West Midlands,2025-05-21 00:00:00
C100510,New,18-24,Yorkshire,2024-01-19 00:00:00
C100511,Returning,25-34,Yorkshire,2023-05-31 00:00:00
C100512,New,25-34,East of England,2025-02-13 00:00:00
C100513,New,45-54,South West,2023-12-03 00:00:00
C100514,New,35-44,South West,2023-06-02 00:00:00
C100515,New,45-54,South East,2025-12-22 00:00:00
C100516,New,35-44,Scotland,2024-10-04 00:00:00
C100517,Returning,25-34,Yorkshire,2024-05-01 00:00:00
C100518,New,18-24,South West,2025-10-10 00:00:00
C100519,Returning,25-34,East of England,2023-09-12 00:00:00
C100520,Returning,25-34,London,2024-10-10 00:00:00
C100521,New,35-44,South East,2025-04-08 00:00:00
C100522,New,55+,East of England,2023-01-07 00:00:00
C100523,Returning,25-34,East of England,2023-10-26 00:00:00
C100524,New,35-44,South West,2023-04-16 00:00:00
C100525,New,25-34,West Midlands,2024-08-07 00:00:00
C100526,Returning,45-54,South East,2025-01-18 00:00:00
C100527,Returning,18-24,North West,2023-06-23 00:00:00
C100528,Returning,35-44,West Midlands,2023-06-06 00:00:00
C100529,New,25-34,East of England,2024-05-21 00:00:00
C100530,Returning,25-34,North West,2024-03-12 00:00:00
C100531,Returning,35-44,West Midlands,2023-04-30 00:00:00
C100532,Returning,25-34,West Midlands,2025-01-19 00:00:00
C100533,Returning,35-44,Scotland,2025-04-30 00:00:00
C100534,New,25-34,North West,2024-04-16 00:00:00
C100535,New,55+,London,2024-02-06 00:00:00
C100536,Returning,25-34,West Midlands,2023-06-26 00:00:00
C100537,New,35-44,West Midlands,2023-12-17 00:00:00
C100538,New,45-54,South East,2024-07-11 00:00:00
C100539,Returning,35-44,Yorkshire,2025-12-29 00:00:00
C100540,Returning,25-34,South East,2023-07-24 00:00:00
C100541,Returning,35-44,West Midlands,2025-07-01 00:00:00
C100542,Returning,18-24,West Midlands,2024-07-06 00:00:00
C100543,Returning,35-44,West Midlands,2024-09-01 00:00:00
C100544,New,35-44,North West,2023-11-27 00:00:00
C100545,Returning,45-54,Yorkshire,2025-11-04 00:00:00
C100546,Returning,45-54,London,2023-03-12 00:00:00
C100547,New,25-34,South East,2023-08-21 00:00:00
C100548,Returning,18-24,South West,2023-12-15 00:00:00
C100549,Returning,25-34,East of England,2024-09-22 00:00:00
C100550,Returning,35-44,London,2024-04-10 00:00:00
C100551,New,25-34,London,2025-10-18 00:00:00
C100552,New,35-44,Scotland,2023-07-23 00:00:00
C100553,Returning,35-44,London,2024-09-18 00:00:00
C100554,New,55+,Scotland,2024-06-16 00:00:00
C100555,New,25-34,South West,2023-12-05 00:00:00
C100556,New,18-24,London,2023-01-26 00:00:00
C100557,Returning,25-34,London,2025-06-11 00:00:00
C100558,Returning,35-44,Scotland,2023-08-09 00:00:00
C100559,Returning,25-34,South East,2023-06-02 00:00:00
C100560,New,25-34,North West,2024-09-19 00:00:00
C100561,New,25-34,London,2023-06-17 00:00:00
C100562,Returning,45-54,North West,2024-12-04 00:00:00
C100563,Returning,55+,East of England,2025-03-15 00:00:00
C100564,Returning,25-34,Yorkshire,2023-09-10 00:00:00
C100565,Returning,25-34,London,2023-03-18 00:00:00
C100566,Returning,25-34,North West,2023-04-17 00:00:00
C100567,New,25-34,Yorkshire,2023-02-25 00:00:00
C100568,New,55+,London,2024-06-16 00:00:00
C100569,Returning,35-44,South West,2024-02-21 00:00:00
C100570,New,35-44,North West,2025-05-05 00:00:00
C100571,Returning,55+,London,2024-03-13 00:00:00
C100572,Returning,35-44,Scotland,2024-12-17 00:00:00
C100573,Returning,25-34,West Midlands,2024-05-31 00:00:00
C100574,Returning,35-44,London,2024-04-15 00:00:00
C100575,Returning,25-34,London,2025-03-25 00:00:00
C100576,Returning,25-34,South East,2024-07-13 00:00:00
C100577,Returning,55+,South East,2024-09-17 00:00:00
C100578,Returning,25-34,South East,2024-05-10 00:00:00
C100579,New,35-44,South West,2025-02-23 00:00:00
C100580,Returning,25-34,Yorkshire,2023-12-02 00:00:00
C100581,Returning,25-34,London,2023-02-24 00:00:00
C100582,New,35-44,Yorkshire,2024-04-10 00:00:00
C100583,Returning,45-54,Yorkshire,2023-12-14 00:00:00
C100584,Returning,35-44,North West,2025-09-13 00:00:00
C100585,Returning,25-34,Scotland,2025-11-29 00:00:00
C100586,New,18-24,South East,2023-08-28 00:00:00
C100587,New,35-44,London,2024-04-15 00:00:00
C100588,New,35-44,London,2024-04-20 00:00:00
C100589,New,45-54,South East,2023-09-02 00:00:00
C100590,Returning,35-44,West Midlands,2023-01-11 00:00:00
C100591,Returning,55+,London,2025-12-27 00:00:00
C100592,New,45-54,North West,2024-12-18 00:00:00
C100593,Returning,25-34,East of England,2024-03-28 00:00:00
C100594,New,35-44,South West,2023-07-22 00:00:00
C100595,New,45-54,Yorkshire,2024-06-10 00:00:00
C100596,Returning,55+,Yorkshire,2023-10-27 00:00:00
C100597,Returning,25-34,Yorkshire,2023-09-04 00:00:00
C100598,Returning,35-44,West Midlands,2025-11-19 00:00:00
C100599,Returning,25-34,West Midlands,2024-12-22 00:00:00
C100600,Returning,45-54,South East,2023-12-06 00:00:00
C100601,Returning,55+,London,2023-08-16 00:00:00
C100602,Returning,55+,North West,2025-04-25 00:00:00
C100603,Returning,25-34,West Midlands,2024-11-01 00:00:00
C100604,Returning,25-34,London,2025-07-29 00:00:00
C100605,Returning,45-54,South East,2025-04-13 00:00:00
C100606,Returning,35-44,South West,2024-03-18 00:00:00
C100607,New,55+,South East,2024-12-18 00:00:00
C100608,Returning,25-34,West Midlands,2024-02-23 00:00:00
C100609,Returning,45-54,London,2023-04-10 00:00:00
C100610,Returning,45-54,London,2023-02-05 00:00:00
C100611,Returning,25-34,South West,2023-03-29 00:00:00
C100612,Returning,25-34,London,2025-10-08 00:00:00
C100613,Returning,45-54,South East,2025-07-15 00:00:00
C100614,New,25-34,Scotland,2024-03-06 00:00:00
C100615,Returning,45-54,West Midlands,2025-09-22 00:00:00
C100616,Returning,35-44,North West,2025-03-22 00:00:00
C100617,New,35-44,Yorkshire,2023-05-30 00:00:00
C100618,New,25-34,London,2023-09-06 00:00:00
C100619,New,55+,South East,2024-02-18 00:00:00
C100620,Returning,45-54,West Midlands,2025-06-04 00:00:00
C100621,Returning,45-54,London,2024-12-20 00:00:00
C100622,Returning,45-54,London,2024-03-08 00:00:00
C100623,Returning,35-44,North West,2025-07-08 00:00:00
C100624,Returning,55+,London,2023-12-24 00:00:00
C100625,Returning,35-44,London,2025-09-26 00:00:00
C100626,Returning,35-44,North West,2025-03-04 00:00:00
C100627,New,25-34,West Midlands,2025-02-07 00:00:00
C100628,Returning,25-34,North West,2023-04-07 00:00:00
C100629,Returning,45-54,London,2023-06-12 00:00:00
C100630,Returning,25-34,Yorkshire,2025-12-17 00:00:00
C100631,Returning,45-54,East of England,2025-04-25 00:00:00
C100632,New,55+,North West,2023-10-10 00:00:00
C100633,New,35-44,East of England,2025-08-02 00:00:00
C100634,New,18-24,West Midlands,2023-12-05 00:00:00
C100635,New,35-44,London,2024-01-22 00:00:00
C100636,Returning,18-24,South East,2023-12-01 00:00:00
C100637,Returning,45-54,West Midlands,2024-06-27 00:00:00
C100638,Returning,35-44,East of England,2025-04-17 00:00:00
C100639,Returning,35-44,South East,2023-07-03 00:00:00
C100640,Returning,35-44,South East,2025-11-30 00:00:00
C100641,Returning,35-44,East of England,2023-12-01 00:00:00
C100642,New,25-34,South East,2025-12-01 00:00:00
C100643,New,25-34,Yorkshire,2025-08-14 00:00:00
C100644,Returning,25-34,South East,2024-08-25 00:00:00
C100645,Returning,55+,Scotland,2023-04-08 00:00:00
C100646,New,25-34,London,2024-09-23 00:00:00
C100647,Returning,25-34,Yorkshire,2025-04-18 00:00:00
C100648,Returning,25-34,North West,2025-12-16 00:00:00
C100649,New,25-34,Scotland,2023-04-18 00:00:00
C100650,Returning,25-34,Scotland,2025-03-30 00:00:00
C100651,Returning,45-54,South West,2023-11-18 00:00:00
C100652,Returning,18-24,London,2025-04-04 00:00:00
C100653,New,35-44,West Midlands,2024-10-02 00:00:00
C100654,Returning,25-34,East of England,2025-08-11 00:00:00
C100655,New,35-44,North West,2023-01-04 00:00:00
C100656,Returning,25-34,East of England,2024-07-09 00:00:00
C100657,New,45-54,South West,2025-01-12 00:00:00
C100658,Returning,55+,South East,2024-02-22 00:00:00
C100659,Returning,25-34,London,2023-12-14 00:00:00
C100660,New,55+,South East,2023-12-27 00:00:00
C100661,Returning,25-34,Yorkshire,2025-04-03 00:00:00
C100662,New,35-44,West Midlands,2023-08-17 00:00:00
C100663,New,45-54,London,2025-12-08 00:00:00
C100664,New,25-34,South West,2023-08-19 00:00:00
C100665,Returning,35-44,London,2024-04-03 00:00:00
C100666,Returning,18-24,West Midlands,2025-12-28 00:00:00
C100667,Returning,45-54,West Midlands,2023-02-02 00:00:00
C100668,New,25-34,West Midlands,2024-01-06 00:00:00
C100669,Returning,55+,London,2025-07-22 00:00:00
C100670,New,25-34,South West,2023-12-14 00:00:00
C100671,Returning,55+,East of England,2023-10-30 00:00:00
C100672,Returning,25-34,Yorkshire,2023-01-02 00:00:00
C100673,Returning,35-44,Scotland,2023-06-13 00:00:00
C100674,Returning,25-34,South East,2023-08-04 00:00:00
C100675,Returning,25-34,London,2025-08-25 00:00:00
C100676,Returning,18-24,London,2024-08-23 00:00:00
C100677,Returning,35-44,Yorkshire,2023-09-13 00:00:00
C100678,New,25-34,London,2025-06-09 00:00:00
C100679,New,35-44,Scotland,2024-10-27 00:00:00
C100680,New,55+,North West,2023-12-14 00:00:00
C100681,New,25-34,South West,2023-10-07 00:00:00
C100682,New,18-24,West Midlands,2023-08-31 00:00:00
C100683,Returning,25-34,Yorkshire,2025-02-22 00:00:00
C100684,Returning,18-24,West Midlands,2025-02-26 00:00:00
C100685,New,35-44,North West,2024-12-14 00:00:00
C100686,Returning,45-54,South West,2024-05-07 00:00:00
C100687,Returning,25-34,London,2024-07-14 00:00:00
C100688,Returning,25-34,East of England,2025-09-14 00:00:00
C100689,Returning,35-44,Yorkshire,2024-09-02 00:00:00
C100690,New,25-34,South West,2024-11-06 00:00:00
C100691,Returning,35-44,London,2023-09-07 00:00:00
C100692,New,55+,London,2024-05-15 00:00:00
C100693,New,25-34,London,2023-01-25 00:00:00
C100694,Returning,35-44,Yorkshire,2024-05-22 00:00:00
C100695,Returning,45-54,London,2025-05-30 00:00:00
C100696,Returning,45-54,Scotland,2025-01-07 00:00:00
C100697,Returning,45-54,Scotland,2025-09-05 00:00:00
C100698,Returning,45-54,London,2024-01-10 00:00:00
C100699,New,35-44,Yorkshire,2025-05-05 00:00:00
C100700,New,35-44,South East,2025-03-16 00:00:00
C100701,New,45-54,South East,2025-02-17 00:00:00
C100702,New,45-54,South East,2025-05-29 00:00:00
C100703,Returning,35-44,East of England,2024-06-03 00:00:00
C100704,New,25-34,East of England,2024-01-11 00:00:00
C100705,Returning,45-54,London,2024-10-04 00:00:00
C100706,Returning,25-34,South East,2024-02-27 00:00:00
C100707,Returning,25-34,West Midlands,2025-01-30 00:00:00
C100708,Returning,25-34,North West,2025-08-10 00:00:00
C100709,Returning,25-34,London,2023-01-29 00:00:00
C100710,Returning,35-44,East of England,2024-11-13 00:00:00
C100711,Returning,25-34,Scotland,2024-04-11 00:00:00
C100712,Returning,35-44,West Midlands,2023-04-26 00:00:00
C100713,Returning,35-44,East of England,2023-09-05 00:00:00
C100714,Returning,25-34,Yorkshire,2025-06-27 00:00:00
C100715,New,25-34,North West,2024-02-05 00:00:00
C100716,Returning,35-44,South West,2023-04-07 00:00:00
C100717,New,45-54,West Midlands,2025-04-04 00:00:00
C100718,Returning,25-34,North West,2023-09-18 00:00:00
C100719,Returning,25-34,South East,2024-02-04 00:00:00
C100720,Returning,25-34,Yorkshire,2023-08-04 00:00:00
C100721,Returning,18-24,London,2025-03-24 00:00:00
C100722,New,18-24,South East,2025-10-07 00:00:00
C100723,Returning,55+,West Midlands,2025-12-05 00:00:00
C100724,New,18-24,South East,2023-03-24 00:00:00
C100725,New,25-34,London,2025-10-12 00:00:00
C100726,New,55+,London,2024-11-29 00:00:00
C100727,New,35-44,East of England,2025-06-29 00:00:00
C100728,Returning,35-44,North West,2023-03-24 00:00:00
C100729,Returning,35-44,South East,2025-07-27 00:00:00
C100730,New,55+,East of England,2023-12-27 00:00:00
C100731,New,18-24,South West,2024-03-09 00:00:00
C100732,New,25-34,London,2025-09-12 00:00:00
C100733,Returning,45-54,North West,2025-03-15 00:00:00
C100734,New,45-54,South East,2024-07-17 00:00:00
C100735,Returning,55+,North West,2025-01-03 00:00:00
C100736,New,25-34,Yorkshire,2024-01-27 00:00:00
C100737,New,55+,London,2025-12-17 00:00:00
C100738,Returning,25-34,North West,2023-03-18 00:00:00
C100739,Returning,45-54,South East,2024-09-24 00:00:00
C100740,New,55+,North West,2023-02-18 00:00:00
C100741,New,25-34,London,2024-04-17 00:00:00
C100742,Returning,25-34,South West,2024-07-13 00:00:00
C100743,New,35-44,North West,2025-07-09 00:00:00
C100744,Returning,45-54,London,2025-10-29 00:00:00
C100745,Returning,18-24,South West,2025-04-04 00:00:00
C100746,New,45-54,London,2025-11-26 00:00:00
C100747,Returning,25-34,North West,2023-05-18 00:00:00
C100748,Returning,25-34,West Midlands,2024-08-01 00:00:00
C100749,Returning,25-34,London,2024-10-17 00:00:00
C100750,New,55+,South East,2023-03-27 00:00:00
C100751,New,25-34,London,2024-10-13 00:00:00
C100752,New,35-44,Yorkshire,2023-02-16 00:00:00
C100753,Returning,25-34,Yorkshire,2024-11-25 00:00:00
C100754,Returning,55+,London,2023-09-01 00:00:00
C100755,New,45-54,London,2025-11-01 00:00:00
C100756,New,25-34,East of England,2023-12-26 00:00:00
C100757,Returning,25-34,London,2024-10-24 00:00:00
C100758,New,25-34,South East,2024-11-01 00:00:00
C100759,Returning,25-34,Yorkshire,2025-08-15 00:00:00
C100760,Returning,45-54,London,2024-01-06 00:00:00
C100761,New,35-44,Scotland,2024-01-30 00:00:00
C100762,New,25-34,London,2025-01-21 00:00:00
C100763,New,45-54,East of England,2023-03-05 00:00:00
C100764,Returning,35-44,South East,2024-09-01 00:00:00
C100765,New,25-34,London,2024-02-17 00:00:00
C100766,New,18-24,South East,2025-12-11 00:00:00
C100767,New,25-34,Scotland,2024-08-08 00:00:00
C100768,New,35-44,North West,2025-04-28 00:00:00
C100769,Returning,25-34,London,2025-07-05 00:00:00
C100770,New,35-44,Scotland,2023-06-11 00:00:00
C100771,Returning,25-34,London,2024-11-26 00:00:00
C100772,Returning,45-54,London,2025-01-17 00:00:00
C100773,Returning,18-24,London,2024-05-01 00:00:00
C100774,New,35-44,South West,2023-08-07 00:00:00
C100775,Returning,18-24,London,2024-05-23 00:00:00
C100776,Returning,25-34,London,2023-02-26 00:00:00
C100777,New,18-24,Scotland,2026-01-01 00:00:00
C100778,Returning,35-44,North West,2023-04-08 00:00:00
C100779,Returning,45-54,South East,2023-06-05 00:00:00
C100780,New,18-24,North West,2023-05-31 00:00:00
C100781,Returning,45-54,South East,2023-08-15 00:00:00
C100782,Returning,35-44,West Midlands,2023-07-22 00:00:00
C100783,Returning,35-44,South East,2024-11-18 00:00:00
C100784,Returning,35-44,North West,2023-05-03 00:00:00
C100785,New,25-34,South West,2025-02-10 00:00:00
C100786,Returning,45-54,South East,2024-03-24 00:00:00
C100787,New,45-54,London,2024-03-10 00:00:00
C100788,Returning,45-54,South East,2024-07-14 00:00:00
C100789,Returning,25-34,South West,2023-02-05 00:00:00
C100790,New,35-44,South West,2024-07-04 00:00:00
C100791,Returning,25-34,South West,2024-07-28 00:00:00
C100792,New,35-44,Scotland,2025-04-03 00:00:00
C100793,New,18-24,South West,2023-06-08 00:00:00
C100794,New,25-34,Scotland,2023-02-26 00:00:00
C100795,New,35-44,North West,2023-03-03 00:00:00
C100796,New,55+,London,2025-11-20 00:00:00
C100797,New,18-24,North West,2024-01-15 00:00:00
C100798,Returning,35-44,London,2023-09-17 00:00:00
C100799,Returning,35-44,London,2023-05-30 00:00:00
C100800,Returning,55+,South East,2023-10-09 00:00:00
C100801,New,35-44,South East,2024-04-27 00:00:00
C100802,Returning,18-24,Yorkshire,2025-12-02 00:00:00
C100803,Returning,25-34,South East,2025-04-17 00:00:00
C100804,New,35-44,London,2025-07-25 00:00:00
C100805,New,25-34,East of England,2023-02-21 00:00:00
C100806,Returning,55+,North West,2024-09-23 00:00:00
C100807,New,55+,London,2024-07-03 00:00:00
C100808,Returning,55+,South East,2023-08-03 00:00:00
C100809,Returning,25-34,London,2024-06-30 00:00:00
C100810,New,45-54,East of England,2024-10-04 00:00:00
C100811,New,35-44,London,2023-01-02 00:00:00
C100812,Returning,18-24,Scotland,2025-12-15 00:00:00
C100813,Returning,25-34,South East,2025-03-23 00:00:00
C100814,New,25-34,South West,2025-10-15 00:00:00
C100815,Returning,25-34,London,2023-04-09 00:00:00
C100816,Returning,55+,West Midlands,2023-03-08 00:00:00
C100817,Returning,45-54,South East,2025-10-22 00:00:00
C100818,Returning,25-34,South East,2025-10-23 00:00:00
C100819,New,35-44,Scotland,2024-12-04 00:00:00
C100820,New,25-34,Yorkshire,2023-08-09 00:00:00
C100821,Returning,25-34,South East,2023-11-13 00:00:00
C100822,New,18-24,South West,2025-05-23 00:00:00
C100823,Returning,35-44,London,2025-10-14 00:00:00
C100824,Returning,35-44,East of England,2025-01-08 00:00:00
C100825,New,45-54,West Midlands,2024-03-16 00:00:00
C100826,Returning,55+,London,2025-06-22 00:00:00
C100827,New,25-34,South East,2023-10-14 00:00:00
C100828,Returning,45-54,London,2023-05-23 00:00:00
C100829,New,25-34,Scotland,2024-02-27 00:00:00
C100830,Returning,25-34,South East,2024-05-29 00:00:00
C100831,Returning,35-44,London,2024-11-03 00:00:00
C100832,Returning,18-24,South West,2025-01-27 00:00:00
C100833,Returning,25-34,London,2025-03-06 00:00:00
C100834,Returning,25-34,London,2023-08-13 00:00:00
C100835,Returning,25-34,Yorkshire,2024-12-29 00:00:00
C100836,Returning,55+,London,2023-02-19 00:00:00
C100837,Returning,25-34,East of England,2025-10-10 00:00:00
C100838,Returning,35-44,North West,2024-05-01 00:00:00
C100839,Returning,55+,South East,2025-11-17 00:00:00
C100840,New,35-44,West Midlands,2025-08-12 00:00:00
C100841,Returning,25-34,South East,2023-08-05 00:00:00
C100842,Returning,55+,North West,2023-05-03 00:00:00
C100843,Returning,25-34,North West,2025-09-30 00:00:00
C100844,New,25-34,South West,2024-06-24 00:00:00
C100845,Returning,35-44,West Midlands,2023-04-28 00:00:00
C100846,Returning,25-34,South West,2024-10-31 00:00:00
C100847,Returning,45-54,London,2025-11-18 00:00:00
C100848,New,18-24,East of England,2024-10-23 00:00:00
C100849,Returning,35-44,London,2023-10-13 00:00:00
C100850,New,45-54,East of England,2024-01-06 00:00:00
C100851,New,55+,West Midlands,2023-10-20 00:00:00
C100852,Returning,25-34,London,2024-08-15 00:00:00
C100853,Returning,25-34,South East,2024-04-08 00:00:00
C100854,New,55+,East of England,2024-01-13 00:00:00
C100855,Returning,35-44,East of England,2023-07-19 00:00:00
C100856,Returning,18-24,Yorkshire,2023-02-01 00:00:00
C100857,Returning,18-24,South East,2025-06-29 00:00:00
C100858,New,45-54,North West,2025-06-02 00:00:00
C100859,Returning,35-44,London,2023-05-18 00:00:00
C100860,Returning,35-44,Yorkshire,2023-09-08 00:00:00
C100861,Returning,55+,South East,2024-04-28 00:00:00
C100862,Returning,25-34,South West,2024-10-17 00:00:00
C100863,Returning,25-34,Yorkshire,2025-09-24 00:00:00
C100864,New,35-44,South East,2025-02-05 00:00:00
C100865,Returning,55+,Yorkshire,2024-11-29 00:00:00
C100866,Returning,25-34,South East,2025-03-29 00:00:00
C100867,Returning,45-54,London,2024-10-29 00:00:00
C100868,New,25-34,London,2025-10-19 00:00:00
C100869,New,25-34,South East,2025-12-30 00:00:00
C100870,Returning,55+,London,2024-05-11 00:00:00
C100871,New,18-24,Yorkshire,2023-01-25 00:00:00
C100872,Returning,18-24,Yorkshire,2025-12-29 00:00:00
C100873,New,45-54,West Midlands,2023-12-18 00:00:00
C100874,Returning,25-34,Scotland,2023-10-22 00:00:00
C100875,Returning,25-34,East of England,2023-05-18 00:00:00
C100876,Returning,45-54,London,2025-04-18 00:00:00
C100877,New,25-34,West Midlands,2023-07-23 00:00:00
C100878,Returning,35-44,East of England,2025-11-26 00:00:00
C100879,Returning,25-34,London,2023-08-26 00:00:00
C100880,Returning,18-24,South East,2023-03-21 00:00:00
C100881,Returning,45-54,Scotland,2024-11-20 00:00:00
C100882,Returning,25-34,South West,2023-08-15 00:00:00
C100883,Returning,45-54,East of England,2023-10-27 00:00:00
C100884,New,55+,East of England,2023-04-26 00:00:00
C100885,New,45-54,London,2024-12-31 00:00:00
C100886,Returning,25-34,Yorkshire,2023-08-31 00:00:00
C100887,New,25-34,South West,2025-03-22 00:00:00
C100888,New,55+,London,2023-10-13 00:00:00
C100889,Returning,35-44,London,2024-03-18 00:00:00
C100890,New,45-54,London,2024-06-25 00:00:00
C100891,Returning,45-54,South West,2024-08-12 00:00:00
C100892,New,25-34,Yorkshire,2025-06-29 00:00:00
C100893,New,18-24,East of England,2023-05-26 00:00:00
C100894,Returning,35-44,South East,2023-09-08 00:00:00
C100895,Returning,35-44,North West,2025-04-07 00:00:00
C100896,New,25-34,London,2025-07-30 00:00:00
C100897,New,35-44,Scotland,2024-04-06 00:00:00
C100898,New,45-54,North West,2023-01-07 00:00:00
C100899,Returning,25-34,South West,2025-07-07 00:00:00
C100900,Returning,25-34,South East,2024-11-03 00:00:00
C100901,New,45-54,London,2024-08-01 00:00:00
C100902,New,45-54,London,2024-03-04 00:00:00
C100903,Returning,55+,South West,2025-02-05 00:00:00
C100904,Returning,25-34,London,2023-11-14 00:00:00
C100905,Returning,55+,South West,2024-01-30 00:00:00
C100906,Returning,45-54,South East,2025-04-25 00:00:00
C100907,New,45-54,North West,2024-02-13 00:00:00
C100908,New,25-34,South East,2025-11-07 00:00:00
C100909,New,18-24,London,2024-04-25 00:00:00
C100910,Returning,35-44,North West,2024-09-10 00:00:00
C100911,Returning,25-34,South East,2024-11-30 00:00:00
C100912,Returning,25-34,West Midlands,2025-02-07 00:00:00
C100913,Returning,55+,North West,2024-07-11 00:00:00
C100914,Returning,25-34,South East,2024-02-04 00:00:00
C100915,Returning,55+,North West,2025-06-03 00:00:00
C100916,New,35-44,Yorkshire,2025-02-26 00:00:00
C100917,New,45-54,London,2023-03-02 00:00:00
C100918,New,25-34,South East,2024-11-18 00:00:00
C100919,Returning,35-44,London,2025-09-17 00:00:00
C100920,New,35-44,London,2024-09-07 00:00:00
C100921,Returning,55+,London,2025-10-15 00:00:00
C100922,Returning,25-34,North West,2024-03-05 00:00:00
C100923,Returning,25-34,London,2023-09-26 00:00:00
C100924,New,55+,East of England,2024-07-02 00:00:00
C100925,New,18-24,South West,2023-04-21 00:00:00
C100926,New,35-44,London,2023-03-13 00:00:00
C100927,Returning,18-24,North West,2024-09-21 00:00:00
C100928,Returning,18-24,London,2023-02-02 00:00:00
C100929,Returning,35-44,London,2023-03-12 00:00:00
C100930,New,35-44,Scotland,2024-05-15 00:00:00
C100931,New,35-44,West Midlands,2023-09-10 00:00:00
C100932,Returning,35-44,London,2023-07-17 00:00:00
C100933,Returning,45-54,East of England,2024-07-12 00:00:00
C100934,Returning,55+,East of England,2023-12-27 00:00:00
C100935,New,25-34,North West,2024-11-06 00:00:00
C100936,Returning,25-34,Yorkshire,2024-04-13 00:00:00
C100937,New,25-34,South West,2023-08-02 00:00:00
C100938,Returning,45-54,Yorkshire,2025-02-13 00:00:00
C100939,New,25-34,West Midlands,2025-10-23 00:00:00
C100940,New,35-44,East of England,2025-03-10 00:00:00
C100941,Returning,35-44,North West,2023-07-19 00:00:00
C100942,New,35-44,South East,2024-09-05 00:00:00
C100943,Returning,45-54,London,2023-06-19 00:00:00
C100944,Returning,35-44,South East,2023-01-29 00:00:00
C100945,New,35-44,London,2023-06-28 00:00:00
C100946,Returning,25-34,London,2025-06-09 00:00:00
C100947,Returning,35-44,West Midlands,2025-10-19 00:00:00
C100948,Returning,25-34,Scotland,2024-10-18 00:00:00
C100949,New,45-54,London,2025-08-24 00:00:00
C100950,Returning,25-34,South East,2024-03-26 00:00:00
C100951,New,25-34,East of England,2023-02-06 00:00:00
C100952,New,25-34,West Midlands,2025-09-21 00:00:00
C100953,New,35-44,South West,2025-03-10 00:00:00
C100954,Returning,55+,North West,2024-12-25 00:00:00
C100955,Returning,25-34,North West,2023-03-22 00:00:00
C100956,Returning,25-34,London,2025-11-24 00:00:00
C100957,Returning,25-34,South East,2023-03-24 00:00:00
C100958,Returning,55+,North West,2023-01-18 00:00:00
C100959,Returning,45-54,London,2023-03-25 00:00:00
C100960,Returning,25-34,London,2025-11-01 00:00:00
C100961,Returning,35-44,South East,2025-07-01 00:00:00
C100962,New,45-54,Yorkshire,2023-05-05 00:00:00
C100963,New,45-54,West Midlands,2024-04-15 00:00:00
C100964,Returning,35-44,Yorkshire,2024-08-04 00:00:00
C100965,Returning,45-54,Yorkshire,2024-09-04 00:00:00
C100966,Returning,35-44,London,2023-08-11 00:00:00
C100967,New,25-34,East of England,2023-02-03 00:00:00
C100968,Returning,18-24,South West,2023-02-04 00:00:00
C100969,New,25-34,South East,2025-09-17 00:00:00
C100970,New,18-24,West Midlands,2024-11-14 00:00:00
C100971,New,25-34,South East,2025-12-16 00:00:00
C100972,New,45-54,East of England,2025-08-04 00:00:00
C100973,Returning,45-54,South East,2023-09-16 00:00:00
C100974,New,18-24,West Midlands,2023-04-09 00:00:00
C100975,Returning,18-24,East of England,2024-12-23 00:00:00
C100976,Returning,35-44,North West,2023-09-05 00:00:00
C100977,Returning,35-44,London,2025-01-16 00:00:00
C100978,Returning,25-34,North West,2025-11-30 00:00:00
C100979,New,45-54,South West,2025-11-28 00:00:00
C100980,Returning,25-34,South East,2023-10-04 00:00:00
C100981,Returning,18-24,North West,2024-06-16 00:00:00
C100982,Returning,45-54,North West,2025-02-16 00:00:00
C100983,Returning,35-44,North West,2023-09-19 00:00:00
C100984,New,25-34,Scotland,2024-09-11 00:00:00
C100985,Returning,45-54,West Midlands,2024-02-01 00:00:00
C100986,New,55+,Yorkshire,2024-09-23 00:00:00
C100987,New,18-24,South West,2024-12-04 00:00:00
C100988,New,35-44,London,2025-08-22 00:00:00
C100989,Returning,25-34,London,2024-06-03 00:00:00
C100990,Returning,35-44,Scotland,2023-11-12 00:00:00
C100991,Returning,25-34,Yorkshire,2023-03-29 00:00:00
C100992,Returning,25-34,West Midlands,2025-02-08 00:00:00
C100993,New,25-34,London,2025-06-07 00:00:00
C100994,Returning,45-54,London,2024-03-27 00:00:00
C100995,Returning,25-34,London,2025-08-08 00:00:00
C100996,Returning,55+,West Midlands,2024-06-05 00:00:00
C100997,New,25-34,North West,2024-06-10 00:00:00
C100998,Returning,45-54,London,2023-02-21 00:00:00
C100999,New,35-44,North West,2024-07-29 00:00:00
C101000,New,25-34,Scotland,2024-10-16 00:00:00
C101001,Returning,45-54,Scotland,2024-06-24 00:00:00
C101002,New,45-54,East of England,2024-08-14 00:00:00
C101003,New,35-44,West Midlands,2024-08-05 00:00:00
C101004,Returning,25-34,North West,2025-02-08 00:00:00
C101005,Returning,35-44,West Midlands,2023-04-23 00:00:00
C101006,Returning,35-44,London,2024-08-06 00:00:00
C101007,New,25-34,East of England,2024-04-21 00:00:00
C101008,Returning,45-54,Yorkshire,2024-01-17 00:00:00
C101009,Returning,25-34,North West,2024-05-07 00:00:00
C101010,Returning,35-44,London,2025-01-17 00:00:00
C101011,Returning,35-44,London,2026-01-02 00:00:00
C101012,Returning,55+,East of England,2023-09-01 00:00:00
C101013,Returning,25-34,London,2023-02-23 00:00:00
C101014,New,25-34,London,2024-01-20 00:00:00
C101015,New,25-34,North West,2023-12-10 00:00:00
C101016,Returning,45-54,Yorkshire,2023-03-18 00:00:00
C101017,Returning,35-44,London,2024-06-29 00:00:00
C101018,New,25-34,London,2024-07-23 00:00:00
C101019,Returning,25-34,South West,2025-07-20 00:00:00
C101020,Returning,55+,East of England,2025-02-07 00:00:00
C101021,Returning,35-44,West Midlands,2024-05-22 00:00:00
C101022,Returning,35-44,South West,2024-12-24 00:00:00
C101023,Returning,18-24,South East,2023-11-17 00:00:00
C101024,Returning,18-24,Yorkshire,2023-06-22 00:00:00
C101025,New,18-24,North West,2024-08-11 00:00:00
C101026,Returning,25-34,East of England,2024-06-30 00:00:00
C101027,New,35-44,South West,2023-11-23 00:00:00
C101028,Returning,25-34,South East,2025-09-16 00:00:00
C101029,Returning,25-34,London,2024-08-26 00:00:00
C101030,Returning,18-24,South West,2024-09-16 00:00:00
C101031,Returning,25-34,London,2025-01-28 00:00:00
C101032,Returning,18-24,Yorkshire,2023-11-16 00:00:00
C101033,Returning,25-34,West Midlands,2024-08-06 00:00:00
C101034,Returning,18-24,London,2025-09-13 00:00:00
C101035,Returning,45-54,Yorkshire,2024-11-01 00:00:00
C101036,New,55+,West Midlands,2025-07-26 00:00:00
C101037,Returning,35-44,East of England,2023-02-12 00:00:00
C101038,Returning,18-24,London,2025-03-03 00:00:00
C101039,New,55+,London,2024-12-25 00:00:00
C101040,New,55+,London,2025-09-14 00:00:00
C101041,Returning,35-44,South East,2025-12-02 00:00:00
C101042,Returning,18-24,Yorkshire,2023-06-03 00:00:00
C101043,Returning,45-54,South East,2024-06-24 00:00:00
C101044,New,55+,London,2025-10-22 00:00:00
C101045,New,45-54,Scotland,2025-06-01 00:00:00
C101046,New,35-44,London,2023-04-22 00:00:00
C101047,Returning,35-44,South East,2024-08-26 00:00:00
C101048,Returning,55+,East of England,2024-01-19 00:00:00
C101049,New,18-24,Yorkshire,2025-02-13 00:00:00
C101050,Returning,25-34,South East,2024-07-17 00:00:00
C101051,New,45-54,Scotland,2023-12-07 00:00:00
C101052,New,25-34,West Midlands,2024-04-04 00:00:00
C101053,New,25-34,London,2025-11-29 00:00:00
C101054,New,25-34,London,2024-02-07 00:00:00
C101055,Returning,25-34,Scotland,2023-08-25 00:00:00
C101056,Returning,18-24,South East,2023-05-04 00:00:00
C101057,New,35-44,South West,2023-06-25 00:00:00
C101058,Returning,25-34,London,2023-02-28 00:00:00
C101059,Returning,35-44,London,2023-02-20 00:00:00
C101060,Returning,25-34,East of England,2024-08-09 00:00:00
C101061,Returning,55+,Scotland,2024-08-18 00:00:00
C101062,New,35-44,London,2025-05-25 00:00:00
C101063,Returning,55+,London,2024-11-11 00:00:00
C101064,New,25-34,Yorkshire,2023-07-30 00:00:00
C101065,Returning,18-24,North West,2024-12-15 00:00:00
C101066,Returning,45-54,West Midlands,2024-05-02 00:00:00
C101067,Returning,45-54,London,2023-07-09 00:00:00
C101068,New,18-24,Scotland,2024-12-16 00:00:00
C101069,Returning,35-44,London,2024-12-17 00:00:00
C101070,Returning,35-44,South East,2024-04-10 00:00:00
C101071,Returning,25-34,South East,2023-07-01 00:00:00
C101072,Returning,35-44,London,2023-02-02 00:00:00
C101073,Returning,25-34,North West,2025-04-10 00:00:00
C101074,Returning,18-24,South East,2023-06-21 00:00:00
C101075,New,45-54,North West,2023-10-30 00:00:00
C101076,Returning,35-44,South East,2025-01-13 00:00:00
C101077,Returning,45-54,London,2024-04-09 00:00:00
C101078,Returning,45-54,East of England,2025-06-22 00:00:00
C101079,New,55+,West Midlands,2024-02-08 00:00:00
C101080,New,35-44,South East,2025-09-08 00:00:00
C101081,Returning,25-34,London,2024-02-09 00:00:00
C101082,Returning,25-34,North West,2023-04-01 00:00:00
C101083,Returning,35-44,South West,2025-03-04 00:00:00
C101084,Returning,35-44,Yorkshire,2024-12-27 00:00:00
C101085,Returning,45-54,South West,2026-01-02 00:00:00
C101086,Returning,25-34,London,2023-04-20 00:00:00
C101087,Returning,25-34,Scotland,2024-08-03 00:00:00
C101088,Returning,45-54,London,2025-02-19 00:00:00
C101089,Returning,45-54,South East,2024-03-17 00:00:00
C101090,New,25-34,North West,2023-10-16 00:00:00
C101091,Returning,45-54,London,2023-11-20 00:00:00
C101092,New,35-44,West Midlands,2023-01-12 00:00:00
C101093,New,45-54,London,2024-11-17 00:00:00
C101094,Returning,25-34,South West,2025-05-06 00:00:00
C101095,Returning,35-44,South West,2024-05-11 00:00:00
C101096,New,18-24,North West,2023-02-13 00:00:00
C101097,Returning,25-34,West Midlands,2025-04-30 00:00:00
C101098,Returning,45-54,South East,2025-09-26 00:00:00
C101099,New,25-34,South West,2024-10-29 00:00:00
C101100,New,18-24,West Midlands,2023-04-06 00:00:00
C101101,New,25-34,West Midlands,2024-03-29 00:00:00
C101102,Returning,25-34,London,2024-09-17 00:00:00
C101103,Returning,45-54,London,2025-11-14 00:00:00
C101104,New,25-34,South East,2024-07-03 00:00:00
C101105,Returning,45-54,Yorkshire,2023-01-13 00:00:00
C101106,New,45-54,East of England,2025-02-13 00:00:00
C101107,Returning,25-34,Scotland,2025-01-28 00:00:00
C101108,Returning,45-54,West Midlands,2023-09-17 00:00:00
C101109,New,25-34,West Midlands,2024-03-27 00:00:00
C101110,New,25-34,South West,2023-02-17 00:00:00
C101111,Returning,18-24,South East,2023-05-14 00:00:00
C101112,Returning,18-24,North West,2023-12-09 00:00:00
C101113,Returning,18-24,Yorkshire,2023-04-12 00:00:00
C101114,Returning,18-24,London,2023-10-31 00:00:00
C101115,New,45-54,South East,2024-12-15 00:00:00
C101116,New,35-44,South East,2024-02-25 00:00:00
C101117,Returning,55+,North West,2023-06-12 00:00:00
C101118,New,35-44,South East,2024-11-17 00:00:00
C101119,Returning,35-44,London,2025-07-30 00:00:00
C101120,Returning,25-34,London,2024-10-11 00:00:00
C101121,New,35-44,South West,2023-12-09 00:00:00
C101122,Returning,25-34,East of England,2025-06-06 00:00:00
C101123,New,55+,East of England,2024-01-14 00:00:00
C101124,Returning,55+,South West,2023-01-17 00:00:00
C101125,Returning,25-34,London,2024-12-27 00:00:00
C101126,Returning,35-44,London,2025-03-01 00:00:00
C101127,Returning,35-44,West Midlands,2023-08-31 00:00:00
C101128,Returning,35-44,North West,2024-02-19 00:00:00
C101129,Returning,25-34,Yorkshire,2023-01-08 00:00:00
C101130,Returning,35-44,London,2024-05-31 00:00:00
C101131,Returning,45-54,Scotland,2024-05-05 00:00:00
C101132,New,25-34,South East,2023-10-11 00:00:00
C101133,Returning,35-44,North West,2024-08-03 00:00:00
C101134,Returning,18-24,East of England,2025-01-16 00:00:00
C101135,New,55+,North West,2024-05-05 00:00:00
C101136,Returning,18-24,South West,2025-05-25 00:00:00
C101137,Returning,25-34,South West,2024-05-18 00:00:00
C101138,New,25-34,South West,2024-03-26 00:00:00
C101139,Returning,45-54,South West,2025-01-02 00:00:00
C101140,New,45-54,West Midlands,2023-07-08 00:00:00
C101141,Returning,18-24,South East,2025-07-19 00:00:00
C101142,Returning,25-34,South West,2024-10-27 00:00:00
C101143,Returning,45-54,North West,2024-02-07 00:00:00
C101144,Returning,25-34,North West,2023-09-15 00:00:00
C101145,New,18-24,West Midlands,2025-05-19 00:00:00
C101146,Returning,55+,London,2023-01-16 00:00:00
C101147,Returning,25-34,West Midlands,2023-03-10 00:00:00
C101148,Returning,35-44,Scotland,2024-10-30 00:00:00
C101149,Returning,25-34,South East,2024-06-12 00:00:00
C101150,New,45-54,South East,2023-07-09 00:00:00
C101151,Returning,45-54,London,2024-02-18 00:00:00
C101152,New,25-34,West Midlands,2025-05-11 00:00:00
C101153,New,35-44,South East,2024-05-27 00:00:00
C101154,Returning,55+,Yorkshire,2024-08-03 00:00:00
C101155,New,45-54,London,2023-04-11 00:00:00
C101156,New,25-34,South East,2025-03-04 00:00:00
C101157,New,35-44,London,2023-06-02 00:00:00
C101158,Returning,55+,London,2023-09-14 00:00:00
C101159,Returning,18-24,South West,2023-11-19 00:00:00
C101160,New,18-24,East of England,2024-04-19 00:00:00
C101161,Returning,25-34,South West,2023-10-28 00:00:00
C101162,Returning,45-54,East of England,2025-06-16 00:00:00
C101163,New,25-34,London,2024-02-28 00:00:00
C101164,New,25-34,East of England,2023-02-09 00:00:00
C101165,Returning,35-44,West Midlands,2024-05-17 00:00:00
C101166,Returning,25-34,South West,2023-05-16 00:00:00
C101167,Returning,25-34,North West,2023-09-01 00:00:00
C101168,Returning,35-44,South East,2024-10-12 00:00:00
C101169,New,25-34,South East,2024-11-12 00:00:00
C101170,Returning,55+,London,2025-01-03 00:00:00
C101171,Returning,25-34,West Midlands,2024-02-18 00:00:00
C101172,New,45-54,West Midlands,2025-07-10 00:00:00
C101173,Returning,35-44,Scotland,2023-03-08 00:00:00
C101174,Returning,25-34,London,2024-02-22 00:00:00
C101175,Returning,18-24,North West,2023-09-26 00:00:00
C101176,Returning,35-44,North West,2023-02-15 00:00:00
C101177,New,25-34,London,2024-09-08 00:00:00
C101178,New,25-34,South East,2023-03-04 00:00:00
C101179,New,55+,West Midlands,2024-10-29 00:00:00
C101180,Returning,35-44,West Midlands,2025-07-29 00:00:00
C101181,New,55+,London,2025-05-29 00:00:00
C101182,New,25-34,London,2025-01-19 00:00:00
C101183,New,25-34,South East,2023-09-28 00:00:00
C101184,New,35-44,East of England,2024-12-19 00:00:00
C101185,Returning,25-34,South West,2024-09-10 00:00:00
C101186,Returning,25-34,London,2024-06-27 00:00:00
C101187,Returning,18-24,Yorkshire,2024-06-07 00:00:00
C101188,New,18-24,East of England,2023-06-05 00:00:00
C101189,Returning,45-54,London,2025-07-22 00:00:00
C101190,Returning,25-34,London,2025-07-09 00:00:00
C101191,Returning,55+,London,2025-03-13 00:00:00
C101192,Returning,25-34,London,2024-08-25 00:00:00
C101193,Returning,25-34,South West,2023-05-26 00:00:00
C101194,Returning,25-34,South West,2024-11-29 00:00:00
C101195,New,35-44,North West,2025-11-20 00:00:00
C101196,New,55+,South East,2023-05-26 00:00:00
C101197,Returning,45-54,South West,2024-01-26 00:00:00
C101198,New,18-24,London,2025-09-23 00:00:00
C101199,Returning,25-34,London,2025-11-16 00:00:00
C101200,Returning,45-54,London,2024-05-05 00:00:00
C101201,Returning,18-24,East of England,2023-11-10 00:00:00
C101202,Returning,35-44,Yorkshire,2023-11-12 00:00:00
C101203,Returning,25-34,North West,2024-05-30 00:00:00
C101204,New,25-34,Yorkshire,2023-12-18 00:00:00
C101205,New,25-34,London,2024-08-28 00:00:00
C101206,Returning,25-34,South East,2023-03-29 00:00:00
C101207,Returning,55+,South West,2023-03-11 00:00:00
C101208,New,35-44,East of England,2023-01-06 00:00:00
C101209,Returning,55+,North West,2025-02-26 00:00:00
C101210,Returning,45-54,London,2025-10-12 00:00:00
C101211,Returning,25-34,Scotland,2023-04-26 00:00:00
C101212,Returning,35-44,West Midlands,2025-10-03 00:00:00
C101213,Returning,25-34,South East,2023-06-30 00:00:00
C101214,New,45-54,London,2023-02-22 00:00:00
C101215,Returning,25-34,London,2023-11-16 00:00:00
C101216,New,55+,North West,2023-11-18 00:00:00
C101217,Returning,35-44,North West,2025-11-22 00:00:00
C101218,Returning,35-44,London,2023-05-04 00:00:00
C101219,New,35-44,London,2025-12-06 00:00:00
C101220,New,35-44,North West,2025-08-06 00:00:00
C101221,New,35-44,West Midlands,2024-06-22 00:00:00
C101222,Returning,35-44,South East,2025-01-10 00:00:00
C101223,Returning,25-34,London,2024-08-09 00:00:00
C101224,New,35-44,East of England,2025-09-28 00:00:00
C101225,Returning,25-34,Scotland,2023-08-22 00:00:00
C101226,Returning,35-44,South East,2025-11-17 00:00:00
C101227,Returning,35-44,Yorkshire,2024-04-04 00:00:00
C101228,Returning,25-34,East of England,2025-10-22 00:00:00
C101229,New,45-54,London,2025-12-18 00:00:00
C101230,New,35-44,East of England,2025-07-21 00:00:00
C101231,Returning,35-44,West Midlands,2025-05-19 00:00:00
C101232,New,35-44,North West,2024-04-23 00:00:00
C101233,Returning,35-44,North West,2025-02-06 00:00:00
C101234,New,45-54,South East,2023-09-27 00:00:00
C101235,New,25-34,South West,2023-11-03 00:00:00
C101236,New,18-24,Yorkshire,2025-03-26 00:00:00
C101237,Returning,35-44,London,2025-04-19 00:00:00
C101238,New,25-34,North West,2023-10-15 00:00:00
C101239,New,18-24,Scotland,2025-11-29 00:00:00
C101240,Returning,25-34,East of England,2025-01-20 00:00:00
C101241,New,25-34,North West,2025-12-22 00:00:00
C101242,New,55+,London,2024-06-10 00:00:00
C101243,New,25-34,South East,2024-10-21 00:00:00
C101244,New,25-34,London,2024-12-18 00:00:00
C101245,New,55+,South West,2023-06-26 00:00:00
C101246,Returning,55+,South West,2023-11-04 00:00:00
C101247,New,25-34,East of England,2025-11-26 00:00:00
C101248,Returning,55+,London,2025-01-11 00:00:00
C101249,Returning,25-34,Scotland,2024-08-18 00:00:00
C101250,New,45-54,Scotland,2023-01-04 00:00:00
C101251,New,18-24,Yorkshire,2023-02-12 00:00:00
C101252,New,25-34,East of England,2024-09-04 00:00:00
C101253,Returning,25-34,West Midlands,2023-03-31 00:00:00
C101254,New,45-54,South East,2023-06-06 00:00:00
C101255,Returning,18-24,London,2024-09-26 00:00:00
C101256,Returning,35-44,London,2025-11-22 00:00:00
C101257,Returning,45-54,London,2025-07-07 00:00:00
C101258,Returning,18-24,Yorkshire,2024-05-27 00:00:00
C101259,Returning,55+,South East,2025-11-01 00:00:00
C101260,New,25-34,London,2024-10-28 00:00:00
C101261,Returning,25-34,London,2025-11-04 00:00:00
C101262,New,25-34,Yorkshire,2023-09-19 00:00:00
C101263,Returning,25-34,Scotland,2024-09-28 00:00:00
C101264,Returning,25-34,West Midlands,2025-10-11 00:00:00
C101265,Returning,35-44,South West,2025-12-15 00:00:00
C101266,New,35-44,Scotland,2025-08-04 00:00:00
C101267,Returning,35-44,Yorkshire,2023-06-14 00:00:00
C101268,Returning,25-34,Yorkshire,2024-11-11 00:00:00
C101269,Returning,45-54,North West,2023-04-15 00:00:00
C101270,Returning,25-34,Scotland,2024-02-26 00:00:00
C101271,Returning,35-44,South East,2023-02-03 00:00:00
C101272,Returning,55+,South West,2025-04-15 00:00:00
C101273,Returning,25-34,West Midlands,2025-05-01 00:00:00
C101274,New,35-44,London,2023-04-12 00:00:00
C101275,New,55+,Yorkshire,2025-10-05 00:00:00
C101276,New,35-44,South West,2025-07-12 00:00:00
C101277,New,55+,East of England,2025-07-12 00:00:00
C101278,Returning,25-34,East of England,2024-05-06 00:00:00
C101279,Returning,35-44,South West,2025-10-30 00:00:00
C101280,New,25-34,North West,2025-12-17 00:00:00
C101281,Returning,18-24,Scotland,2024-08-25 00:00:00
C101282,Returning,55+,London,2024-02-21 00:00:00
C101283,Returning,25-34,London,2025-04-19 00:00:00
C101284,Returning,55+,West Midlands,2023-02-18 00:00:00
C101285,Returning,35-44,North West,2024-01-06 00:00:00
C101286,Returning,55+,Yorkshire,2023-01-05 00:00:00
C101287,New,55+,South West,2025-04-23 00:00:00
C101288,Returning,35-44,London,2023-02-17 00:00:00
C101289,Returning,55+,South West,2025-04-08 00:00:00
C101290,Returning,45-54,North West,2024-09-14 00:00:00
C101291,Returning,35-44,Scotland,2024-04-24 00:00:00
C101292,Returning,35-44,South East,2024-11-25 00:00:00
C101293,New,25-34,North West,2023-02-18 00:00:00
C101294,New,18-24,South West,2025-06-11 00:00:00
C101295,New,25-34,North West,2023-10-20 00:00:00
C101296,New,35-44,London,2025-07-15 00:00:00
C101297,New,25-34,London,2025-08-31 00:00:00
C101298,Returning,35-44,London,2024-08-28 00:00:00
C101299,Returning,35-44,West Midlands,2024-10-07 00:00:00
C101300,New,35-44,North West,2025-10-12 00:00:00
C101301,Returning,55+,North West,2024-03-21 00:00:00
C101302,Returning,55+,Yorkshire,2024-03-13 00:00:00
C101303,New,55+,London,2025-11-08 00:00:00
C101304,Returning,35-44,London,2024-03-20 00:00:00
C101305,Returning,25-34,South West,2024-02-08 00:00:00
C101306,Returning,55+,South West,2023-01-07 00:00:00
C101307,Returning,25-34,Yorkshire,2023-12-27 00:00:00
C101308,New,25-34,South West,2023-10-02 00:00:00
C101309,Returning,25-34,Scotland,2025-04-27 00:00:00
C101310,Returning,35-44,Scotland,2024-07-04 00:00:00
C101311,Returning,45-54,Yorkshire,2024-01-26 00:00:00
C101312,Returning,18-24,South East,2025-10-24 00:00:00
C101313,New,45-54,London,2024-05-05 00:00:00
C101314,New,25-34,North West,2024-04-02 00:00:00
C101315,Returning,25-34,West Midlands,2025-03-05 00:00:00
C101316,Returning,25-34,London,2023-10-15 00:00:00
C101317,New,25-34,London,2024-04-18 00:00:00
C101318,Returning,45-54,Scotland,2025-02-15 00:00:00
C101319,Returning,18-24,London,2023-12-21 00:00:00
C101320,Returning,25-34,South West,2024-04-17 00:00:00
C101321,Returning,18-24,East of England,2023-01-17 00:00:00
C101322,New,45-54,Yorkshire,2025-05-23 00:00:00
C101323,Returning,55+,London,2025-08-04 00:00:00
C101324,New,35-44,East of England,2025-01-05 00:00:00
C101325,Returning,35-44,Yorkshire,2024-08-02 00:00:00
C101326,New,55+,South East,2025-09-09 00:00:00
C101327,Returning,25-34,North West,2025-07-25 00:00:00
C101328,New,18-24,London,2024-05-30 00:00:00
C101329,New,35-44,Yorkshire,2024-11-10 00:00:00
C101330,Returning,25-34,East of England,2025-10-29 00:00:00
C101331,Returning,35-44,North West,2023-08-09 00:00:00
C101332,Returning,35-44,Scotland,2025-05-06 00:00:00
C101333,Returning,25-34,West Midlands,2024-02-04 00:00:00
C101334,Returning,35-44,East of England,2023-04-13 00:00:00
C101335,Returning,25-34,South West,2024-04-03 00:00:00
C101336,New,18-24,London,2024-07-23 00:00:00
C101337,Returning,45-54,East of England,2025-03-24 00:00:00
C101338,Returning,45-54,East of England,2023-06-16 00:00:00
C101339,New,18-24,South East,2024-08-25 00:00:00
C101340,New,18-24,South West,2024-12-28 00:00:00
C101341,Returning,18-24,London,2024-12-01 00:00:00
C101342,Returning,18-24,London,2025-07-04 00:00:00
C101343,Returning,18-24,London,2025-04-08 00:00:00
C101344,Returning,25-34,West Midlands,2024-05-26 00:00:00
C101345,Returning,45-54,London,2023-10-29 00:00:00
C101346,Returning,45-54,London,2025-08-26 00:00:00
C101347,New,45-54,Scotland,2025-08-28 00:00:00
C101348,Returning,35-44,West Midlands,2023-05-23 00:00:00
C101349,New,45-54,South West,2024-05-13 00:00:00
C101350,Returning,45-54,London,2025-04-07 00:00:00
C101351,Returning,55+,London,2024-12-28 00:00:00
C101352,New,45-54,South West,2025-08-20 00:00:00
C101353,New,45-54,South East,2023-08-29 00:00:00
C101354,Returning,45-54,West Midlands,2025-11-01 00:00:00
C101355,New,35-44,Scotland,2023-09-14 00:00:00
C101356,Returning,25-34,South East,2023-04-16 00:00:00
C101357,Returning,18-24,West Midlands,2025-03-19 00:00:00
C101358,Returning,25-34,North West,2025-10-17 00:00:00
C101359,New,18-24,London,2024-01-21 00:00:00
C101360,Returning,25-34,Yorkshire,2023-06-25 00:00:00
C101361,New,18-24,West Midlands,2025-08-21 00:00:00
C101362,Returning,25-34,London,2023-04-15 00:00:00
C101363,New,55+,West Midlands,2025-01-01 00:00:00
C101364,Returning,25-34,West Midlands,2023-05-20 00:00:00
C101365,Returning,25-34,Yorkshire,2025-01-01 00:00:00
C101366,New,25-34,Scotland,2023-05-06 00:00:00
C101367,New,25-34,South West,2024-02-23 00:00:00
C101368,New,35-44,South East,2024-05-26 00:00:00
C101369,New,35-44,Scotland,2025-09-19 00:00:00
C101370,New,18-24,South West,2025-02-21 00:00:00
C101371,Returning,35-44,London,2025-11-05 00:00:00
C101372,Returning,18-24,London,2024-08-16 00:00:00
C101373,Returning,35-44,London,2023-10-11 00:00:00
C101374,Returning,55+,London,2024-04-12 00:00:00
C101375,New,55+,West Midlands,2024-07-20 00:00:00
C101376,Returning,25-34,South East,2024-09-12 00:00:00
C101377,Returning,45-54,Scotland,2025-09-24 00:00:00
C101378,Returning,45-54,West Midlands,2025-09-13 00:00:00
C101379,Returning,45-54,London,2023-04-22 00:00:00
C101380,Returning,25-34,Scotland,2025-05-23 00:00:00
C101381,New,35-44,North West,2023-11-24 00:00:00
C101382,Returning,25-34,London,2024-10-08 00:00:00
C101383,Returning,18-24,London,2025-11-15 00:00:00
C101384,Returning,35-44,Yorkshire,2025-08-28 00:00:00
C101385,New,35-44,West Midlands,2024-06-17 00:00:00
C101386,Returning,25-34,North West,2023-02-20 00:00:00
C101387,New,45-54,East of England,2025-11-12 00:00:00
C101388,Returning,35-44,Yorkshire,2025-09-25 00:00:00
C101389,New,55+,East of England,2024-02-23 00:00:00
C101390,Returning,45-54,South West,2023-06-01 00:00:00
C101391,Returning,45-54,Yorkshire,2024-08-03 00:00:00
C101392,New,45-54,London,2025-05-31 00:00:00
C101393,New,18-24,West Midlands,2024-05-14 00:00:00
C101394,Returning,18-24,West Midlands,2023-01-24 00:00:00
C101395,New,55+,North West,2024-05-17 00:00:00
C101396,Returning,25-34,West Midlands,2024-07-20 00:00:00
C101397,Returning,25-34,North West,2025-10-06 00:00:00
C101398,Returning,35-44,West Midlands,2025-06-07 00:00:00
C101399,Returning,25-34,North West,2025-02-03 00:00:00
C101400,Returning,25-34,West Midlands,2024-03-21 00:00:00
C101401,New,35-44,East of England,2025-11-06 00:00:00
C101402,Returning,25-34,South East,2023-09-12 00:00:00
C101403,New,35-44,Yorkshire,2023-12-29 00:00:00
C101404,New,18-24,North West,2025-07-19 00:00:00
C101405,New,35-44,South East,2025-12-29 00:00:00
C101406,Returning,25-34,South West,2025-06-15 00:00:00
C101407,New,35-44,East of England,2025-02-17 00:00:00
C101408,Returning,18-24,South West,2025-10-28 00:00:00
C101409,Returning,25-34,Scotland,2023-05-25 00:00:00
C101410,Returning,45-54,West Midlands,2025-01-06 00:00:00
C101411,Returning,25-34,East of England,2024-03-30 00:00:00
C101412,Returning,45-54,East of England,2024-10-19 00:00:00
C101413,Returning,25-34,South West,2023-10-01 00:00:00
C101414,New,25-34,East of England,2024-06-21 00:00:00
C101415,Returning,25-34,Yorkshire,2023-09-17 00:00:00
C101416,Returning,55+,North West,2024-12-08 00:00:00
C101417,Returning,25-34,North West,2025-10-19 00:00:00
C101418,Returning,25-34,West Midlands,2023-03-06 00:00:00
C101419,Returning,35-44,Yorkshire,2025-11-21 00:00:00
C101420,Returning,25-34,South East,2024-12-26 00:00:00
C101421,Returning,45-54,Yorkshire,2023-01-16 00:00:00
C101422,Returning,55+,West Midlands,2024-09-29 00:00:00
C101423,Returning,35-44,South East,2023-06-01 00:00:00
C101424,New,35-44,London,2025-06-01 00:00:00
C101425,Returning,25-34,South East,2023-11-02 00:00:00
C101426,New,55+,Yorkshire,2023-03-05 00:00:00
C101427,New,35-44,South East,2025-07-21 00:00:00
C101428,Returning,25-34,London,2024-08-13 00:00:00
C101429,Returning,55+,South East,2024-11-03 00:00:00
C101430,Returning,55+,South East,2025-07-03 00:00:00
C101431,Returning,35-44,London,2024-09-13 00:00:00
C101432,New,25-34,South East,2025-05-25 00:00:00
C101433,New,45-54,Yorkshire,2024-10-20 00:00:00
C101434,New,45-54,South West,2023-01-31 00:00:00
C101435,Returning,35-44,Scotland,2025-11-11 00:00:00
C101436,New,25-34,London,2025-11-21 00:00:00
C101437,Returning,25-34,South East,2023-10-31 00:00:00
C101438,Returning,25-34,London,2024-12-16 00:00:00
C101439,Returning,18-24,North West,2023-05-16 00:00:00
C101440,New,45-54,London,2023-11-10 00:00:00
C101441,New,18-24,London,2024-10-30 00:00:00
C101442,New,25-34,North West,2024-01-18 00:00:00
C101443,New,45-54,South East,2025-12-01 00:00:00
C101444,New,25-34,North West,2023-03-28 00:00:00
C101445,Returning,25-34,Yorkshire,2025-02-20 00:00:00
C101446,Returning,55+,East of England,2024-11-05 00:00:00
C101447,Returning,25-34,West Midlands,2025-09-08 00:00:00
C101448,Returning,55+,South East,2025-06-08 00:00:00
C101449,New,18-24,North West,2025-09-12 00:00:00
C101450,Returning,25-34,London,2025-05-23 00:00:00
C101451,Returning,35-44,London,2023-08-30 00:00:00
C101452,Returning,25-34,West Midlands,2024-04-12 00:00:00
C101453,Returning,35-44,London,2025-01-24 00:00:00
C101454,New,25-34,London,2026-01-03 00:00:00
C101455,New,35-44,Yorkshire,2025-08-06 00:00:00
C101456,New,25-34,South West,2024-12-15 00:00:00
C101457,Returning,45-54,London,2023-04-22 00:00:00
C101458,Returning,35-44,North West,2024-04-07 00:00:00
C101459,New,35-44,Scotland,2024-12-17 00:00:00
C101460,Returning,18-24,South East,2025-04-28 00:00:00
C101461,Returning,35-44,Yorkshire,2023-10-27 00:00:00
C101462,New,35-44,London,2024-05-29 00:00:00
C101463,New,25-34,Scotland,2025-06-22 00:00:00
C101464,Returning,35-44,London,2025-07-06 00:00:00
C101465,Returning,18-24,South East,2023-09-03 00:00:00
C101466,Returning,25-34,Scotland,2023-10-07 00:00:00
C101467,New,45-54,Yorkshire,2024-02-15 00:00:00
C101468,Returning,25-34,London,2024-12-09 00:00:00
C101469,New,25-34,South West,2025-01-14 00:00:00
C101470,Returning,35-44,East of England,2025-04-15 00:00:00
C101471,New,45-54,West Midlands,2024-09-03 00:00:00
C101472,New,18-24,London,2025-10-06 00:00:00
C101473,Returning,25-34,South East,2023-05-12 00:00:00
C101474,Returning,35-44,Scotland,2024-07-31 00:00:00
C101475,Returning,35-44,London,2023-09-05 00:00:00
C101476,Returning,35-44,South East,2024-08-15 00:00:00
C101477,Returning,35-44,London,2025-09-01 00:00:00
C101478,Returning,45-54,London,2025-08-31 00:00:00
C101479,Returning,55+,North West,2025-12-23 00:00:00
C101480,Returning,25-34,West Midlands,2024-06-22 00:00:00
C101481,New,25-34,London,2025-02-02 00:00:00
C101482,Returning,25-34,London,2024-06-08 00:00:00
C101483,New,25-34,London,2023-01-11 00:00:00
C101484,Returning,25-34,London,2023-11-08 00:00:00
C101485,New,55+,London,2025-03-28 00:00:00
C101486,Returning,25-34,South West,2023-03-01 00:00:00
C101487,Returning,25-34,London,2024-12-08 00:00:00
C101488,Returning,35-44,South East,2024-05-19 00:00:00
C101489,Returning,55+,North West,2024-03-29 00:00:00
C101490,New,25-34,South West,2025-03-20 00:00:00
C101491,Returning,45-54,Yorkshire,2023-09-08 00:00:00
C101492,Returning,45-54,Scotland,2023-10-12 00:00:00
C101493,Returning,25-34,South East,2023-07-02 00:00:00
C101494,Returning,35-44,London,2023-04-30 00:00:00
C101495,Returning,35-44,London,2023-04-02 00:00:00
C101496,Returning,25-34,London,2023-04-25 00:00:00
C101497,Returning,25-34,Scotland,2024-12-04 00:00:00
C101498,New,18-24,North West,2023-11-26 00:00:00
C101499,Returning,45-54,South West,2024-01-07 00:00:00
C101500,Returning,45-54,Scotland,2025-04-08 00:00:00
C101501,Returning,25-34,East of England,2024-07-23 00:00:00
C101502,New,35-44,West Midlands,2023-03-26 00:00:00
C101503,Returning,25-34,East of England,2024-07-31 00:00:00
C101504,Returning,25-34,West Midlands,2024-12-28 00:00:00
C101505,Returning,35-44,London,2024-10-30 00:00:00
C101506,Returning,25-34,North West,2025-08-13 00:00:00
C101507,Returning,45-54,East of England,2024-10-16 00:00:00
C101508,New,25-34,South West,2025-06-12 00:00:00
C101509,Returning,45-54,West Midlands,2024-07-24 00:00:00
C101510,New,25-34,East of England,2024-12-01 00:00:00
C101511,New,25-34,West Midlands,2023-06-20 00:00:00
C101512,Returning,45-54,Yorkshire,2025-12-27 00:00:00
C101513,Returning,35-44,South East,2023-01-30 00:00:00
C101514,Returning,25-34,London,2025-12-01 00:00:00
C101515,New,45-54,South East,2024-09-25 00:00:00
C101516,New,25-34,East of England,2024-01-07 00:00:00
C101517,Returning,18-24,Scotland,2024-04-10 00:00:00
C101518,New,25-34,South East,2023-03-26 00:00:00
C101519,New,35-44,London,2024-03-27 00:00:00
C101520,New,35-44,London,2023-03-20 00:00:00
C101521,Returning,45-54,South West,2024-04-18 00:00:00
C101522,Returning,35-44,North West,2023-05-31 00:00:00
C101523,Returning,25-34,North West,2023-05-05 00:00:00
C101524,Returning,25-34,London,2025-02-22 00:00:00
C101525,New,18-24,London,2023-07-17 00:00:00
C101526,New,45-54,East of England,2024-01-04 00:00:00
C101527,Returning,18-24,North West,2024-12-29 00:00:00
C101528,New,35-44,London,2024-07-09 00:00:00
C101529,New,35-44,London,2024-07-19 00:00:00
C101530,New,45-54,South East,2024-05-01 00:00:00
C101531,New,18-24,London,2024-11-01 00:00:00
C101532,Returning,25-34,London,2024-12-19 00:00:00
C101533,Returning,55+,Yorkshire,2023-05-23 00:00:00
C101534,New,35-44,South East,2025-11-25 00:00:00
C101535,Returning,35-44,South East,2025-06-14 00:00:00
C101536,Returning,45-54,North West,2024-04-11 00:00:00
C101537,Returning,55+,South East,2024-02-14 00:00:00
C101538,Returning,25-34,West Midlands,2025-03-09 00:00:00
C101539,Returning,55+,East of England,2024-11-05 00:00:00
C101540,Returning,18-24,South East,2025-06-02 00:00:00
C101541,New,55+,South West,2024-05-27 00:00:00
C101542,New,25-34,South East,2024-04-30 00:00:00
C101543,New,25-34,London,2024-05-30 00:00:00
C101544,Returning,18-24,London,2023-11-22 00:00:00
C101545,Returning,45-54,Yorkshire,2025-05-06 00:00:00
C101546,New,55+,West Midlands,2025-05-25 00:00:00
C101547,Returning,25-34,South West,2023-05-02 00:00:00
C101548,New,25-34,London,2023-04-13 00:00:00
C101549,New,25-34,North West,2023-03-24 00:00:00
C101550,New,25-34,London,2023-12-29 00:00:00
C101551,Returning,45-54,London,2023-04-22 00:00:00
C101552,New,18-24,North West,2024-09-18 00:00:00
C101553,New,55+,London,2025-12-30 00:00:00
C101554,New,55+,South East,2025-02-14 00:00:00
C101555,Returning,18-24,North West,2025-10-16 00:00:00
C101556,Returning,35-44,Yorkshire,2023-06-13 00:00:00
C101557,Returning,55+,Yorkshire,2025-02-09 00:00:00
C101558,Returning,45-54,London,2025-03-12 00:00:00
C101559,Returning,45-54,London,2024-05-07 00:00:00
C101560,Returning,18-24,South East,2025-03-31 00:00:00
C101561,Returning,18-24,South East,2023-04-04 00:00:00
C101562,Returning,45-54,South East,2024-11-08 00:00:00
C101563,Returning,25-34,South East,2025-06-21 00:00:00
C101564,Returning,35-44,West Midlands,2024-03-08 00:00:00
C101565,Returning,45-54,North West,2023-07-28 00:00:00
C101566,New,25-34,London,2023-01-12 00:00:00
C101567,New,25-34,South East,2023-10-28 00:00:00
C101568,Returning,25-34,South East,2025-06-22 00:00:00
C101569,Returning,55+,London,2025-07-13 00:00:00
C101570,Returning,25-34,South West,2024-11-09 00:00:00
C101571,Returning,18-24,South East,2023-10-11 00:00:00
C101572,Returning,55+,London,2023-10-13 00:00:00
C101573,Returning,45-54,East of England,2025-07-18 00:00:00
C101574,New,35-44,South East,2024-10-03 00:00:00
C101575,New,45-54,London,2025-05-14 00:00:00
C101576,Returning,25-34,South West,2024-02-12 00:00:00
C101577,Returning,55+,Yorkshire,2025-07-10 00:00:00
C101578,Returning,45-54,Scotland,2024-06-01 00:00:00
C101579,Returning,25-34,East of England,2025-01-11 00:00:00
C101580,Returning,25-34,Yorkshire,2025-07-25 00:00:00
C101581,New,25-34,London,2024-01-23 00:00:00
C101582,Returning,35-44,West Midlands,2025-05-16 00:00:00
C101583,New,35-44,London,2024-12-19 00:00:00
C101584,Returning,35-44,North West,2024-06-30 00:00:00
C101585,Returning,55+,East of England,2025-07-01 00:00:00
C101586,New,35-44,London,2024-04-28 00:00:00
C101587,Returning,45-54,East of England,2025-04-04 00:00:00
C101588,New,35-44,North West,2023-03-26 00:00:00
C101589,New,35-44,London,2025-08-06 00:00:00
C101590,New,18-24,East of England,2025-11-27 00:00:00
C101591,New,35-44,North West,2025-12-17 00:00:00
C101592,Returning,35-44,West Midlands,2025-07-17 00:00:00
C101593,Returning,25-34,West Midlands,2025-01-29 00:00:00
C101594,Returning,45-54,London,2025-03-26 00:00:00
C101595,Returning,35-44,London,2025-10-17 00:00:00
C101596,New,25-34,Yorkshire,2025-03-14 00:00:00
C101597,New,45-54,East of England,2023-10-26 00:00:00
C101598,Returning,25-34,Yorkshire,2023-06-25 00:00:00
C101599,New,35-44,East of England,2025-12-06 00:00:00
C101600,Returning,35-44,East of England,2023-06-03 00:00:00
C101601,New,18-24,London,2025-09-28 00:00:00
C101602,Returning,25-34,South West,2025-10-26 00:00:00
C101603,Returning,25-34,South West,2023-02-15 00:00:00
C101604,New,25-34,South East,2025-06-07 00:00:00
C101605,New,35-44,West Midlands,2024-10-11 00:00:00
C101606,Returning,18-24,South West,2024-03-04 00:00:00
C101607,New,55+,Scotland,2024-07-07 00:00:00
C101608,Returning,25-34,Scotland,2024-04-16 00:00:00
C101609,Returning,25-34,West Midlands,2025-06-16 00:00:00
C101610,New,55+,South West,2024-03-28 00:00:00
C101611,Returning,35-44,West Midlands,2023-05-19 00:00:00
C101612,Returning,35-44,East of England,2024-03-12 00:00:00
C101613,New,45-54,Yorkshire,2024-08-03 00:00:00
C101614,Returning,55+,Scotland,2024-05-10 00:00:00
C101615,New,25-34,Scotland,2024-07-05 00:00:00
C101616,New,18-24,South East,2025-12-21 00:00:00
C101617,Returning,55+,Scotland,2024-03-11 00:00:00
C101618,Returning,18-24,Yorkshire,2025-06-18 00:00:00
C101619,New,45-54,London,2025-12-27 00:00:00
C101620,New,35-44,London,2025-07-02 00:00:00
C101621,Returning,35-44,Yorkshire,2024-08-16 00:00:00
C101622,Returning,45-54,London,2025-12-24 00:00:00
C101623,New,55+,London,2024-03-30 00:00:00
C101624,Returning,18-24,North West,2023-11-04 00:00:00
C101625,Returning,35-44,London,2025-07-31 00:00:00
C101626,New,45-54,West Midlands,2025-10-07 00:00:00
C101627,New,25-34,South West,2023-06-02 00:00:00
C101628,New,55+,London,2023-12-18 00:00:00
C101629,Returning,35-44,North West,2023-11-13 00:00:00
C101630,Returning,25-34,London,2025-06-20 00:00:00
C101631,Returning,45-54,East of England,2023-11-03 00:00:00
C101632,Returning,55+,West Midlands,2024-12-30 00:00:00
C101633,Returning,18-24,South West,2025-10-24 00:00:00
C101634,Returning,45-54,Yorkshire,2025-09-27 00:00:00
C101635,Returning,25-34,East of England,2025-08-26 00:00:00
C101636,Returning,18-24,North West,2024-08-05 00:00:00
C101637,Returning,25-34,West Midlands,2024-10-29 00:00:00
C101638,New,45-54,London,2025-03-08 00:00:00
C101639,Returning,25-34,North West,2023-12-18 00:00:00
C101640,Returning,25-34,North West,2024-07-05 00:00:00
C101641,New,45-54,North West,2024-05-29 00:00:00
C101642,Returning,25-34,London,2025-05-30 00:00:00
C101643,New,25-34,North West,2024-09-20 00:00:00
C101644,New,25-34,West Midlands,2024-05-04 00:00:00
C101645,Returning,45-54,North West,2024-08-17 00:00:00
C101646,New,35-44,Yorkshire,2023-07-09 00:00:00
C101647,Returning,45-54,South East,2023-10-09 00:00:00
C101648,Returning,18-24,West Midlands,2025-05-30 00:00:00
C101649,Returning,35-44,West Midlands,2023-05-24 00:00:00
C101650,New,45-54,South West,2025-01-20 00:00:00
C101651,New,25-34,South West,2025-09-25 00:00:00
C101652,New,25-34,South East,2025-01-21 00:00:00
C101653,New,25-34,South East,2024-12-05 00:00:00
C101654,Returning,25-34,Yorkshire,2025-02-28 00:00:00
C101655,Returning,25-34,South West,2023-06-09 00:00:00
C101656,New,55+,London,2023-05-31 00:00:00
C101657,Returning,35-44,West Midlands,2025-12-24 00:00:00
C101658,Returning,35-44,South East,2024-04-14 00:00:00
C101659,New,25-34,South West,2024-03-28 00:00:00
C101660,New,35-44,London,2023-06-24 00:00:00
C101661,Returning,35-44,South West,2025-03-17 00:00:00
C101662,Returning,55+,Yorkshire,2023-02-07 00:00:00
C101663,New,25-34,East of England,2023-07-14 00:00:00
C101664,Returning,45-54,Scotland,2023-09-04 00:00:00
C101665,Returning,25-34,West Midlands,2025-10-23 00:00:00
C101666,Returning,35-44,Yorkshire,2025-11-11 00:00:00
C101667,New,55+,Yorkshire,2023-03-29 00:00:00
C101668,New,35-44,East of England,2023-06-03 00:00:00
C101669,Returning,45-54,North West,2025-11-17 00:00:00
C101670,New,55+,London,2024-11-28 00:00:00
C101671,Returning,55+,Scotland,2025-03-10 00:00:00
C101672,Returning,25-34,London,2024-09-16 00:00:00
C101673,New,25-34,Scotland,2023-09-07 00:00:00
C101674,Returning,35-44,South East,2025-03-14 00:00:00
C101675,Returning,55+,West Midlands,2023-07-18 00:00:00
C101676,Returning,35-44,Scotland,2023-02-02 00:00:00
C101677,Returning,25-34,Yorkshire,2025-07-09 00:00:00
C101678,Returning,35-44,North West,2024-02-22 00:00:00
C101679,Returning,18-24,South East,2023-02-13 00:00:00
C101680,Returning,25-34,South East,2024-04-22 00:00:00
C101681,Returning,25-34,London,2023-05-06 00:00:00
C101682,Returning,18-24,North West,2024-06-02 00:00:00
C101683,New,45-54,West Midlands,2025-01-10 00:00:00
C101684,New,25-34,London,2024-01-07 00:00:00
C101685,New,25-34,South East,2023-03-27 00:00:00
C101686,Returning,35-44,Scotland,2025-09-06 00:00:00
C101687,Returning,25-34,East of England,2024-08-18 00:00:00
C101688,Returning,25-34,West Midlands,2023-01-26 00:00:00
C101689,Returning,25-34,Scotland,2024-09-23 00:00:00
C101690,Returning,18-24,West Midlands,2025-10-13 00:00:00
C101691,Returning,45-54,South East,2023-01-20 00:00:00
C101692,New,18-24,South East,2025-05-15 00:00:00
C101693,Returning,25-34,East of England,2024-02-19 00:00:00
C101694,Returning,25-34,South East,2025-02-17 00:00:00
C101695,Returning,25-34,London,2023-02-01 00:00:00
C101696,New,25-34,Scotland,2025-09-24 00:00:00
C101697,Returning,25-34,Yorkshire,2025-11-29 00:00:00
C101698,Returning,25-34,South West,2024-08-27 00:00:00
C101699,Returning,18-24,South West,2023-08-25 00:00:00
C101700,Returning,55+,Yorkshire,2023-06-16 00:00:00
C101701,Returning,25-34,London,2025-01-28 00:00:00
C101702,New,18-24,South West,2025-05-22 00:00:00
C101703,Returning,35-44,South East,2025-01-11 00:00:00
C101704,Returning,25-34,London,2024-06-26 00:00:00
C101705,Returning,45-54,Scotland,2025-04-29 00:00:00
C101706,New,18-24,London,2025-03-22 00:00:00
C101707,Returning,35-44,London,2024-01-04 00:00:00
C101708,Returning,55+,South East,2025-05-04 00:00:00
C101709,New,25-34,East of England,2023-07-22 00:00:00
C101710,Returning,25-34,Scotland,2025-06-21 00:00:00
C101711,Returning,35-44,London,2024-08-06 00:00:00
C101712,Returning,55+,West Midlands,2025-04-01 00:00:00
C101713,Returning,25-34,Yorkshire,2025-02-02 00:00:00
C101714,New,35-44,Yorkshire,2023-04-16 00:00:00
C101715,Returning,25-34,London,2025-04-10 00:00:00
C101716,New,35-44,South East,2025-05-12 00:00:00
C101717,Returning,25-34,North West,2023-02-23 00:00:00
C101718,Returning,35-44,London,2023-09-06 00:00:00
C101719,Returning,18-24,South West,2025-04-07 00:00:00
C101720,New,35-44,South East,2024-02-02 00:00:00
C101721,New,25-34,South West,2023-05-04 00:00:00
C101722,Returning,45-54,Yorkshire,2025-07-28 00:00:00
C101723,Returning,45-54,Yorkshire,2024-07-31 00:00:00
C101724,Returning,45-54,South West,2024-03-09 00:00:00
C101725,New,55+,London,2024-09-02 00:00:00
C101726,New,35-44,South East,2024-03-15 00:00:00
C101727,Returning,35-44,North West,2023-05-20 00:00:00
C101728,New,18-24,South West,2024-09-09 00:00:00
C101729,Returning,55+,East of England,2025-11-26 00:00:00
C101730,Returning,35-44,South East,2025-11-12 00:00:00
C101731,New,25-34,South West,2024-12-02 00:00:00
C101732,Returning,35-44,London,2023-06-28 00:00:00
C101733,New,45-54,London,2023-09-04 00:00:00
C101734,Returning,45-54,South East,2023-12-13 00:00:00
C101735,Returning,45-54,East of England,2023-02-25 00:00:00
C101736,Returning,35-44,North West,2023-06-04 00:00:00
C101737,New,25-34,West Midlands,2025-05-02 00:00:00
C101738,Returning,55+,South West,2024-04-16 00:00:00
C101739,Returning,35-44,London,2025-07-14 00:00:00
C101740,New,35-44,London,2023-03-09 00:00:00
C101741,New,35-44,London,2023-04-10 00:00:00
C101742,New,35-44,London,2025-01-28 00:00:00
C101743,Returning,45-54,West Midlands,2023-10-11 00:00:00
C101744,Returning,35-44,South East,2023-09-06 00:00:00
C101745,Returning,55+,South West,2024-12-07 00:00:00
C101746,Returning,45-54,East of England,2025-10-01 00:00:00
C101747,Returning,35-44,East of England,2024-04-05 00:00:00
C101748,Returning,25-34,London,2025-04-18 00:00:00
C101749,Returning,35-44,West Midlands,2024-01-12 00:00:00
C101750,Returning,35-44,London,2025-07-12 00:00:00
C101751,New,35-44,London,2024-04-11 00:00:00
C101752,Returning,55+,North West,2023-06-16 00:00:00
C101753,Returning,18-24,West Midlands,2024-07-09 00:00:00
C101754,New,25-34,Yorkshire,2023-11-18 00:00:00
C101755,Returning,45-54,East of England,2023-07-23 00:00:00
C101756,New,55+,London,2023-07-22 00:00:00
C101757,Returning,25-34,Scotland,2024-03-02 00:00:00
C101758,Returning,25-34,London,2023-01-11 00:00:00
C101759,Returning,25-34,Scotland,2023-03-18 00:00:00
C101760,New,35-44,North West,2024-10-10 00:00:00
C101761,New,35-44,London,2023-01-07 00:00:00
C101762,New,25-34,West Midlands,2025-04-29 00:00:00
C101763,New,25-34,South East,2025-12-08 00:00:00
C101764,New,35-44,South West,2023-07-22 00:00:00
C101765,New,35-44,London,2023-03-02 00:00:00
C101766,Returning,35-44,South West,2023-08-20 00:00:00
C101767,New,25-34,South East,2023-02-17 00:00:00
C101768,New,25-34,Scotland,2023-10-24 00:00:00
C101769,Returning,25-34,South East,2025-09-05 00:00:00
C101770,Returning,55+,Yorkshire,2025-06-20 00:00:00
C101771,Returning,25-34,South West,2025-12-09 00:00:00
C101772,Returning,35-44,London,2025-06-11 00:00:00
C101773,Returning,35-44,London,2025-07-17 00:00:00
C101774,Returning,55+,North West,2024-10-13 00:00:00
C101775,Returning,25-34,Yorkshire,2023-06-03 00:00:00
C101776,Returning,35-44,South West,2025-04-25 00:00:00
C101777,Returning,45-54,South East,2024-12-04 00:00:00
C101778,New,25-34,East of England,2025-11-24 00:00:00
C101779,Returning,35-44,East of England,2025-02-05 00:00:00
C101780,New,25-34,South West,2024-08-23 00:00:00
C101781,Returning,55+,London,2025-04-28 00:00:00
C101782,New,45-54,London,2024-12-22 00:00:00
C101783,New,18-24,Scotland,2023-05-05 00:00:00
C101784,New,45-54,Yorkshire,2024-11-03 00:00:00
C101785,Returning,45-54,North West,2024-03-05 00:00:00
C101786,New,35-44,East of England,2023-06-29 00:00:00
C101787,Returning,25-34,London,2023-10-31 00:00:00
C101788,Returning,25-34,South West,2025-07-07 00:00:00
C101789,New,35-44,Yorkshire,2024-12-20 00:00:00
C101790,Returning,35-44,East of England,2023-03-05 00:00:00
C101791,New,45-54,South West,2024-01-13 00:00:00
C101792,New,25-34,West Midlands,2025-01-24 00:00:00
C101793,Returning,35-44,London,2024-07-13 00:00:00
C101794,Returning,25-34,East of England,2025-05-03 00:00:00
C101795,New,35-44,South West,2024-11-20 00:00:00
C101796,Returning,18-24,South East,2023-02-10 00:00:00
C101797,New,25-34,Scotland,2025-08-10 00:00:00
C101798,Returning,25-34,South East,2024-09-19 00:00:00
C101799,Returning,35-44,South East,2025-10-10 00:00:00
C101800,Returning,25-34,Scotland,2023-08-31 00:00:00
C101801,Returning,45-54,Yorkshire,2025-02-01 00:00:00
C101802,New,18-24,East of England,2023-02-02 00:00:00
C101803,Returning,35-44,East of England,2023-06-22 00:00:00
C101804,Returning,35-44,North West,2025-08-29 00:00:00
C101805,Returning,18-24,South East,2025-09-04 00:00:00
C101806,New,18-24,East of England,2025-11-15 00:00:00
C101807,Returning,25-34,West Midlands,2023-08-13 00:00:00
C101808,Returning,35-44,North West,2025-09-08 00:00:00
C101809,New,55+,North West,2023-02-28 00:00:00
C101810,New,18-24,London,2024-03-16 00:00:00
C101811,Returning,45-54,London,2024-04-25 00:00:00
C101812,Returning,45-54,North West,2025-05-21 00:00:00
C101813,New,35-44,South West,2025-01-23 00:00:00
C101814,Returning,35-44,West Midlands,2024-01-31 00:00:00
C101815,Returning,55+,London,2023-06-14 00:00:00
C101816,Returning,35-44,West Midlands,2024-02-06 00:00:00
C101817,Returning,45-54,South West,2023-11-26 00:00:00
C101818,Returning,25-34,London,2025-01-07 00:00:00
C101819,Returning,45-54,North West,2023-03-30 00:00:00
C101820,Returning,55+,Yorkshire,2024-03-28 00:00:00
C101821,Returning,55+,West Midlands,2024-11-11 00:00:00
C101822,Returning,25-34,North West,2024-12-12 00:00:00
C101823,Returning,45-54,East of England,2025-02-18 00:00:00
C101824,Returning,18-24,London,2023-11-11 00:00:00
C101825,New,35-44,London,2024-07-25 00:00:00
C101826,Returning,25-34,London,2023-04-19 00:00:00
C101827,Returning,35-44,Yorkshire,2024-05-03 00:00:00
C101828,Returning,25-34,East of England,2025-12-16 00:00:00
C101829,Returning,18-24,Yorkshire,2025-07-21 00:00:00
C101830,Returning,25-34,Scotland,2024-11-15 00:00:00
C101831,Returning,18-24,Yorkshire,2024-04-06 00:00:00
C101832,Returning,25-34,South East,2025-09-17 00:00:00
C101833,New,45-54,South East,2024-04-30 00:00:00
C101834,New,45-54,Yorkshire,2025-04-19 00:00:00
C101835,New,45-54,Yorkshire,2024-09-27 00:00:00
C101836,New,45-54,North West,2023-01-24 00:00:00
C101837,Returning,25-34,North West,2025-02-13 00:00:00
C101838,Returning,35-44,West Midlands,2025-09-09 00:00:00
C101839,Returning,35-44,South East,2025-05-04 00:00:00
C101840,New,18-24,North West,2024-11-07 00:00:00
C101841,Returning,35-44,South West,2023-02-14 00:00:00
C101842,New,45-54,South West,2023-01-26 00:00:00
C101843,Returning,35-44,South East,2025-07-25 00:00:00
C101844,New,45-54,East of England,2024-06-06 00:00:00
C101845,Returning,18-24,South East,2024-05-11 00:00:00
C101846,New,45-54,South East,2024-12-06 00:00:00
C101847,Returning,25-34,South West,2025-09-23 00:00:00
C101848,Returning,55+,Scotland,2024-04-25 00:00:00
C101849,Returning,25-34,Scotland,2024-08-12 00:00:00
C101850,New,35-44,London,2024-09-06 00:00:00
C101851,Returning,35-44,South East,2024-06-07 00:00:00
C101852,Returning,25-34,South West,2024-12-23 00:00:00
C101853,Returning,25-34,South West,2023-08-03 00:00:00
C101854,Returning,25-34,West Midlands,2024-02-15 00:00:00
C101855,Returning,35-44,London,2024-05-31 00:00:00
C101856,New,55+,West Midlands,2024-07-25 00:00:00
C101857,New,25-34,London,2024-06-26 00:00:00
C101858,New,35-44,South East,2024-04-05 00:00:00
C101859,New,45-54,Yorkshire,2025-09-10 00:00:00
C101860,Returning,35-44,London,2025-05-30 00:00:00
C101861,Returning,45-54,Yorkshire,2025-09-02 00:00:00
C101862,Returning,35-44,North West,2024-10-16 00:00:00
C101863,Returning,35-44,West Midlands,2024-06-19 00:00:00
C101864,Returning,25-34,South East,2024-04-18 00:00:00
C101865,Returning,25-34,East of England,2025-08-12 00:00:00
C101866,Returning,35-44,North West,2025-01-02 00:00:00
C101867,New,45-54,East of England,2025-07-28 00:00:00
C101868,Returning,25-34,West Midlands,2025-07-23 00:00:00
C101869,Returning,55+,North West,2025-11-09 00:00:00
C101870,New,25-34,Scotland,2024-08-22 00:00:00
C101871,Returning,25-34,London,2024-02-02 00:00:00
C101872,Returning,55+,South East,2025-09-26 00:00:00
C101873,Returning,55+,East of England,2023-08-22 00:00:00
C101874,Returning,35-44,West Midlands,2023-12-22 00:00:00
C101875,Returning,25-34,South East,2025-11-04 00:00:00
C101876,New,25-34,Scotland,2025-02-24 00:00:00
C101877,New,25-34,London,2024-10-05 00:00:00
C101878,Returning,45-54,North West,2024-08-06 00:00:00
C101879,Returning,25-34,South West,2024-05-28 00:00:00
C101880,Returning,45-54,South West,2025-09-12 00:00:00
C101881,Returning,25-34,West Midlands,2024-03-28 00:00:00
C101882,Returning,35-44,London,2024-06-11 00:00:00
C101883,Returning,25-34,East of England,2023-04-04 00:00:00
C101884,New,35-44,South West,2023-05-07 00:00:00
C101885,New,35-44,London,2023-08-13 00:00:00
C101886,New,55+,South East,2023-11-26 00:00:00
C101887,New,55+,North West,2023-11-17 00:00:00
C101888,Returning,45-54,London,2025-01-03 00:00:00
C101889,Returning,25-34,South West,2024-08-29 00:00:00
C101890,New,55+,East of England,2023-01-05 00:00:00
C101891,Returning,55+,South East,2024-07-22 00:00:00
C101892,Returning,55+,East of England,2023-04-01 00:00:00
C101893,New,35-44,South West,2024-08-20 00:00:00
C101894,New,25-34,Yorkshire,2023-02-25 00:00:00
C101895,New,45-54,Scotland,2023-03-26 00:00:00
C101896,Returning,25-34,South East,2025-06-27 00:00:00
C101897,New,25-34,East of England,2023-01-11 00:00:00
C101898,New,25-34,London,2025-12-05 00:00:00
C101899,New,35-44,West Midlands,2024-05-24 00:00:00
C101900,Returning,25-34,North West,2025-06-27 00:00:00
C101901,New,45-54,London,2023-08-01 00:00:00
C101902,Returning,35-44,Yorkshire,2024-05-28 00:00:00
C101903,New,35-44,West Midlands,2025-09-07 00:00:00
C101904,Returning,18-24,West Midlands,2023-03-26 00:00:00
C101905,Returning,55+,North West,2024-04-19 00:00:00
C101906,Returning,25-34,London,2023-05-16 00:00:00
C101907,New,35-44,London,2024-01-23 00:00:00
C101908,Returning,35-44,London,2025-12-03 00:00:00
C101909,Returning,25-34,Scotland,2024-08-21 00:00:00
C101910,New,35-44,South West,2024-01-03 00:00:00
C101911,New,18-24,North West,2024-11-22 00:00:00
C101912,Returning,55+,Yorkshire,2023-11-06 00:00:00
C101913,Returning,18-24,Yorkshire,2023-04-01 00:00:00
C101914,New,55+,South East,2024-09-13 00:00:00
C101915,New,35-44,London,2025-03-26 00:00:00
C101916,Returning,18-24,North West,2023-07-16 00:00:00
C101917,Returning,35-44,South East,2023-06-01 00:00:00
C101918,Returning,25-34,East of England,2024-10-19 00:00:00
C101919,Returning,55+,London,2024-03-01 00:00:00
C101920,Returning,45-54,North West,2025-10-26 00:00:00
C101921,New,35-44,West Midlands,2024-01-28 00:00:00
C101922,Returning,25-34,South West,2024-03-07 00:00:00
C101923,New,55+,Scotland,2024-09-18 00:00:00
C101924,New,35-44,West Midlands,2025-12-11 00:00:00
C101925,New,35-44,London,2025-01-28 00:00:00
C101926,New,25-34,Yorkshire,2025-01-02 00:00:00
C101927,Returning,25-34,London,2025-05-30 00:00:00
C101928,New,45-54,London,2025-06-16 00:00:00
C101929,Returning,35-44,Yorkshire,2024-08-02 00:00:00
C101930,Returning,45-54,London,2023-11-12 00:00:00
C101931,Returning,35-44,London,2023-06-20 00:00:00
C101932,Returning,35-44,West Midlands,2024-09-15 00:00:00
C101933,Returning,35-44,West Midlands,2025-02-04 00:00:00
C101934,Returning,45-54,East of England,2024-02-07 00:00:00
C101935,New,25-34,South East,2024-06-10 00:00:00
C101936,Returning,45-54,West Midlands,2024-05-04 00:00:00
C101937,Returning,25-34,Yorkshire,2024-10-09 00:00:00
C101938,New,45-54,South West,2025-06-19 00:00:00
C101939,New,55+,South East,2024-05-03 00:00:00
C101940,New,45-54,North West,2024-07-25 00:00:00
C101941,Returning,25-34,North West,2024-04-02 00:00:00
C101942,Returning,45-54,South East,2023-11-29 00:00:00
C101943,New,25-34,London,2025-02-10 00:00:00
C101944,Returning,18-24,Yorkshire,2024-11-09 00:00:00
C101945,Returning,45-54,South East,2024-07-30 00:00:00
C101946,New,45-54,South East,2023-11-21 00:00:00
C101947,Returning,18-24,North West,2025-08-12 00:00:00
C101948,New,55+,London,2025-06-04 00:00:00
C101949,Returning,35-44,South East,2025-03-28 00:00:00
C101950,Returning,55+,West Midlands,2025-06-16 00:00:00
C101951,New,45-54,East of England,2024-06-07 00:00:00
C101952,Returning,55+,South West,2024-11-21 00:00:00
C101953,Returning,45-54,South East,2023-08-24 00:00:00
C101954,Returning,55+,South East,2025-05-11 00:00:00
C101955,Returning,35-44,Scotland,2023-01-20 00:00:00
C101956,Returning,25-34,Yorkshire,2024-07-13 00:00:00
C101957,New,25-34,Yorkshire,2023-08-14 00:00:00
C101958,Returning,45-54,London,2024-10-17 00:00:00
C101959,Returning,25-34,London,2023-11-06 00:00:00
C101960,Returning,55+,South East,2025-11-26 00:00:00
C101961,Returning,25-34,East of England,2023-05-10 00:00:00
C101962,Returning,55+,East of England,2025-06-23 00:00:00
C101963,New,35-44,London,2025-01-06 00:00:00
C101964,Returning,45-54,Yorkshire,2025-12-31 00:00:00
C101965,New,55+,East of England,2023-12-25 00:00:00
C101966,Returning,25-34,East of England,2025-02-14 00:00:00
C101967,Returning,45-54,West Midlands,2023-02-03 00:00:00
C101968,Returning,25-34,South East,2025-01-14 00:00:00
C101969,Returning,45-54,Scotland,2024-04-25 00:00:00
C101970,New,45-54,South East,2025-03-10 00:00:00
C101971,Returning,25-34,South East,2025-05-12 00:00:00
C101972,Returning,18-24,London,2024-06-19 00:00:00
C101973,New,35-44,North West,2024-01-09 00:00:00
C101974,New,25-34,London,2025-02-23 00:00:00
C101975,New,45-54,North West,2025-09-19 00:00:00
C101976,Returning,25-34,Scotland,2024-01-31 00:00:00
C101977,Returning,55+,West Midlands,2025-07-27 00:00:00
C101978,Returning,55+,Scotland,2024-05-03 00:00:00
C101979,New,55+,East of England,2025-09-05 00:00:00
C101980,Returning,35-44,South West,2024-12-14 00:00:00
C101981,New,25-34,North West,2025-01-04 00:00:00
C101982,Returning,45-54,East of England,2025-01-27 00:00:00
C101983,New,45-54,North West,2025-06-06 00:00:00
C101984,Returning,55+,London,2025-08-05 00:00:00
C101985,Returning,25-34,East of England,2024-03-03 00:00:00
C101986,New,18-24,West Midlands,2025-03-31 00:00:00
C101987,Returning,55+,East of England,2025-02-01 00:00:00
C101988,Returning,45-54,West Midlands,2024-10-12 00:00:00
C101989,New,25-34,South East,2023-09-04 00:00:00
C101990,New,45-54,South West,2024-05-27 00:00:00
C101991,Returning,18-24,North West,2023-08-14 00:00:00
C101992,New,35-44,West Midlands,2023-05-31 00:00:00
C101993,New,25-34,East of England,2025-11-03 00:00:00
C101994,Returning,25-34,North West,2025-03-07 00:00:00
C101995,Returning,25-34,London,2024-08-26 00:00:00
C101996,New,25-34,Yorkshire,2024-05-01 00:00:00
C101997,New,35-44,London,2023-03-20 00:00:00
C101998,Returning,25-34,West Midlands,2024-01-22 00:00:00
C101999,Returning,35-44,London,2023-08-06 00:00:00
C102000,Returning,35-44,South East,2024-08-15 00:00:00
C102001,Returning,45-54,Scotland,2024-05-22 00:00:00
C102002,Returning,35-44,London,2025-11-25 00:00:00
C102003,Returning,25-34,South West,2025-07-19 00:00:00
C102004,New,18-24,North West,2024-10-23 00:00:00
C102005,Returning,45-54,London,2025-09-12 00:00:00
C102006,Returning,55+,Scotland,2023-12-29 00:00:00
C102007,New,55+,London,2023-05-05 00:00:00
C102008,New,55+,North West,2024-09-08 00:00:00
C102009,Returning,35-44,South West,2023-03-10 00:00:00
C102010,New,55+,South West,2025-11-03 00:00:00
C102011,New,35-44,South East,2023-05-14 00:00:00
C102012,New,45-54,East of England,2025-07-30 00:00:00
C102013,Returning,55+,Scotland,2025-01-08 00:00:00
C102014,Returning,45-54,West Midlands,2023-09-29 00:00:00
C102015,Returning,25-34,Yorkshire,2024-08-09 00:00:00
C102016,New,25-34,South East,2024-08-21 00:00:00
C102017,New,25-34,South East,2025-03-22 00:00:00
C102018,Returning,25-34,West Midlands,2024-04-14 00:00:00
C102019,New,45-54,London,2024-10-14 00:00:00
C102020,Returning,45-54,Yorkshire,2024-04-02 00:00:00
C102021,New,25-34,London,2023-04-16 00:00:00
C102022,New,45-54,London,2025-02-20 00:00:00
C102023,New,25-34,West Midlands,2023-10-11 00:00:00
C102024,Returning,35-44,London,2023-11-03 00:00:00
C102025,Returning,25-34,North West,2023-12-31 00:00:00
C102026,Returning,35-44,North West,2024-09-15 00:00:00
C102027,New,45-54,London,2025-02-17 00:00:00
C102028,Returning,45-54,South East,2025-06-15 00:00:00
C102029,Returning,45-54,London,2024-10-18 00:00:00
C102030,New,25-34,North West,2024-03-13 00:00:00
C102031,Returning,45-54,South East,2025-11-07 00:00:00
C102032,New,25-34,Yorkshire,2024-06-06 00:00:00
C102033,Returning,35-44,North West,2023-06-10 00:00:00
C102034,New,35-44,South East,2025-05-31 00:00:00
C102035,Returning,45-54,London,2025-10-29 00:00:00
C102036,Returning,55+,South East,2023-11-16 00:00:00
C102037,New,25-34,South East,2023-08-31 00:00:00
C102038,Returning,45-54,South East,2024-01-23 00:00:00
C102039,Returning,25-34,Scotland,2024-01-13 00:00:00
C102040,New,35-44,London,2023-07-31 00:00:00
C102041,Returning,45-54,South East,2023-02-08 00:00:00
C102042,Returning,45-54,East of England,2023-07-26 00:00:00
C102043,Returning,45-54,East of England,2023-11-23 00:00:00
C102044,Returning,45-54,West Midlands,2023-07-27 00:00:00
C102045,New,25-34,North West,2023-08-08 00:00:00
C102046,Returning,55+,London,2025-11-03 00:00:00
C102047,Returning,55+,South West,2023-08-27 00:00:00
C102048,New,35-44,North West,2025-06-22 00:00:00
C102049,New,18-24,West Midlands,2024-09-21 00:00:00
C102050,Returning,25-34,South East,2024-04-24 00:00:00
C102051,New,45-54,West Midlands,2025-05-08 00:00:00
C102052,Returning,55+,Yorkshire,2023-01-19 00:00:00
C102053,Returning,45-54,London,2025-03-30 00:00:00
C102054,New,25-34,West Midlands,2024-04-02 00:00:00
C102055,Returning,18-24,London,2025-07-01 00:00:00
C102056,Returning,35-44,South West,2025-11-24 00:00:00
C102057,Returning,25-34,London,2025-03-15 00:00:00
C102058,New,25-34,East of England,2023-05-06 00:00:00
C102059,New,18-24,West Midlands,2025-12-10 00:00:00
C102060,Returning,25-34,West Midlands,2025-04-15 00:00:00
C102061,New,25-34,South East,2023-01-21 00:00:00
C102062,Returning,45-54,North West,2023-07-29 00:00:00
C102063,New,25-34,South East,2025-12-22 00:00:00
C102064,Returning,35-44,South East,2025-07-09 00:00:00
C102065,Returning,35-44,London,2024-03-26 00:00:00
C102066,Returning,55+,South East,2025-11-18 00:00:00
C102067,Returning,45-54,South West,2024-06-09 00:00:00
C102068,New,35-44,South East,2025-08-12 00:00:00
C102069,Returning,45-54,South West,2024-09-27 00:00:00
C102070,Returning,45-54,East of England,2024-12-27 00:00:00
C102071,Returning,45-54,Yorkshire,2023-01-10 00:00:00
C102072,New,35-44,London,2025-12-03 00:00:00
C102073,Returning,35-44,North West,2023-07-19 00:00:00
C102074,Returning,35-44,East of England,2023-08-23 00:00:00
C102075,Returning,25-34,South East,2024-05-05 00:00:00
C102076,Returning,25-34,South East,2025-04-10 00:00:00
C102077,New,25-34,South East,2025-04-26 00:00:00
C102078,New,25-34,West Midlands,2024-11-20 00:00:00
C102079,New,35-44,London,2025-08-15 00:00:00
C102080,Returning,35-44,London,2025-02-01 00:00:00
C102081,New,18-24,Yorkshire,2023-06-12 00:00:00
C102082,Returning,25-34,West Midlands,2025-05-11 00:00:00
C102083,New,25-34,South East,2023-10-17 00:00:00
C102084,Returning,45-54,Scotland,2024-07-25 00:00:00
C102085,New,25-34,South East,2024-10-30 00:00:00
C102086,New,18-24,London,2024-03-07 00:00:00
C102087,New,18-24,London,2024-02-02 00:00:00
C102088,Returning,35-44,South East,2023-10-22 00:00:00
C102089,Returning,25-34,North West,2023-11-24 00:00:00
C102090,New,35-44,London,2025-12-20 00:00:00
C102091,Returning,35-44,East of England,2024-02-26 00:00:00
C102092,Returning,55+,East of England,2024-06-04 00:00:00
C102093,New,35-44,South East,2025-02-10 00:00:00
C102094,Returning,18-24,South West,2023-10-01 00:00:00
C102095,New,25-34,North West,2023-08-07 00:00:00
C102096,New,45-54,East of England,2023-08-20 00:00:00
C102097,Returning,25-34,South East,2023-03-10 00:00:00
C102098,New,55+,North West,2024-05-11 00:00:00
C102099,New,35-44,London,2023-01-04 00:00:00
C102100,Returning,18-24,London,2024-02-21 00:00:00
C102101,New,25-34,East of England,2024-08-02 00:00:00
C102102,Returning,55+,South East,2023-10-11 00:00:00
C102103,Returning,55+,West Midlands,2023-10-03 00:00:00
C102104,Returning,45-54,London,2024-10-22 00:00:00
C102105,Returning,25-34,East of England,2024-09-09 00:00:00
C102106,Returning,45-54,South East,2025-05-17 00:00:00
C102107,Returning,25-34,London,2025-08-27 00:00:00
C102108,New,25-34,North West,2023-10-01 00:00:00
C102109,New,45-54,London,2023-11-20 00:00:00
C102110,Returning,55+,South East,2024-07-30 00:00:00
C102111,Returning,35-44,Yorkshire,2023-07-21 00:00:00
C102112,New,35-44,Scotland,2025-03-12 00:00:00
C102113,Returning,25-34,South West,2023-01-02 00:00:00
C102114,New,25-34,London,2024-02-09 00:00:00
C102115,Returning,18-24,South East,2025-12-15 00:00:00
C102116,New,45-54,South West,2025-03-18 00:00:00
C102117,New,18-24,South East,2024-07-22 00:00:00
C102118,New,45-54,South West,2023-01-05 00:00:00
C102119,New,25-34,West Midlands,2025-06-01 00:00:00
C102120,New,35-44,East of England,2024-05-05 00:00:00
C102121,New,25-34,South East,2025-08-01 00:00:00
C102122,New,25-34,Scotland,2025-05-12 00:00:00
C102123,New,35-44,West Midlands,2025-12-30 00:00:00
C102124,New,35-44,Yorkshire,2023-05-10 00:00:00
C102125,Returning,55+,London,2025-08-03 00:00:00
C102126,New,25-34,North West,2025-02-21 00:00:00
C102127,New,35-44,South East,2023-11-20 00:00:00
C102128,New,55+,London,2025-07-17 00:00:00
C102129,New,25-34,West Midlands,2024-09-12 00:00:00
C102130,New,45-54,London,2024-12-26 00:00:00
C102131,Returning,55+,Scotland,2025-11-25 00:00:00
C102132,Returning,45-54,South West,2024-09-22 00:00:00
C102133,Returning,35-44,Yorkshire,2024-11-27 00:00:00
C102134,Returning,45-54,West Midlands,2025-08-10 00:00:00
C102135,Returning,35-44,South East,2025-04-25 00:00:00
C102136,New,35-44,South East,2024-12-06 00:00:00
C102137,Returning,55+,London,2025-09-24 00:00:00
C102138,Returning,25-34,North West,2025-09-28 00:00:00
C102139,Returning,45-54,South West,2024-11-06 00:00:00
C102140,Returning,35-44,London,2023-04-19 00:00:00
C102141,Returning,25-34,London,2025-01-31 00:00:00
C102142,Returning,35-44,London,2024-01-01 00:00:00
C102143,Returning,45-54,West Midlands,2024-10-09 00:00:00
C102144,New,35-44,London,2024-02-19 00:00:00
C102145,Returning,45-54,West Midlands,2024-01-08 00:00:00
C102146,New,25-34,London,2025-12-08 00:00:00
C102147,Returning,55+,London,2023-10-01 00:00:00
C102148,Returning,35-44,Yorkshire,2023-06-26 00:00:00
C102149,New,45-54,Scotland,2024-11-27 00:00:00
C102150,Returning,25-34,London,2024-12-09 00:00:00
C102151,New,35-44,London,2025-12-15 00:00:00
C102152,Returning,55+,South East,2023-03-05 00:00:00
C102153,Returning,18-24,South West,2025-10-04 00:00:00
C102154,Returning,25-34,West Midlands,2025-07-12 00:00:00
C102155,Returning,45-54,North West,2023-08-19 00:00:00
C102156,New,45-54,North West,2025-06-19 00:00:00
C102157,New,45-54,Scotland,2025-07-16 00:00:00
C102158,Returning,45-54,London,2023-05-07 00:00:00
C102159,New,55+,London,2023-01-24 00:00:00
C102160,Returning,35-44,South East,2024-12-27 00:00:00
C102161,New,35-44,West Midlands,2024-10-10 00:00:00
C102162,Returning,45-54,London,2025-08-07 00:00:00
C102163,Returning,45-54,East of England,2025-10-20 00:00:00
C102164,Returning,18-24,Yorkshire,2023-04-25 00:00:00
C102165,New,25-34,Scotland,2025-11-21 00:00:00
C102166,Returning,35-44,Scotland,2025-07-27 00:00:00
C102167,Returning,45-54,North West,2024-10-25 00:00:00
C102168,New,35-44,East of England,2024-02-02 00:00:00
C102169,Returning,45-54,Yorkshire,2024-11-24 00:00:00
C102170,Returning,45-54,South East,2024-09-13 00:00:00
C102171,New,25-34,Yorkshire,2024-03-04 00:00:00
C102172,Returning,35-44,Scotland,2023-03-28 00:00:00
C102173,New,35-44,South West,2025-03-07 00:00:00
C102174,New,25-34,Yorkshire,2023-12-03 00:00:00
C102175,Returning,35-44,London,2023-09-28 00:00:00
C102176,Returning,35-44,East of England,2024-02-17 00:00:00
C102177,Returning,45-54,South East,2023-02-07 00:00:00
C102178,New,35-44,North West,2024-03-06 00:00:00
C102179,Returning,18-24,Yorkshire,2025-07-07 00:00:00
C102180,Returning,35-44,North West,2025-03-15 00:00:00
C102181,Returning,45-54,London,2023-03-08 00:00:00
C102182,Returning,35-44,Yorkshire,2023-12-30 00:00:00
C102183,New,25-34,South East,2025-01-01 00:00:00
C102184,Returning,55+,South East,2025-10-21 00:00:00
C102185,New,25-34,London,2024-04-25 00:00:00
C102186,Returning,25-34,North West,2025-12-23 00:00:00
C102187,Returning,35-44,London,2023-02-17 00:00:00
C102188,New,45-54,South East,2025-09-28 00:00:00
C102189,Returning,45-54,East of England,2023-06-25 00:00:00
C102190,New,18-24,West Midlands,2025-03-13 00:00:00
C102191,Returning,45-54,East of England,2023-04-21 00:00:00
C102192,Returning,45-54,West Midlands,2025-12-24 00:00:00
C102193,New,55+,London,2023-08-24 00:00:00
C102194,Returning,55+,South West,2024-02-09 00:00:00
C102195,Returning,45-54,South East,2024-11-29 00:00:00
C102196,New,25-34,Scotland,2023-02-25 00:00:00
C102197,Returning,25-34,South East,2024-09-19 00:00:00
C102198,New,55+,South West,2023-11-18 00:00:00
C102199,Returning,35-44,West Midlands,2024-04-21 00:00:00
C102200,New,35-44,East of England,2024-01-02 00:00:00
C102201,Returning,55+,London,2025-07-16 00:00:00
C102202,Returning,55+,North West,2024-05-17 00:00:00
C102203,New,45-54,London,2025-04-08 00:00:00
C102204,New,55+,South West,2023-02-15 00:00:00
C102205,Returning,18-24,London,2025-01-20 00:00:00
C102206,Returning,45-54,West Midlands,2024-02-26 00:00:00
C102207,Returning,55+,Yorkshire,2024-10-20 00:00:00
C102208,New,18-24,West Midlands,2025-07-20 00:00:00
C102209,New,25-34,South West,2025-02-04 00:00:00
C102210,Returning,45-54,Yorkshire,2024-01-24 00:00:00
C102211,Returning,35-44,London,2023-09-07 00:00:00
C102212,Returning,18-24,South West,2025-09-03 00:00:00
C102213,Returning,25-34,West Midlands,2023-10-13 00:00:00
C102214,Returning,25-34,North West,2023-02-08 00:00:00
C102215,New,25-34,London,2023-11-24 00:00:00
C102216,New,55+,West Midlands,2023-01-12 00:00:00
C102217,Returning,35-44,South West,2025-03-26 00:00:00
C102218,Returning,45-54,East of England,2025-09-05 00:00:00
C102219,New,18-24,Scotland,2024-04-20 00:00:00
C102220,New,25-34,Yorkshire,2024-11-06 00:00:00
C102221,Returning,25-34,London,2025-11-21 00:00:00
C102222,Returning,45-54,West Midlands,2025-10-14 00:00:00
C102223,New,55+,London,2023-02-14 00:00:00
C102224,Returning,25-34,Yorkshire,2023-03-17 00:00:00
C102225,New,55+,London,2024-02-26 00:00:00
C102226,Returning,18-24,Scotland,2023-11-03 00:00:00
C102227,New,25-34,London,2023-06-20 00:00:00
C102228,New,45-54,London,2023-06-16 00:00:00
C102229,Returning,25-34,East of England,2025-06-16 00:00:00
C102230,New,55+,London,2023-08-02 00:00:00
C102231,Returning,25-34,London,2024-06-11 00:00:00
C102232,New,45-54,North West,2023-02-19 00:00:00
C102233,Returning,25-34,Scotland,2024-11-13 00:00:00
C102234,Returning,25-34,South East,2025-03-26 00:00:00
C102235,Returning,35-44,West Midlands,2024-10-19 00:00:00
C102236,New,55+,London,2023-11-10 00:00:00
C102237,New,35-44,North West,2023-03-28 00:00:00
C102238,New,35-44,South East,2024-03-16 00:00:00
C102239,Returning,18-24,North West,2025-05-12 00:00:00
C102240,New,18-24,West Midlands,2023-05-12 00:00:00
C102241,New,18-24,East of England,2025-06-23 00:00:00
C102242,New,45-54,Yorkshire,2025-10-01 00:00:00
C102243,New,25-34,Yorkshire,2024-10-30 00:00:00
C102244,Returning,25-34,West Midlands,2025-07-17 00:00:00
C102245,New,35-44,South East,2023-11-06 00:00:00
C102246,New,35-44,South East,2024-11-14 00:00:00
C102247,Returning,25-34,West Midlands,2025-03-07 00:00:00
C102248,Returning,18-24,London,2025-02-25 00:00:00
C102249,New,35-44,London,2025-02-09 00:00:00
C102250,Returning,45-54,South East,2023-08-02 00:00:00
C102251,Returning,25-34,London,2025-09-30 00:00:00
C102252,New,45-54,London,2025-01-20 00:00:00
C102253,Returning,18-24,North West,2023-05-10 00:00:00
C102254,Returning,55+,South West,2024-12-04 00:00:00
C102255,Returning,55+,London,2025-09-27 00:00:00
C102256,Returning,18-24,South West,2023-01-27 00:00:00
C102257,Returning,35-44,London,2025-09-02 00:00:00
C102258,New,25-34,Scotland,2023-12-30 00:00:00
C102259,Returning,45-54,North West,2023-11-24 00:00:00
C102260,Returning,35-44,West Midlands,2024-06-20 00:00:00
C102261,Returning,35-44,Yorkshire,2025-02-26 00:00:00
C102262,Returning,25-34,West Midlands,2023-04-24 00:00:00
C102263,New,18-24,West Midlands,2023-10-18 00:00:00
C102264,Returning,45-54,South East,2025-06-07 00:00:00
C102265,New,35-44,Scotland,2023-09-16 00:00:00
C102266,Returning,45-54,East of England,2024-01-20 00:00:00
C102267,Returning,45-54,West Midlands,2024-12-06 00:00:00
C102268,Returning,35-44,East of England,2023-10-03 00:00:00
C102269,Returning,35-44,London,2023-02-25 00:00:00
C102270,Returning,55+,North West,2024-08-03 00:00:00
C102271,Returning,45-54,West Midlands,2023-04-17 00:00:00
C102272,Returning,55+,South East,2024-02-29 00:00:00
C102273,Returning,55+,East of England,2024-12-27 00:00:00
C102274,Returning,25-34,East of England,2025-03-24 00:00:00
C102275,New,45-54,East of England,2025-11-13 00:00:00
C102276,Returning,45-54,North West,2025-08-16 00:00:00
C102277,New,25-34,South East,2023-02-07 00:00:00
C102278,Returning,35-44,South West,2024-06-19 00:00:00
C102279,Returning,25-34,London,2023-01-26 00:00:00
C102280,Returning,35-44,East of England,2025-05-31 00:00:00
C102281,New,25-34,London,2023-03-24 00:00:00
C102282,New,45-54,South West,2025-05-04 00:00:00
C102283,Returning,45-54,Yorkshire,2023-01-02 00:00:00
C102284,New,35-44,London,2023-05-03 00:00:00
C102285,New,25-34,London,2025-10-18 00:00:00
C102286,Returning,35-44,West Midlands,2023-07-24 00:00:00
C102287,Returning,18-24,South East,2024-06-05 00:00:00
C102288,New,25-34,East of England,2024-07-26 00:00:00
C102289,New,25-34,London,2025-01-31 00:00:00
C102290,Returning,55+,West Midlands,2025-10-25 00:00:00
C102291,Returning,25-34,South East,2024-04-03 00:00:00
C102292,Returning,35-44,London,2024-10-25 00:00:00
C102293,New,55+,South East,2026-01-01 00:00:00
C102294,New,25-34,East of England,2023-04-30 00:00:00
C102295,New,55+,Yorkshire,2024-06-11 00:00:00
C102296,Returning,25-34,East of England,2023-11-30 00:00:00
C102297,New,25-34,West Midlands,2025-10-30 00:00:00
C102298,New,18-24,South East,2024-11-07 00:00:00
C102299,Returning,35-44,London,2024-12-15 00:00:00
C102300,Returning,55+,West Midlands,2023-07-26 00:00:00
C102301,Returning,35-44,London,2025-11-08 00:00:00
C102302,Returning,35-44,London,2023-03-16 00:00:00
C102303,Returning,25-34,North West,2024-06-28 00:00:00
C102304,Returning,55+,London,2025-02-08 00:00:00
C102305,New,35-44,North West,2025-08-24 00:00:00
C102306,Returning,25-34,North West,2023-10-28 00:00:00
C102307,Returning,55+,Yorkshire,2024-01-03 00:00:00
C102308,Returning,25-34,South East,2023-02-11 00:00:00
C102309,Returning,25-34,Yorkshire,2024-12-28 00:00:00
C102310,Returning,18-24,South East,2023-08-05 00:00:00
C102311,New,25-34,London,2024-11-09 00:00:00
C102312,Returning,45-54,South East,2023-04-04 00:00:00
C102313,New,35-44,London,2024-06-19 00:00:00
C102314,New,55+,West Midlands,2024-06-10 00:00:00
C102315,New,18-24,South West,2024-07-05 00:00:00
C102316,New,35-44,South West,2023-12-06 00:00:00
C102317,Returning,45-54,London,2023-07-07 00:00:00
C102318,Returning,35-44,London,2025-05-03 00:00:00
C102319,Returning,35-44,London,2025-09-23 00:00:00
C102320,New,35-44,Scotland,2023-11-01 00:00:00
C102321,New,45-54,South East,2024-05-14 00:00:00
C102322,Returning,45-54,West Midlands,2023-04-30 00:00:00
C102323,New,25-34,London,2023-06-16 00:00:00
C102324,New,35-44,South West,2024-01-23 00:00:00
C102325,Returning,35-44,West Midlands,2025-02-13 00:00:00
C102326,New,25-34,London,2025-01-10 00:00:00
C102327,New,25-34,West Midlands,2025-03-10 00:00:00
C102328,Returning,55+,Yorkshire,2023-04-08 00:00:00
C102329,Returning,25-34,West Midlands,2023-02-19 00:00:00
C102330,Returning,25-34,Scotland,2023-10-30 00:00:00
C102331,New,35-44,East of England,2024-01-02 00:00:00
C102332,Returning,18-24,North West,2024-07-19 00:00:00
C102333,New,18-24,Scotland,2024-10-04 00:00:00
C102334,Returning,18-24,South West,2023-07-26 00:00:00
C102335,Returning,25-34,South East,2025-06-22 00:00:00
C102336,Returning,25-34,South West,2025-04-01 00:00:00
C102337,New,45-54,West Midlands,2023-12-08 00:00:00
C102338,Returning,25-34,North West,2024-12-11 00:00:00
C102339,New,25-34,North West,2023-11-26 00:00:00
C102340,New,35-44,South West,2023-03-08 00:00:00
C102341,New,25-34,East of England,2025-03-21 00:00:00
C102342,Returning,35-44,South East,2023-04-05 00:00:00
C102343,New,25-34,Yorkshire,2023-08-30 00:00:00
C102344,Returning,25-34,North West,2023-11-30 00:00:00
C102345,New,25-34,East of England,2025-09-12 00:00:00
C102346,Returning,18-24,West Midlands,2024-10-06 00:00:00
C102347,Returning,55+,London,2025-05-19 00:00:00
C102348,New,55+,London,2025-09-25 00:00:00
C102349,New,45-54,London,2025-09-09 00:00:00
C102350,New,18-24,London,2024-11-01 00:00:00
C102351,Returning,45-54,South East,2024-01-25 00:00:00
C102352,New,35-44,London,2024-03-20 00:00:00
C102353,Returning,18-24,East of England,2023-07-02 00:00:00
C102354,Returning,55+,South East,2024-10-09 00:00:00
C102355,Returning,45-54,South East,2024-10-05 00:00:00
C102356,Returning,25-34,South West,2025-12-05 00:00:00
C102357,Returning,55+,South East,2023-07-28 00:00:00
C102358,Returning,25-34,Yorkshire,2025-04-12 00:00:00
C102359,New,35-44,South West,2023-10-20 00:00:00
C102360,Returning,25-34,South East,2023-03-28 00:00:00
C102361,New,25-34,West Midlands,2024-03-16 00:00:00
C102362,Returning,55+,South East,2025-11-26 00:00:00
C102363,Returning,35-44,West Midlands,2024-05-24 00:00:00
C102364,Returning,25-34,North West,2023-07-24 00:00:00
C102365,Returning,45-54,South East,2023-12-21 00:00:00
C102366,New,55+,West Midlands,2025-02-03 00:00:00
C102367,Returning,55+,West Midlands,2023-11-10 00:00:00
C102368,New,55+,London,2023-09-12 00:00:00
C102369,Returning,55+,London,2023-09-29 00:00:00
C102370,Returning,35-44,North West,2023-04-01 00:00:00
C102371,New,25-34,London,2025-01-29 00:00:00
C102372,New,55+,Yorkshire,2023-12-19 00:00:00
C102373,New,25-34,East of England,2023-12-03 00:00:00
C102374,New,25-34,South West,2023-12-28 00:00:00
C102375,New,35-44,South East,2025-02-02 00:00:00
C102376,Returning,25-34,West Midlands,2025-08-19 00:00:00
C102377,Returning,35-44,Yorkshire,2025-03-28 00:00:00
C102378,New,55+,Yorkshire,2024-09-16 00:00:00
C102379,Returning,35-44,Scotland,2025-02-24 00:00:00
C102380,Returning,35-44,West Midlands,2023-09-07 00:00:00
C102381,New,25-34,South East,2025-10-02 00:00:00
C102382,New,45-54,South East,2024-11-04 00:00:00
C102383,New,18-24,East of England,2025-11-15 00:00:00
C102384,New,18-24,North West,2023-10-22 00:00:00
C102385,Returning,35-44,East of England,2023-06-11 00:00:00
C102386,Returning,35-44,Yorkshire,2025-02-25 00:00:00
C102387,New,25-34,Scotland,2023-12-19 00:00:00
C102388,Returning,25-34,West Midlands,2023-08-17 00:00:00
C102389,New,18-24,Scotland,2025-05-16 00:00:00
C102390,Returning,45-54,East of England,2024-08-09 00:00:00
C102391,Returning,25-34,East of England,2025-05-09 00:00:00
C102392,New,35-44,Scotland,2023-09-26 00:00:00
C102393,New,55+,North West,2023-03-20 00:00:00
C102394,Returning,45-54,South West,2024-03-26 00:00:00
C102395,Returning,25-34,North West,2025-11-24 00:00:00
C102396,New,35-44,South West,2024-10-06 00:00:00
C102397,New,25-34,South West,2025-07-30 00:00:00
C102398,New,25-34,South West,2025-07-16 00:00:00
C102399,Returning,45-54,West Midlands,2025-09-16 00:00:00
C102400,Returning,25-34,South West,2024-05-19 00:00:00
C102401,Returning,25-34,East of England,2023-08-13 00:00:00
C102402,Returning,55+,North West,2025-09-16 00:00:00
C102403,Returning,45-54,West Midlands,2024-07-05 00:00:00
C102404,Returning,55+,East of England,2023-12-19 00:00:00
C102405,New,55+,South West,2024-04-29 00:00:00
C102406,Returning,25-34,West Midlands,2025-05-10 00:00:00
C102407,New,35-44,North West,2024-02-01 00:00:00
C102408,New,25-34,Yorkshire,2025-07-03 00:00:00
C102409,Returning,45-54,Yorkshire,2023-09-08 00:00:00
C102410,Returning,25-34,South East,2023-12-16 00:00:00
C102411,Returning,18-24,South East,2023-06-03 00:00:00
C102412,Returning,18-24,East of England,2025-08-16 00:00:00
C102413,Returning,45-54,Scotland,2025-08-15 00:00:00
C102414,Returning,18-24,West Midlands,2023-08-16 00:00:00
C102415,New,35-44,East of England,2024-08-06 00:00:00
C102416,New,45-54,West Midlands,2025-05-20 00:00:00
C102417,Returning,45-54,London,2024-10-22 00:00:00
C102418,New,25-34,Yorkshire,2024-12-10 00:00:00
C102419,Returning,25-34,London,2023-10-15 00:00:00
C102420,New,55+,London,2023-02-02 00:00:00
C102421,New,35-44,Scotland,2025-10-25 00:00:00
C102422,Returning,25-34,North West,2025-10-01 00:00:00
C102423,New,55+,South East,2025-10-27 00:00:00
C102424,Returning,25-34,West Midlands,2023-02-17 00:00:00
C102425,Returning,35-44,North West,2025-01-08 00:00:00
C102426,New,18-24,North West,2023-10-04 00:00:00
C102427,Returning,25-34,South East,2023-12-19 00:00:00
C102428,Returning,25-34,South East,2024-03-30 00:00:00
C102429,Returning,45-54,North West,2023-09-14 00:00:00
C102430,Returning,25-34,North West,2024-10-16 00:00:00
C102431,Returning,45-54,East of England,2024-10-16 00:00:00
C102432,Returning,45-54,West Midlands,2025-10-18 00:00:00
C102433,New,55+,East of England,2025-07-05 00:00:00
C102434,Returning,18-24,Scotland,2025-02-11 00:00:00
C102435,Returning,45-54,South East,2025-11-29 00:00:00
C102436,Returning,25-34,London,2024-04-16 00:00:00
C102437,Returning,45-54,North West,2023-03-17 00:00:00
C102438,Returning,25-34,East of England,2025-08-25 00:00:00
C102439,Returning,45-54,London,2024-01-03 00:00:00
C102440,Returning,25-34,London,2024-05-06 00:00:00
C102441,New,35-44,Yorkshire,2024-03-06 00:00:00
C102442,New,25-34,South West,2025-09-29 00:00:00
C102443,Returning,25-34,London,2024-02-10 00:00:00
C102444,Returning,35-44,South East,2025-01-22 00:00:00
C102445,Returning,25-34,London,2025-01-04 00:00:00
C102446,New,45-54,Scotland,2024-09-03 00:00:00
C102447,Returning,45-54,Yorkshire,2024-08-24 00:00:00
C102448,Returning,35-44,West Midlands,2023-03-21 00:00:00
C102449,Returning,45-54,East of England,2025-09-07 00:00:00
C102450,Returning,45-54,North West,2024-01-02 00:00:00
C102451,Returning,55+,East of England,2023-09-02 00:00:00
C102452,Returning,18-24,London,2023-08-30 00:00:00
C102453,Returning,35-44,London,2024-03-15 00:00:00
C102454,Returning,45-54,West Midlands,2024-11-17 00:00:00
C102455,Returning,25-34,London,2024-08-18 00:00:00
C102456,Returning,25-34,East of England,2025-07-07 00:00:00
C102457,New,25-34,North West,2025-06-17 00:00:00
C102458,New,35-44,South East,2024-01-05 00:00:00
C102459,Returning,25-34,South West,2025-06-24 00:00:00
C102460,Returning,35-44,North West,2025-01-20 00:00:00
C102461,Returning,35-44,West Midlands,2025-08-03 00:00:00
C102462,New,35-44,London,2023-01-01 00:00:00
C102463,Returning,25-34,Scotland,2024-07-25 00:00:00
C102464,New,45-54,Yorkshire,2024-11-19 00:00:00
C102465,Returning,35-44,East of England,2023-09-23 00:00:00
C102466,Returning,25-34,South West,2024-12-21 00:00:00
C102467,Returning,25-34,West Midlands,2025-03-09 00:00:00
C102468,Returning,25-34,London,2023-06-02 00:00:00
C102469,New,55+,Yorkshire,2025-11-16 00:00:00
C102470,Returning,25-34,London,2025-11-06 00:00:00
C102471,Returning,18-24,Scotland,2023-11-10 00:00:00
C102472,Returning,25-34,South East,2023-08-08 00:00:00
C102473,Returning,18-24,South East,2023-08-07 00:00:00
C102474,New,25-34,North West,2023-02-10 00:00:00
C102475,New,45-54,West Midlands,2023-01-25 00:00:00
C102476,New,35-44,Yorkshire,2023-12-10 00:00:00
C102477,New,45-54,South West,2025-01-03 00:00:00
C102478,New,18-24,South West,2025-01-19 00:00:00
C102479,Returning,35-44,East of England,2024-08-22 00:00:00
C102480,Returning,45-54,West Midlands,2024-12-16 00:00:00
C102481,New,35-44,North West,2023-05-29 00:00:00
C102482,New,45-54,East of England,2025-12-30 00:00:00
C102483,New,25-34,South East,2023-08-08 00:00:00
C102484,Returning,35-44,South East,2024-02-08 00:00:00
C102485,Returning,35-44,London,2024-12-29 00:00:00
C102486,Returning,25-34,Yorkshire,2023-05-21 00:00:00
C102487,Returning,45-54,Yorkshire,2024-04-24 00:00:00
C102488,New,25-34,South East,2025-10-24 00:00:00
C102489,Returning,18-24,London,2023-09-14 00:00:00
C102490,Returning,45-54,London,2024-11-12 00:00:00
C102491,Returning,45-54,West Midlands,2024-10-28 00:00:00
C102492,New,55+,London,2023-03-26 00:00:00
C102493,Returning,55+,South West,2023-02-27 00:00:00
C102494,Returning,25-34,Scotland,2023-06-11 00:00:00
C102495,Returning,35-44,South West,2023-01-18 00:00:00
C102496,Returning,55+,East of England,2024-08-07 00:00:00
C102497,New,25-34,Scotland,2023-10-14 00:00:00
C102498,Returning,35-44,South West,2024-10-20 00:00:00
C102499,Returning,55+,North West,2023-11-15 00:00:00
C102500,New,18-24,South West,2024-01-21 00:00:00
C102501,Returning,55+,North West,2023-04-25 00:00:00
C102502,Returning,35-44,West Midlands,2025-05-24 00:00:00
C102503,Returning,55+,London,2023-05-07 00:00:00
C102504,New,35-44,Yorkshire,2025-10-01 00:00:00
C102505,New,35-44,East of England,2023-07-04 00:00:00
C102506,Returning,45-54,Yorkshire,2025-12-25 00:00:00
C102507,Returning,18-24,West Midlands,2025-03-08 00:00:00
C102508,Returning,35-44,North West,2025-06-24 00:00:00
C102509,Returning,55+,South West,2025-06-05 00:00:00
C102510,Returning,55+,South West,2024-05-05 00:00:00
C102511,Returning,55+,West Midlands,2023-07-19 00:00:00
C102512,New,35-44,South East,2025-01-14 00:00:00
C102513,New,35-44,West Midlands,2024-12-23 00:00:00
C102514,New,35-44,East of England,2025-06-06 00:00:00
C102515,Returning,35-44,London,2023-09-15 00:00:00
C102516,New,35-44,East of England,2025-06-19 00:00:00
C102517,New,18-24,London,2025-08-26 00:00:00
C102518,Returning,18-24,Scotland,2025-03-15 00:00:00
C102519,New,35-44,West Midlands,2023-10-23 00:00:00
C102520,New,25-34,Yorkshire,2023-09-29 00:00:00
C102521,Returning,25-34,Yorkshire,2023-05-23 00:00:00
C102522,New,25-34,South West,2025-07-01 00:00:00
C102523,Returning,45-54,South West,2024-04-28 00:00:00
C102524,Returning,55+,London,2023-12-04 00:00:00
C102525,New,35-44,South East,2023-06-19 00:00:00
C102526,Returning,55+,London,2024-06-27 00:00:00
C102527,Returning,55+,Yorkshire,2023-08-07 00:00:00
C102528,Returning,25-34,Yorkshire,2025-07-08 00:00:00
C102529,Returning,25-34,South East,2024-01-08 00:00:00
C102530,Returning,25-34,South West,2024-05-05 00:00:00
C102531,Returning,18-24,South East,2024-12-27 00:00:00
C102532,Returning,35-44,South East,2025-02-08 00:00:00
C102533,New,25-34,West Midlands,2023-05-09 00:00:00
C102534,Returning,55+,South West,2023-03-25 00:00:00
C102535,Returning,35-44,London,2023-11-09 00:00:00
C102536,Returning,25-34,East of England,2025-04-01 00:00:00
C102537,New,55+,Yorkshire,2025-08-02 00:00:00
C102538,New,55+,North West,2025-12-05 00:00:00
C102539,Returning,45-54,London,2023-10-29 00:00:00
C102540,Returning,45-54,South West,2025-04-19 00:00:00
C102541,Returning,55+,East of England,2023-07-05 00:00:00
C102542,New,35-44,West Midlands,2023-07-28 00:00:00
C102543,New,55+,South East,2024-08-09 00:00:00
C102544,Returning,18-24,South East,2023-04-18 00:00:00
C102545,New,35-44,West Midlands,2023-02-06 00:00:00
C102546,Returning,35-44,South East,2025-12-30 00:00:00
C102547,New,18-24,Yorkshire,2025-06-03 00:00:00
C102548,New,18-24,South East,2025-01-13 00:00:00
C102549,New,18-24,South West,2023-09-02 00:00:00
C102550,Returning,25-34,West Midlands,2023-03-26 00:00:00
C102551,Returning,18-24,North West,2023-05-27 00:00:00
C102552,Returning,25-34,Scotland,2024-04-08 00:00:00
C102553,Returning,45-54,West Midlands,2025-06-08 00:00:00
C102554,New,35-44,London,2024-10-14 00:00:00
C102555,Returning,35-44,North West,2025-07-16 00:00:00
C102556,New,18-24,West Midlands,2025-09-27 00:00:00
C102557,New,45-54,South West,2025-03-19 00:00:00
C102558,Returning,25-34,East of England,2023-04-20 00:00:00
C102559,New,25-34,Yorkshire,2023-09-16 00:00:00
C102560,Returning,35-44,Scotland,2024-01-07 00:00:00
C102561,Returning,55+,South East,2024-08-02 00:00:00
C102562,Returning,55+,London,2025-05-22 00:00:00
C102563,Returning,45-54,South East,2025-12-01 00:00:00
C102564,Returning,45-54,Yorkshire,2025-12-17 00:00:00
C102565,Returning,35-44,London,2024-06-09 00:00:00
C102566,New,35-44,London,2025-12-26 00:00:00
C102567,New,25-34,Scotland,2025-11-10 00:00:00
C102568,Returning,25-34,South East,2023-07-03 00:00:00
C102569,Returning,55+,London,2025-01-14 00:00:00
C102570,New,55+,South East,2024-04-27 00:00:00
C102571,Returning,25-34,London,2025-07-18 00:00:00
C102572,Returning,25-34,London,2025-08-12 00:00:00
C102573,Returning,25-34,South East,2023-07-31 00:00:00
C102574,Returning,35-44,South East,2024-10-26 00:00:00
C102575,Returning,25-34,South West,2025-10-16 00:00:00
C102576,Returning,35-44,West Midlands,2025-01-04 00:00:00
C102577,Returning,18-24,Yorkshire,2025-07-27 00:00:00
C102578,New,18-24,Yorkshire,2025-03-06 00:00:00
C102579,Returning,25-34,South West,2025-05-13 00:00:00
C102580,New,45-54,East of England,2025-07-21 00:00:00
C102581,Returning,25-34,West Midlands,2025-11-01 00:00:00
C102582,New,35-44,London,2023-08-06 00:00:00
C102583,New,35-44,London,2025-05-17 00:00:00
C102584,New,45-54,London,2024-02-27 00:00:00
C102585,Returning,25-34,South West,2024-09-26 00:00:00
C102586,New,45-54,North West,2024-12-23 00:00:00
C102587,New,25-34,London,2024-12-14 00:00:00
C102588,Returning,35-44,London,2023-08-05 00:00:00
C102589,Returning,35-44,East of England,2025-06-21 00:00:00
C102590,Returning,55+,North West,2025-02-25 00:00:00
C102591,Returning,55+,London,2025-04-04 00:00:00
C102592,Returning,45-54,East of England,2024-11-09 00:00:00
C102593,New,55+,Yorkshire,2024-10-12 00:00:00
C102594,New,25-34,West Midlands,2023-11-02 00:00:00
C102595,Returning,35-44,West Midlands,2024-10-19 00:00:00
C102596,New,25-34,Yorkshire,2023-11-05 00:00:00
C102597,Returning,25-34,South East,2025-08-26 00:00:00
C102598,Returning,35-44,Scotland,2023-02-25 00:00:00
C102599,Returning,45-54,South West,2023-01-11 00:00:00
C102600,Returning,45-54,Yorkshire,2025-03-12 00:00:00
C102601,Returning,45-54,Yorkshire,2025-02-28 00:00:00
C102602,Returning,35-44,Scotland,2024-09-07 00:00:00
C102603,Returning,55+,London,2024-09-14 00:00:00
C102604,New,55+,London,2023-02-08 00:00:00
C102605,New,45-54,South West,2025-07-11 00:00:00
C102606,Returning,25-34,London,2025-07-20 00:00:00
C102607,New,35-44,Yorkshire,2023-08-14 00:00:00
C102608,Returning,45-54,West Midlands,2023-01-18 00:00:00
C102609,New,55+,South East,2024-07-31 00:00:00
C102610,Returning,18-24,London,2023-10-06 00:00:00
C102611,Returning,25-34,South West,2023-05-21 00:00:00
C102612,Returning,25-34,London,2023-05-04 00:00:00
C102613,Returning,25-34,London,2024-12-26 00:00:00
C102614,New,45-54,West Midlands,2024-01-31 00:00:00
C102615,Returning,18-24,London,2025-04-20 00:00:00
C102616,New,25-34,Yorkshire,2023-12-12 00:00:00
C102617,Returning,45-54,Scotland,2024-11-16 00:00:00
C102618,Returning,25-34,South West,2023-10-27 00:00:00
C102619,Returning,25-34,North West,2024-09-02 00:00:00
C102620,Returning,35-44,West Midlands,2025-02-07 00:00:00
C102621,Returning,35-44,Scotland,2024-01-13 00:00:00
C102622,New,55+,East of England,2025-09-03 00:00:00
C102623,Returning,45-54,South West,2024-12-04 00:00:00
C102624,Returning,55+,London,2023-08-10 00:00:00
C102625,Returning,25-34,London,2025-09-16 00:00:00
C102626,Returning,45-54,London,2024-07-02 00:00:00
C102627,New,35-44,South East,2025-03-04 00:00:00
C102628,New,45-54,London,2024-01-16 00:00:00
C102629,New,35-44,East of England,2023-01-26 00:00:00
C102630,New,25-34,London,2024-09-11 00:00:00
C102631,Returning,18-24,London,2024-07-13 00:00:00
C102632,Returning,45-54,East of England,2025-03-07 00:00:00
C102633,Returning,45-54,Scotland,2025-03-21 00:00:00
C102634,Returning,25-34,London,2025-01-27 00:00:00
C102635,Returning,35-44,South East,2024-07-08 00:00:00
C102636,Returning,45-54,South West,2023-01-07 00:00:00
C102637,New,35-44,Scotland,2024-10-12 00:00:00
C102638,Returning,25-34,Yorkshire,2025-11-10 00:00:00
C102639,New,55+,West Midlands,2025-09-29 00:00:00
C102640,Returning,35-44,Yorkshire,2023-03-31 00:00:00
C102641,Returning,45-54,South West,2025-08-19 00:00:00
C102642,Returning,35-44,London,2023-06-08 00:00:00
C102643,Returning,45-54,West Midlands,2023-03-31 00:00:00
C102644,New,25-34,East of England,2023-01-30 00:00:00
C102645,Returning,55+,Yorkshire,2024-07-15 00:00:00
C102646,Returning,25-34,London,2023-07-14 00:00:00
C102647,Returning,45-54,South West,2024-11-15 00:00:00
C102648,Returning,55+,Yorkshire,2024-05-28 00:00:00
C102649,Returning,35-44,South East,2025-07-26 00:00:00
C102650,Returning,35-44,South East,2023-08-20 00:00:00
C102651,Returning,18-24,South East,2023-10-20 00:00:00
C102652,Returning,35-44,Scotland,2024-07-23 00:00:00
C102653,Returning,35-44,London,2023-06-03 00:00:00
C102654,Returning,18-24,South West,2024-05-19 00:00:00
C102655,Returning,18-24,North West,2024-10-18 00:00:00
C102656,Returning,55+,East of England,2024-11-09 00:00:00
C102657,Returning,25-34,Scotland,2024-05-29 00:00:00
C102658,New,25-34,Scotland,2023-04-22 00:00:00
C102659,New,25-34,East of England,2023-10-11 00:00:00
C102660,Returning,35-44,West Midlands,2023-03-20 00:00:00
C102661,Returning,35-44,South East,2025-11-03 00:00:00
C102662,Returning,45-54,South East,2024-10-01 00:00:00
C102663,New,35-44,Yorkshire,2023-12-16 00:00:00
C102664,Returning,18-24,South East,2023-11-29 00:00:00
C102665,Returning,35-44,West Midlands,2023-03-02 00:00:00
C102666,Returning,18-24,London,2024-06-04 00:00:00
C102667,New,45-54,South West,2023-03-06 00:00:00
C102668,Returning,18-24,London,2025-02-11 00:00:00
C102669,Returning,25-34,South East,2023-08-10 00:00:00
C102670,Returning,35-44,North West,2023-04-21 00:00:00
C102671,Returning,25-34,North West,2023-05-09 00:00:00
C102672,Returning,35-44,East of England,2023-02-01 00:00:00
C102673,Returning,35-44,Yorkshire,2024-03-10 00:00:00
C102674,Returning,55+,South West,2023-03-06 00:00:00
C102675,Returning,18-24,South East,2023-03-30 00:00:00
C102676,Returning,35-44,London,2023-08-29 00:00:00
C102677,Returning,45-54,South West,2024-09-09 00:00:00
C102678,Returning,25-34,London,2023-08-31 00:00:00
C102679,New,35-44,East of England,2024-03-25 00:00:00
C102680,Returning,45-54,Scotland,2024-04-17 00:00:00
C102681,Returning,45-54,South East,2024-10-19 00:00:00
C102682,New,55+,South West,2023-02-21 00:00:00
C102683,Returning,45-54,West Midlands,2025-12-24 00:00:00
C102684,New,25-34,South East,2023-04-12 00:00:00
C102685,Returning,55+,West Midlands,2025-12-27 00:00:00
C102686,New,25-34,Yorkshire,2023-11-10 00:00:00
C102687,Returning,35-44,Scotland,2024-04-03 00:00:00
C102688,New,45-54,South East,2023-03-15 00:00:00
C102689,Returning,55+,Yorkshire,2024-02-08 00:00:00
C102690,Returning,55+,South East,2025-09-15 00:00:00
C102691,Returning,18-24,South East,2025-01-19 00:00:00
C102692,Returning,45-54,North West,2024-11-16 00:00:00
C102693,Returning,25-34,South West,2024-02-09 00:00:00
C102694,Returning,45-54,Yorkshire,2025-10-15 00:00:00
C102695,New,45-54,Scotland,2025-05-06 00:00:00
C102696,Returning,25-34,London,2023-10-05 00:00:00
C102697,New,45-54,North West,2024-10-23 00:00:00
C102698,Returning,35-44,South East,2024-03-12 00:00:00
C102699,Returning,35-44,South West,2023-08-08 00:00:00
C102700,Returning,55+,London,2024-12-22 00:00:00
C102701,Returning,35-44,London,2024-04-01 00:00:00
C102702,Returning,35-44,South West,2023-04-18 00:00:00
C102703,Returning,18-24,South East,2025-08-08 00:00:00
C102704,Returning,25-34,Yorkshire,2024-10-28 00:00:00
C102705,Returning,18-24,Scotland,2024-08-31 00:00:00
C102706,Returning,25-34,West Midlands,2026-01-04 00:00:00
C102707,New,25-34,North West,2025-02-19 00:00:00
C102708,New,35-44,Scotland,2025-12-13 00:00:00
C102709,Returning,45-54,South West,2025-02-19 00:00:00
C102710,Returning,25-34,London,2023-07-06 00:00:00
C102711,New,35-44,South West,2024-06-14 00:00:00
C102712,New,55+,North West,2024-07-14 00:00:00
C102713,New,25-34,South West,2023-11-22 00:00:00
C102714,Returning,35-44,North West,2023-12-07 00:00:00
C102715,New,18-24,London,2024-10-17 00:00:00
C102716,Returning,35-44,South West,2024-03-28 00:00:00
C102717,Returning,45-54,London,2023-05-05 00:00:00
C102718,New,18-24,East of England,2024-10-01 00:00:00
C102719,Returning,25-34,South West,2024-10-19 00:00:00
C102720,Returning,55+,Scotland,2025-06-17 00:00:00
C102721,Returning,25-34,London,2023-04-24 00:00:00
C102722,New,45-54,West Midlands,2024-05-17 00:00:00
C102723,Returning,35-44,London,2025-09-18 00:00:00
C102724,New,25-34,South East,2023-10-19 00:00:00
C102725,Returning,45-54,South East,2025-03-29 00:00:00
C102726,Returning,35-44,North West,2024-01-14 00:00:00
C102727,New,18-24,West Midlands,2023-07-19 00:00:00
C102728,Returning,55+,Scotland,2025-02-21 00:00:00
C102729,Returning,35-44,South East,2025-05-13 00:00:00
C102730,New,45-54,West Midlands,2025-10-03 00:00:00
C102731,New,25-34,Yorkshire,2025-03-09 00:00:00
C102732,Returning,25-34,South East,2023-12-04 00:00:00
C102733,New,45-54,Yorkshire,2025-03-12 00:00:00
C102734,New,35-44,Yorkshire,2023-02-05 00:00:00
C102735,Returning,25-34,Yorkshire,2024-01-04 00:00:00
C102736,New,45-54,Yorkshire,2023-08-23 00:00:00
C102737,Returning,35-44,South West,2024-07-29 00:00:00
C102738,Returning,25-34,Scotland,2025-01-29 00:00:00
C102739,Returning,45-54,London,2024-10-06 00:00:00
C102740,New,35-44,West Midlands,2023-07-19 00:00:00
C102741,Returning,35-44,South West,2024-02-19 00:00:00
C102742,New,45-54,London,2023-04-10 00:00:00
C102743,Returning,35-44,North West,2024-09-08 00:00:00
C102744,New,55+,Yorkshire,2025-03-28 00:00:00
C102745,Returning,45-54,London,2023-09-26 00:00:00
C102746,New,25-34,West Midlands,2024-08-03 00:00:00
C102747,New,35-44,South West,2025-08-20 00:00:00
C102748,Returning,55+,London,2023-05-06 00:00:00
C102749,New,55+,London,2025-11-22 00:00:00
C102750,New,25-34,South West,2024-01-01 00:00:00
C102751,Returning,25-34,South West,2023-12-26 00:00:00
C102752,Returning,25-34,North West,2025-02-24 00:00:00
C102753,New,55+,West Midlands,2024-01-12 00:00:00
C102754,Returning,55+,London,2024-03-22 00:00:00
C102755,Returning,45-54,South West,2023-08-26 00:00:00
C102756,Returning,25-34,South East,2023-05-29 00:00:00
C102757,Returning,55+,East of England,2025-08-09 00:00:00
C102758,Returning,18-24,South West,2023-04-18 00:00:00
C102759,Returning,25-34,London,2023-06-29 00:00:00
C102760,Returning,25-34,North West,2025-06-26 00:00:00
C102761,Returning,35-44,East of England,2025-05-28 00:00:00
C102762,New,35-44,East of England,2023-08-26 00:00:00
C102763,New,25-34,North West,2025-07-04 00:00:00
C102764,New,25-34,London,2025-03-08 00:00:00
C102765,Returning,45-54,Yorkshire,2023-12-14 00:00:00
C102766,Returning,18-24,Yorkshire,2023-03-29 00:00:00
C102767,Returning,35-44,North West,2025-05-04 00:00:00
C102768,Returning,25-34,South East,2025-01-18 00:00:00
C102769,Returning,25-34,East of England,2024-05-13 00:00:00
C102770,New,25-34,West Midlands,2023-10-29 00:00:00
C102771,Returning,45-54,South East,2024-01-19 00:00:00
C102772,Returning,35-44,South East,2023-10-28 00:00:00
C102773,New,25-34,South East,2025-09-09 00:00:00
C102774,Returning,45-54,West Midlands,2023-08-13 00:00:00
C102775,New,18-24,London,2024-05-13 00:00:00
C102776,Returning,45-54,North West,2024-12-05 00:00:00
C102777,Returning,25-34,London,2023-03-02 00:00:00
C102778,New,55+,South East,2024-07-06 00:00:00
C102779,New,18-24,London,2024-11-28 00:00:00
C102780,New,35-44,South East,2024-08-03 00:00:00
C102781,New,35-44,West Midlands,2024-12-24 00:00:00
C102782,Returning,35-44,West Midlands,2024-06-20 00:00:00
C102783,New,45-54,Yorkshire,2024-11-29 00:00:00
C102784,New,18-24,West Midlands,2025-12-11 00:00:00
C102785,Returning,25-34,Yorkshire,2024-02-01 00:00:00
C102786,Returning,45-54,London,2024-01-28 00:00:00
C102787,Returning,55+,West Midlands,2025-01-16 00:00:00
C102788,Returning,35-44,London,2023-04-09 00:00:00
C102789,Returning,35-44,West Midlands,2023-11-17 00:00:00
C102790,Returning,45-54,North West,2023-07-03 00:00:00
C102791,New,45-54,South West,2024-05-25 00:00:00
C102792,Returning,55+,North West,2023-05-14 00:00:00
C102793,Returning,45-54,South East,2023-08-27 00:00:00
C102794,Returning,25-34,South East,2024-04-12 00:00:00
C102795,Returning,35-44,Scotland,2024-11-05 00:00:00
C102796,Returning,35-44,London,2024-04-18 00:00:00
C102797,New,18-24,London,2025-06-10 00:00:00
C102798,Returning,45-54,London,2025-05-29 00:00:00
C102799,Returning,35-44,Scotland,2023-04-18 00:00:00
C102800,Returning,18-24,East of England,2025-02-03 00:00:00
C102801,Returning,35-44,South East,2023-01-30 00:00:00
C102802,New,25-34,London,2023-07-10 00:00:00
C102803,Returning,18-24,South West,2025-04-17 00:00:00
C102804,New,35-44,South East,2024-10-03 00:00:00
C102805,New,45-54,London,2023-12-22 00:00:00
C102806,New,35-44,West Midlands,2023-06-18 00:00:00
C102807,Returning,18-24,West Midlands,2023-12-23 00:00:00
C102808,New,35-44,South East,2025-05-07 00:00:00
C102809,New,18-24,Yorkshire,2024-09-13 00:00:00
C102810,New,55+,Yorkshire,2023-05-24 00:00:00
C102811,Returning,25-34,North West,2024-06-19 00:00:00
C102812,Returning,55+,London,2023-08-10 00:00:00
C102813,New,18-24,London,2023-05-14 00:00:00
C102814,New,18-24,East of England,2023-04-06 00:00:00
C102815,Returning,35-44,London,2025-04-16 00:00:00
C102816,New,45-54,West Midlands,2023-06-26 00:00:00
C102817,Returning,55+,London,2023-07-13 00:00:00
C102818,Returning,35-44,London,2025-08-10 00:00:00
C102819,Returning,25-34,West Midlands,2025-06-27 00:00:00
C102820,New,18-24,London,2024-07-06 00:00:00
C102821,Returning,35-44,Yorkshire,2025-04-20 00:00:00
C102822,New,25-34,South East,2023-01-26 00:00:00
C102823,Returning,55+,South West,2023-07-03 00:00:00
C102824,Returning,35-44,North West,2024-01-24 00:00:00
C102825,Returning,45-54,South East,2025-04-14 00:00:00
C102826,Returning,45-54,South West,2023-04-10 00:00:00
C102827,New,18-24,Scotland,2024-12-28 00:00:00
C102828,Returning,35-44,London,2023-03-19 00:00:00
C102829,Returning,55+,Yorkshire,2025-12-16 00:00:00
C102830,New,25-34,North West,2023-08-18 00:00:00
C102831,Returning,35-44,Yorkshire,2025-02-22 00:00:00
C102832,Returning,55+,London,2024-11-15 00:00:00
C102833,Returning,25-34,London,2024-03-05 00:00:00
C102834,Returning,55+,South East,2025-04-19 00:00:00
C102835,Returning,25-34,London,2024-11-13 00:00:00
C102836,Returning,35-44,South East,2024-05-10 00:00:00
C102837,New,25-34,East of England,2024-12-29 00:00:00
C102838,New,35-44,South East,2023-11-12 00:00:00
C102839,New,18-24,West Midlands,2025-03-31 00:00:00
C102840,Returning,18-24,South East,2025-02-09 00:00:00
C102841,Returning,25-34,West Midlands,2024-05-30 00:00:00
C102842,Returning,25-34,South West,2024-12-24 00:00:00
C102843,New,35-44,East of England,2025-06-29 00:00:00
C102844,New,18-24,West Midlands,2024-12-07 00:00:00
C102845,Returning,25-34,West Midlands,2023-11-12 00:00:00
C102846,New,25-34,London,2023-11-01 00:00:00
C102847,New,35-44,Scotland,2025-11-25 00:00:00
C102848,Returning,25-34,South East,2025-06-08 00:00:00
C102849,New,25-34,South East,2023-12-08 00:00:00
C102850,Returning,35-44,West Midlands,2025-02-27 00:00:00
C102851,Returning,45-54,London,2023-02-11 00:00:00
C102852,Returning,45-54,South East,2025-01-31 00:00:00
C102853,New,25-34,Scotland,2023-08-09 00:00:00
C102854,Returning,45-54,London,2023-12-09 00:00:00
C102855,Returning,35-44,South East,2025-10-17 00:00:00
C102856,Returning,35-44,London,2023-06-02 00:00:00
C102857,Returning,25-34,London,2025-05-19 00:00:00
C102858,Returning,25-34,Scotland,2024-03-19 00:00:00
C102859,Returning,35-44,Yorkshire,2024-04-28 00:00:00
C102860,Returning,25-34,East of England,2024-05-22 00:00:00
C102861,Returning,45-54,East of England,2025-09-22 00:00:00
C102862,New,25-34,North West,2024-07-04 00:00:00
C102863,New,25-34,North West,2023-09-29 00:00:00
C102864,Returning,25-34,West Midlands,2023-01-08 00:00:00
C102865,New,25-34,Yorkshire,2023-09-14 00:00:00
C102866,Returning,35-44,Yorkshire,2023-06-24 00:00:00
C102867,Returning,18-24,North West,2023-05-22 00:00:00
C102868,Returning,35-44,West Midlands,2025-12-28 00:00:00
C102869,New,25-34,Yorkshire,2024-05-01 00:00:00
C102870,Returning,35-44,London,2026-01-03 00:00:00
C102871,Returning,55+,North West,2024-07-19 00:00:00
C102872,New,45-54,North West,2023-08-30 00:00:00
C102873,New,35-44,North West,2023-06-09 00:00:00
C102874,New,25-34,North West,2025-04-15 00:00:00
C102875,New,45-54,South West,2023-05-07 00:00:00
C102876,New,55+,South West,2023-02-27 00:00:00
C102877,Returning,35-44,South East,2024-03-05 00:00:00
C102878,Returning,18-24,South East,2023-12-13 00:00:00
C102879,New,45-54,London,2023-09-13 00:00:00
C102880,New,18-24,London,2024-07-19 00:00:00
C102881,New,45-54,South East,2024-09-23 00:00:00
C102882,Returning,18-24,South West,2024-04-22 00:00:00
C102883,New,18-24,South West,2024-07-30 00:00:00
C102884,Returning,45-54,South East,2025-01-05 00:00:00
C102885,New,45-54,East of England,2023-06-28 00:00:00
C102886,New,35-44,South East,2024-02-11 00:00:00
C102887,Returning,45-54,South West,2023-01-15 00:00:00
C102888,New,45-54,West Midlands,2025-12-01 00:00:00
C102889,New,35-44,Yorkshire,2024-12-10 00:00:00
C102890,New,55+,South East,2025-06-02 00:00:00
C102891,Returning,25-34,London,2025-04-30 00:00:00
C102892,Returning,25-34,South East,2023-01-07 00:00:00
C102893,Returning,45-54,Yorkshire,2024-06-21 00:00:00
C102894,Returning,25-34,East of England,2025-08-14 00:00:00
C102895,New,55+,North West,2024-09-25 00:00:00
C102896,Returning,18-24,South West,2024-10-19 00:00:00
C102897,New,18-24,London,2025-11-23 00:00:00
C102898,Returning,18-24,South West,2025-04-04 00:00:00
C102899,Returning,35-44,East of England,2025-04-24 00:00:00
C102900,Returning,45-54,West Midlands,2025-05-28 00:00:00
C102901,Returning,25-34,West Midlands,2024-01-03 00:00:00
C102902,New,18-24,London,2025-12-06 00:00:00
C102903,Returning,25-34,London,2025-07-24 00:00:00
C102904,New,25-34,London,2023-02-06 00:00:00
C102905,Returning,35-44,Yorkshire,2024-08-26 00:00:00
C102906,Returning,35-44,South West,2023-09-30 00:00:00
C102907,New,18-24,London,2024-07-28 00:00:00
C102908,Returning,25-34,East of England,2025-06-08 00:00:00
C102909,Returning,35-44,East of England,2025-01-31 00:00:00
C102910,Returning,25-34,North West,2025-05-29 00:00:00
C102911,New,25-34,Scotland,2024-04-17 00:00:00
C102912,Returning,35-44,East of England,2023-03-27 00:00:00
C102913,Returning,25-34,London,2025-08-26 00:00:00
C102914,Returning,18-24,Scotland,2023-03-28 00:00:00
C102915,New,25-34,West Midlands,2023-07-04 00:00:00
C102916,New,45-54,London,2025-03-05 00:00:00
C102917,Returning,25-34,London,2024-04-09 00:00:00
C102918,New,45-54,Yorkshire,2024-06-08 00:00:00
C102919,Returning,35-44,Scotland,2023-03-13 00:00:00
C102920,Returning,35-44,West Midlands,2023-07-08 00:00:00
C102921,New,45-54,North West,2025-02-14 00:00:00
C102922,New,25-34,South East,2024-09-14 00:00:00
C102923,Returning,25-34,East of England,2023-10-25 00:00:00
C102924,New,18-24,London,2024-03-16 00:00:00
C102925,Returning,35-44,North West,2024-04-12 00:00:00
C102926,Returning,35-44,North West,2025-10-12 00:00:00
C102927,Returning,45-54,London,2025-09-01 00:00:00
C102928,New,35-44,Scotland,2024-06-11 00:00:00
C102929,Returning,25-34,Scotland,2023-07-24 00:00:00
C102930,Returning,25-34,West Midlands,2024-09-16 00:00:00
C102931,New,25-34,Yorkshire,2023-01-03 00:00:00
C102932,Returning,45-54,East of England,2024-12-12 00:00:00
C102933,Returning,18-24,London,2024-09-27 00:00:00
C102934,Returning,55+,London,2025-09-15 00:00:00
C102935,Returning,18-24,Yorkshire,2024-04-26 00:00:00
C102936,New,35-44,North West,2024-09-10 00:00:00
C102937,New,18-24,Yorkshire,2023-03-02 00:00:00
C102938,New,45-54,North West,2025-06-26 00:00:00
C102939,New,25-34,Yorkshire,2023-11-22 00:00:00
C102940,Returning,35-44,London,2025-04-13 00:00:00
C102941,New,55+,London,2023-09-21 00:00:00
C102942,Returning,35-44,London,2024-01-18 00:00:00
C102943,New,25-34,West Midlands,2023-10-14 00:00:00
C102944,New,45-54,South West,2025-09-15 00:00:00
C102945,Returning,35-44,East of England,2025-05-18 00:00:00
C102946,New,18-24,West Midlands,2025-02-13 00:00:00
C102947,Returning,35-44,North West,2023-12-02 00:00:00
C102948,Returning,45-54,South East,2025-03-17 00:00:00
C102949,Returning,25-34,West Midlands,2024-06-22 00:00:00
C102950,New,45-54,Scotland,2025-02-25 00:00:00
C102951,Returning,45-54,South East,2023-10-20 00:00:00
C102952,New,35-44,South West,2024-08-16 00:00:00
C102953,Returning,25-34,London,2025-11-11 00:00:00
C102954,Returning,45-54,South East,2023-03-28 00:00:00
C102955,New,25-34,Yorkshire,2025-05-01 00:00:00
C102956,New,25-34,South West,2025-02-06 00:00:00
C102957,New,25-34,North West,2024-04-10 00:00:00
C102958,New,55+,East of England,2025-09-27 00:00:00
C102959,Returning,25-34,South West,2025-03-10 00:00:00
C102960,Returning,25-34,North West,2024-08-03 00:00:00
C102961,Returning,25-34,South East,2023-12-13 00:00:00
C102962,New,18-24,South East,2025-01-25 00:00:00
C102963,Returning,55+,North West,2023-04-01 00:00:00
C102964,New,35-44,Yorkshire,2023-10-10 00:00:00
C102965,Returning,45-54,West Midlands,2024-04-18 00:00:00
C102966,New,45-54,West Midlands,2023-09-04 00:00:00
C102967,New,25-34,London,2024-09-13 00:00:00
C102968,Returning,45-54,London,2025-08-16 00:00:00
C102969,New,55+,West Midlands,2024-01-20 00:00:00
C102970,Returning,45-54,East of England,2024-03-23 00:00:00
C102971,Returning,45-54,South West,2024-03-17 00:00:00
C102972,New,35-44,Scotland,2025-03-08 00:00:00
C102973,Returning,45-54,Yorkshire,2025-02-24 00:00:00
C102974,Returning,18-24,London,2023-09-15 00:00:00
C102975,Returning,45-54,Yorkshire,2025-09-11 00:00:00
C102976,Returning,25-34,South West,2024-12-13 00:00:00
C102977,Returning,35-44,Yorkshire,2025-09-10 00:00:00
C102978,Returning,55+,West Midlands,2025-08-20 00:00:00
C102979,Returning,35-44,North West,2024-09-25 00:00:00
C102980,Returning,18-24,London,2025-02-13 00:00:00
C102981,New,45-54,South East,2024-11-23 00:00:00
C102982,New,55+,London,2024-11-01 00:00:00
C102983,Returning,35-44,West Midlands,2024-08-09 00:00:00
C102984,New,45-54,East of England,2023-09-12 00:00:00
C102985,New,45-54,London,2024-02-13 00:00:00
C102986,New,45-54,London,2025-02-14 00:00:00
C102987,Returning,25-34,South West,2025-03-22 00:00:00
C102988,New,35-44,East of England,2024-05-29 00:00:00
C102989,Returning,45-54,North West,2023-05-03 00:00:00
C102990,Returning,55+,South East,2023-05-28 00:00:00
C102991,Returning,25-34,West Midlands,2025-09-10 00:00:00
C102992,New,25-34,Yorkshire,2023-05-19 00:00:00
C102993,Returning,25-34,East of England,2023-11-09 00:00:00
C102994,Returning,45-54,London,2023-03-11 00:00:00
C102995,Returning,55+,East of England,2023-08-29 00:00:00
C102996,Returning,35-44,Yorkshire,2025-07-12 00:00:00
C102997,New,18-24,Yorkshire,2023-10-29 00:00:00
C102998,Returning,25-34,London,2025-07-07 00:00:00
C102999,New,45-54,East of England,2025-06-11 00:00:00
C103000,Returning,25-34,North West,2025-02-09 00:00:00
C103001,Returning,18-24,South East,2023-10-23 00:00:00
C103002,New,25-34,West Midlands,2026-01-01 00:00:00
C103003,Returning,45-54,South East,2024-11-01 00:00:00
C103004,New,35-44,London,2025-04-26 00:00:00
C103005,Returning,25-34,London,2024-01-13 00:00:00
C103006,Returning,25-34,South East,2024-12-30 00:00:00
C103007,New,55+,West Midlands,2024-12-23 00:00:00
C103008,New,35-44,Yorkshire,2024-10-18 00:00:00
C103009,Returning,35-44,Yorkshire,2024-10-12 00:00:00
C103010,New,25-34,North West,2025-02-12 00:00:00
C103011,Returning,25-34,London,2026-01-02 00:00:00
C103012,Returning,45-54,West Midlands,2025-08-14 00:00:00
C103013,Returning,45-54,Yorkshire,2023-12-09 00:00:00
C103014,New,35-44,South West,2025-09-04 00:00:00
C103015,Returning,55+,South East,2024-01-20 00:00:00
C103016,Returning,25-34,East of England,2023-10-01 00:00:00
C103017,New,45-54,South West,2023-08-07 00:00:00
C103018,New,18-24,East of England,2025-02-12 00:00:00
C103019,New,25-34,Yorkshire,2024-05-25 00:00:00
C103020,Returning,45-54,West Midlands,2025-06-29 00:00:00
C103021,Returning,55+,Scotland,2025-07-10 00:00:00
C103022,Returning,45-54,East of England,2024-08-15 00:00:00
C103023,Returning,35-44,South West,2023-08-21 00:00:00
C103024,New,45-54,East of England,2023-05-04 00:00:00
C103025,New,45-54,East of England,2025-11-23 00:00:00
C103026,New,25-34,South West,2023-12-04 00:00:00
C103027,Returning,35-44,London,2023-01-15 00:00:00
C103028,Returning,35-44,North West,2024-03-12 00:00:00
C103029,New,35-44,North West,2025-06-04 00:00:00
C103030,Returning,55+,South West,2023-04-11 00:00:00
C103031,New,35-44,West Midlands,2025-01-30 00:00:00
C103032,New,25-34,North West,2024-04-02 00:00:00
C103033,New,25-34,Scotland,2025-09-22 00:00:00
C103034,Returning,45-54,West Midlands,2024-05-08 00:00:00
C103035,Returning,18-24,London,2024-07-27 00:00:00
C103036,Returning,45-54,Yorkshire,2024-05-17 00:00:00
C103037,New,18-24,South East,2025-01-19 00:00:00
C103038,New,25-34,South East,2023-03-19 00:00:00
C103039,Returning,45-54,North West,2023-02-24 00:00:00
C103040,New,25-34,Scotland,2024-10-02 00:00:00
C103041,Returning,45-54,South East,2024-03-09 00:00:00
C103042,Returning,18-24,South East,2023-07-04 00:00:00
C103043,Returning,35-44,West Midlands,2025-04-27 00:00:00
C103044,Returning,35-44,Yorkshire,2025-04-04 00:00:00
C103045,Returning,55+,West Midlands,2023-04-30 00:00:00
C103046,Returning,18-24,West Midlands,2023-07-22 00:00:00
C103047,Returning,25-34,Yorkshire,2025-05-10 00:00:00
C103048,Returning,35-44,Scotland,2024-06-09 00:00:00
C103049,New,55+,South East,2023-12-06 00:00:00
C103050,Returning,45-54,North West,2024-08-05 00:00:00
C103051,New,45-54,South West,2024-01-24 00:00:00
C103052,Returning,35-44,London,2023-04-13 00:00:00
C103053,Returning,35-44,South West,2024-12-13 00:00:00
C103054,Returning,45-54,South East,2025-02-04 00:00:00
C103055,Returning,45-54,London,2023-03-27 00:00:00
C103056,Returning,45-54,London,2023-10-02 00:00:00
C103057,New,45-54,London,2024-11-18 00:00:00
C103058,New,55+,South West,2025-04-12 00:00:00
C103059,New,18-24,Yorkshire,2025-10-02 00:00:00
C103060,Returning,25-34,South West,2024-10-26 00:00:00
C103061,Returning,55+,South West,2023-04-14 00:00:00
C103062,New,35-44,South East,2024-01-23 00:00:00
C103063,Returning,25-34,Scotland,2023-10-06 00:00:00
C103064,New,35-44,East of England,2025-12-22 00:00:00
C103065,Returning,35-44,South East,2023-01-16 00:00:00
C103066,Returning,45-54,South West,2024-02-18 00:00:00
C103067,New,45-54,South West,2024-07-23 00:00:00
C103068,Returning,18-24,West Midlands,2023-11-26 00:00:00
C103069,Returning,35-44,London,2025-03-15 00:00:00
C103070,New,18-24,South East,2023-05-25 00:00:00
C103071,Returning,55+,Scotland,2025-10-16 00:00:00
C103072,Returning,25-34,Yorkshire,2024-03-16 00:00:00
C103073,Returning,35-44,South West,2024-02-09 00:00:00
C103074,Returning,35-44,East of England,2025-10-12 00:00:00
C103075,Returning,35-44,London,2023-06-13 00:00:00
C103076,New,35-44,Scotland,2024-05-30 00:00:00
C103077,Returning,45-54,North West,2023-02-01 00:00:00
C103078,Returning,35-44,South West,2024-07-16 00:00:00
C103079,New,18-24,South East,2023-12-24 00:00:00
C103080,New,25-34,South East,2025-03-25 00:00:00
C103081,New,35-44,South East,2024-07-17 00:00:00
C103082,Returning,25-34,South East,2024-11-18 00:00:00
C103083,Returning,45-54,London,2025-09-17 00:00:00
C103084,Returning,25-34,South East,2025-11-11 00:00:00
C103085,New,45-54,Yorkshire,2023-08-27 00:00:00
C103086,New,25-34,East of England,2024-07-06 00:00:00
C103087,Returning,45-54,London,2025-05-09 00:00:00
C103088,Returning,25-34,London,2023-05-21 00:00:00
C103089,Returning,35-44,North West,2024-06-13 00:00:00
C103090,Returning,25-34,Yorkshire,2024-09-04 00:00:00
C103091,Returning,35-44,North West,2025-08-12 00:00:00
C103092,Returning,25-34,Scotland,2023-04-08 00:00:00
C103093,Returning,45-54,London,2025-08-07 00:00:00
C103094,Returning,35-44,West Midlands,2023-09-19 00:00:00
C103095,New,55+,East of England,2025-08-01 00:00:00
C103096,New,45-54,North West,2024-12-21 00:00:00
C103097,Returning,35-44,North West,2024-03-17 00:00:00
C103098,New,45-54,Scotland,2023-05-28 00:00:00
C103099,New,25-34,South East,2024-01-16 00:00:00
C103100,Returning,35-44,London,2025-03-24 00:00:00
C103101,New,25-34,London,2023-08-17 00:00:00
C103102,Returning,45-54,South West,2025-01-06 00:00:00
C103103,Returning,18-24,East of England,2023-09-09 00:00:00
C103104,Returning,25-34,London,2023-03-31 00:00:00
C103105,Returning,35-44,West Midlands,2024-11-08 00:00:00
C103106,New,35-44,North West,2025-06-12 00:00:00
C103107,Returning,25-34,London,2025-11-24 00:00:00
C103108,New,35-44,East of England,2024-07-06 00:00:00
C103109,Returning,45-54,West Midlands,2024-10-28 00:00:00
C103110,New,25-34,East of England,2025-01-19 00:00:00
C103111,New,25-34,South West,2024-03-29 00:00:00
C103112,Returning,55+,South East,2023-02-09 00:00:00
C103113,Returning,55+,Yorkshire,2023-09-24 00:00:00
C103114,Returning,18-24,South West,2024-02-22 00:00:00
C103115,Returning,35-44,South East,2024-12-18 00:00:00
C103116,New,18-24,South East,2023-12-02 00:00:00
C103117,Returning,55+,South West,2023-08-21 00:00:00
C103118,New,35-44,Yorkshire,2025-09-22 00:00:00
C103119,New,25-34,Yorkshire,2023-04-13 00:00:00
C103120,New,25-34,South East,2025-05-17 00:00:00
C103121,New,35-44,Yorkshire,2023-04-13 00:00:00
C103122,New,25-34,Yorkshire,2023-12-19 00:00:00
C103123,Returning,45-54,South East,2025-07-24 00:00:00
C103124,New,35-44,South East,2025-07-14 00:00:00
C103125,New,35-44,West Midlands,2024-02-25 00:00:00
C103126,Returning,45-54,Yorkshire,2023-01-20 00:00:00
C103127,New,25-34,London,2025-10-31 00:00:00
C103128,Returning,25-34,East of England,2025-09-04 00:00:00
C103129,Returning,25-34,South East,2024-06-30 00:00:00
C103130,Returning,45-54,East of England,2023-02-01 00:00:00
C103131,Returning,18-24,London,2025-01-30 00:00:00
C103132,New,45-54,Yorkshire,2025-05-11 00:00:00
C103133,New,35-44,North West,2025-06-28 00:00:00
C103134,Returning,35-44,Yorkshire,2025-03-15 00:00:00
C103135,Returning,35-44,Scotland,2025-08-19 00:00:00
C103136,Returning,18-24,London,2024-07-15 00:00:00
C103137,New,25-34,London,2023-06-28 00:00:00
C103138,Returning,45-54,London,2025-01-28 00:00:00
C103139,New,25-34,North West,2023-08-27 00:00:00
C103140,New,35-44,South West,2024-11-23 00:00:00
C103141,New,55+,London,2023-06-15 00:00:00
C103142,Returning,18-24,South West,2023-02-13 00:00:00
C103143,New,35-44,West Midlands,2024-05-05 00:00:00
C103144,Returning,25-34,Scotland,2024-10-13 00:00:00
C103145,Returning,18-24,South East,2023-06-20 00:00:00
C103146,Returning,55+,Scotland,2025-05-13 00:00:00
C103147,Returning,55+,North West,2024-12-16 00:00:00
C103148,Returning,25-34,Scotland,2025-05-30 00:00:00
C103149,New,55+,North West,2024-02-04 00:00:00
C103150,New,18-24,South East,2024-12-26 00:00:00
C103151,Returning,55+,South West,2025-11-26 00:00:00
C103152,New,45-54,West Midlands,2023-07-20 00:00:00
C103153,New,25-34,South East,2025-06-17 00:00:00
C103154,New,35-44,West Midlands,2024-11-22 00:00:00
C103155,New,45-54,East of England,2025-03-07 00:00:00
C103156,New,25-34,Yorkshire,2024-11-19 00:00:00
C103157,New,25-34,London,2025-01-27 00:00:00
C103158,Returning,35-44,East of England,2025-05-07 00:00:00
C103159,New,25-34,West Midlands,2023-02-13 00:00:00
C103160,Returning,18-24,London,2023-02-04 00:00:00
C103161,Returning,25-34,London,2023-04-03 00:00:00
C103162,New,45-54,London,2025-10-19 00:00:00
C103163,Returning,25-34,Yorkshire,2024-04-20 00:00:00
C103164,Returning,35-44,South East,2025-12-26 00:00:00
C103165,Returning,25-34,London,2025-10-03 00:00:00
C103166,New,25-34,South East,2024-01-15 00:00:00
C103167,New,35-44,East of England,2023-04-14 00:00:00
C103168,New,18-24,North West,2025-07-16 00:00:00
C103169,Returning,35-44,West Midlands,2024-04-07 00:00:00
C103170,Returning,25-34,Yorkshire,2023-11-24 00:00:00
C103171,Returning,35-44,London,2025-05-23 00:00:00
C103172,Returning,25-34,East of England,2024-06-14 00:00:00
C103173,Returning,45-54,London,2023-12-18 00:00:00
C103174,Returning,18-24,London,2024-03-12 00:00:00
C103175,New,55+,South East,2025-10-19 00:00:00
C103176,Returning,25-34,London,2023-11-29 00:00:00
C103177,New,18-24,London,2025-10-25 00:00:00
C103178,New,35-44,Yorkshire,2024-10-10 00:00:00
C103179,Returning,25-34,West Midlands,2023-03-04 00:00:00
C103180,Returning,35-44,London,2023-05-05 00:00:00
C103181,New,45-54,Yorkshire,2024-11-09 00:00:00
C103182,Returning,45-54,Yorkshire,2023-05-31 00:00:00
C103183,New,35-44,East of England,2023-06-10 00:00:00
C103184,New,55+,London,2024-05-24 00:00:00
C103185,New,35-44,East of England,2024-04-30 00:00:00
C103186,Returning,18-24,Yorkshire,2025-11-01 00:00:00
C103187,Returning,45-54,North West,2025-09-14 00:00:00
C103188,New,25-34,South East,2025-10-19 00:00:00
C103189,New,25-34,West Midlands,2023-03-22 00:00:00
C103190,New,18-24,London,2025-06-03 00:00:00
C103191,New,25-34,Yorkshire,2025-10-28 00:00:00
C103192,Returning,25-34,Yorkshire,2024-11-03 00:00:00
C103193,Returning,25-34,London,2025-12-29 00:00:00
C103194,Returning,35-44,South East,2025-06-02 00:00:00
C103195,Returning,45-54,East of England,2025-01-07 00:00:00
C103196,Returning,55+,West Midlands,2024-03-22 00:00:00
C103197,New,18-24,North West,2024-01-27 00:00:00
C103198,New,25-34,Scotland,2024-03-10 00:00:00
C103199,Returning,35-44,London,2023-10-04 00:00:00
C103200,Returning,18-24,North West,2024-09-28 00:00:00
C103201,Returning,25-34,South West,2024-04-20 00:00:00
C103202,Returning,35-44,South East,2023-11-24 00:00:00
C103203,Returning,45-54,South East,2023-07-17 00:00:00
C103204,Returning,25-34,East of England,2024-07-21 00:00:00
C103205,Returning,35-44,London,2023-01-23 00:00:00
C103206,New,35-44,London,2024-02-15 00:00:00
C103207,New,45-54,West Midlands,2023-03-11 00:00:00
C103208,New,25-34,South West,2024-01-05 00:00:00
C103209,New,45-54,West Midlands,2024-12-30 00:00:00
C103210,New,45-54,South East,2024-12-02 00:00:00
C103211,Returning,25-34,West Midlands,2023-01-23 00:00:00
C103212,Returning,35-44,West Midlands,2025-02-17 00:00:00
C103213,Returning,35-44,Yorkshire,2023-11-28 00:00:00
C103214,New,25-34,East of England,2024-06-07 00:00:00
C103215,Returning,35-44,South East,2025-01-14 00:00:00
C103216,New,35-44,Yorkshire,2023-02-09 00:00:00
C103217,New,45-54,Yorkshire,2023-07-12 00:00:00
C103218,New,18-24,South West,2023-07-01 00:00:00
C103219,New,35-44,North West,2024-01-01 00:00:00
C103220,New,25-34,London,2023-01-18 00:00:00
C103221,Returning,35-44,Yorkshire,2023-02-04 00:00:00
C103222,Returning,45-54,North West,2024-07-17 00:00:00
C103223,Returning,35-44,North West,2023-05-04 00:00:00
C103224,New,35-44,South East,2024-04-24 00:00:00
C103225,Returning,25-34,London,2023-09-06 00:00:00
C103226,Returning,25-34,London,2025-12-30 00:00:00
C103227,New,45-54,London,2023-05-19 00:00:00
C103228,Returning,25-34,London,2024-06-12 00:00:00
C103229,Returning,45-54,South East,2024-06-03 00:00:00
C103230,Returning,35-44,London,2025-03-23 00:00:00
C103231,New,55+,South East,2023-05-20 00:00:00
C103232,Returning,25-34,Scotland,2025-11-26 00:00:00
C103233,New,35-44,North West,2023-12-02 00:00:00
C103234,New,18-24,South East,2023-02-08 00:00:00
C103235,New,55+,Yorkshire,2025-03-06 00:00:00
C103236,Returning,35-44,West Midlands,2024-08-19 00:00:00
C103237,New,35-44,London,2024-12-20 00:00:00
C103238,New,45-54,North West,2025-09-29 00:00:00
C103239,New,25-34,South East,2024-02-26 00:00:00
C103240,Returning,35-44,North West,2025-09-25 00:00:00
C103241,Returning,45-54,London,2025-10-21 00:00:00
C103242,Returning,18-24,West Midlands,2024-08-25 00:00:00
C103243,New,55+,London,2025-05-15 00:00:00
C103244,New,55+,South East,2023-02-07 00:00:00
C103245,Returning,55+,Yorkshire,2024-10-29 00:00:00
C103246,New,45-54,London,2023-03-30 00:00:00
C103247,Returning,25-34,West Midlands,2024-04-25 00:00:00
C103248,Returning,35-44,London,2025-04-04 00:00:00
C103249,Returning,25-34,Yorkshire,2023-03-08 00:00:00
C103250,Returning,45-54,North West,2024-03-23 00:00:00
C103251,Returning,25-34,South West,2024-03-30 00:00:00
C103252,New,45-54,North West,2023-09-19 00:00:00
C103253,Returning,25-34,Scotland,2024-08-22 00:00:00
C103254,New,25-34,South East,2025-06-08 00:00:00
C103255,Returning,18-24,South West,2025-12-26 00:00:00
C103256,New,45-54,West Midlands,2025-09-23 00:00:00
C103257,New,25-34,South East,2025-11-12 00:00:00
C103258,Returning,25-34,Yorkshire,2023-08-12 00:00:00
C103259,New,25-34,Scotland,2023-05-04 00:00:00
C103260,New,25-34,South West,2023-07-21 00:00:00
C103261,Returning,55+,South East,2025-12-13 00:00:00
C103262,New,35-44,West Midlands,2023-08-29 00:00:00
C103263,Returning,25-34,London,2025-04-10 00:00:00
C103264,New,25-34,North West,2024-03-22 00:00:00
C103265,New,18-24,West Midlands,2025-01-20 00:00:00
C103266,New,25-34,London,2025-04-08 00:00:00
C103267,Returning,18-24,London,2025-09-20 00:00:00
C103268,Returning,18-24,East of England,2023-04-06 00:00:00
C103269,New,18-24,London,2023-12-24 00:00:00
C103270,Returning,25-34,South East,2023-05-11 00:00:00
C103271,Returning,45-54,London,2024-03-15 00:00:00
C103272,Returning,18-24,West Midlands,2024-02-06 00:00:00
C103273,Returning,35-44,London,2025-08-16 00:00:00
C103274,Returning,35-44,Yorkshire,2025-02-12 00:00:00
C103275,Returning,55+,London,2023-04-25 00:00:00
C103276,Returning,25-34,London,2024-05-05 00:00:00
C103277,Returning,45-54,London,2025-02-19 00:00:00
C103278,New,45-54,South East,2025-03-26 00:00:00
C103279,New,55+,Yorkshire,2025-06-09 00:00:00
C103280,Returning,45-54,London,2023-09-05 00:00:00
C103281,New,25-34,Yorkshire,2025-08-31 00:00:00
C103282,New,55+,West Midlands,2025-09-20 00:00:00
C103283,New,45-54,London,2023-08-30 00:00:00
C103284,New,25-34,South East,2024-12-27 00:00:00
C103285,Returning,25-34,North West,2025-01-17 00:00:00
C103286,Returning,55+,South East,2025-08-25 00:00:00
C103287,Returning,25-34,North West,2023-04-05 00:00:00
C103288,New,45-54,South West,2023-09-13 00:00:00
C103289,Returning,25-34,London,2025-08-05 00:00:00
C103290,New,45-54,West Midlands,2023-02-09 00:00:00
C103291,Returning,18-24,West Midlands,2024-06-13 00:00:00
C103292,Returning,45-54,South East,2023-11-19 00:00:00
C103293,Returning,35-44,West Midlands,2024-11-17 00:00:00
C103294,Returning,55+,North West,2024-06-04 00:00:00
C103295,Returning,25-34,North West,2025-07-25 00:00:00
C103296,Returning,18-24,Yorkshire,2023-03-27 00:00:00
C103297,Returning,25-34,London,2024-07-10 00:00:00
C103298,Returning,18-24,West Midlands,2024-07-24 00:00:00
C103299,New,55+,South West,2024-07-13 00:00:00
C103300,Returning,25-34,West Midlands,2023-03-27 00:00:00
C103301,New,25-34,Yorkshire,2024-05-26 00:00:00
C103302,New,45-54,North West,2025-08-26 00:00:00
C103303,Returning,25-34,West Midlands,2024-10-22 00:00:00
C103304,Returning,25-34,London,2023-04-30 00:00:00
C103305,New,35-44,North West,2025-02-28 00:00:00
C103306,New,25-34,North West,2025-10-18 00:00:00
C103307,New,45-54,London,2025-06-04 00:00:00
C103308,Returning,35-44,London,2023-04-13 00:00:00
C103309,New,25-34,London,2023-02-02 00:00:00
C103310,Returning,35-44,North West,2023-07-13 00:00:00
C103311,Returning,45-54,London,2024-01-18 00:00:00
C103312,Returning,25-34,East of England,2025-10-14 00:00:00
C103313,Returning,45-54,Scotland,2024-04-20 00:00:00
C103314,New,25-34,Scotland,2025-12-03 00:00:00
C103315,New,35-44,London,2023-04-19 00:00:00
C103316,Returning,45-54,West Midlands,2025-04-17 00:00:00
C103317,New,18-24,East of England,2025-04-06 00:00:00
C103318,New,35-44,Yorkshire,2025-11-21 00:00:00
C103319,New,18-24,South East,2024-07-29 00:00:00
C103320,New,45-54,East of England,2024-10-28 00:00:00
C103321,Returning,35-44,North West,2023-01-03 00:00:00
C103322,Returning,25-34,Yorkshire,2025-08-27 00:00:00
C103323,Returning,18-24,Scotland,2024-11-25 00:00:00
C103324,Returning,55+,Scotland,2025-02-09 00:00:00
C103325,Returning,25-34,West Midlands,2024-01-08 00:00:00
C103326,Returning,25-34,London,2023-03-27 00:00:00
C103327,Returning,18-24,North West,2025-03-10 00:00:00
C103328,Returning,35-44,Yorkshire,2025-03-17 00:00:00
C103329,New,25-34,North West,2023-07-17 00:00:00
C103330,Returning,45-54,West Midlands,2025-06-26 00:00:00
C103331,New,45-54,North West,2023-01-02 00:00:00
C103332,New,18-24,North West,2024-12-19 00:00:00
C103333,New,35-44,Scotland,2023-04-06 00:00:00
C103334,New,25-34,East of England,2025-04-07 00:00:00
C103335,New,18-24,West Midlands,2024-04-29 00:00:00
C103336,Returning,35-44,North West,2023-12-27 00:00:00
C103337,Returning,25-34,North West,2025-04-02 00:00:00
C103338,New,55+,North West,2025-06-02 00:00:00
C103339,Returning,35-44,London,2024-10-26 00:00:00
C103340,New,25-34,Yorkshire,2025-03-17 00:00:00
C103341,Returning,55+,Yorkshire,2023-01-17 00:00:00
C103342,New,35-44,West Midlands,2025-06-22 00:00:00
C103343,New,25-34,East of England,2024-10-12 00:00:00
C103344,Returning,35-44,Scotland,2023-06-22 00:00:00
C103345,Returning,55+,South West,2024-06-14 00:00:00
C103346,Returning,25-34,East of England,2024-11-20 00:00:00
C103347,Returning,25-34,West Midlands,2025-05-26 00:00:00
C103348,Returning,35-44,East of England,2024-07-23 00:00:00
C103349,Returning,25-34,Scotland,2023-10-10 00:00:00
C103350,New,25-34,North West,2023-10-07 00:00:00
C103351,New,35-44,London,2025-03-01 00:00:00
C103352,New,55+,London,2025-08-06 00:00:00
C103353,New,45-54,West Midlands,2024-11-25 00:00:00
C103354,Returning,18-24,Yorkshire,2025-05-28 00:00:00
C103355,New,25-34,West Midlands,2024-11-16 00:00:00
C103356,Returning,18-24,South West,2024-06-24 00:00:00
C103357,Returning,25-34,South West,2024-03-22 00:00:00
C103358,Returning,35-44,London,2024-06-22 00:00:00
C103359,Returning,25-34,London,2023-01-15 00:00:00
C103360,New,45-54,Yorkshire,2024-09-28 00:00:00
C103361,New,35-44,South East,2023-07-26 00:00:00
C103362,Returning,35-44,Scotland,2025-09-17 00:00:00
C103363,Returning,55+,East of England,2025-07-17 00:00:00
C103364,New,45-54,West Midlands,2024-06-27 00:00:00
C103365,New,55+,North West,2024-11-09 00:00:00
C103366,Returning,45-54,East of England,2023-02-11 00:00:00
C103367,Returning,35-44,East of England,2024-09-27 00:00:00
C103368,New,25-34,North West,2025-07-24 00:00:00
C103369,Returning,25-34,Scotland,2024-08-01 00:00:00
C103370,Returning,55+,North West,2025-08-04 00:00:00
C103371,New,18-24,London,2023-03-26 00:00:00
C103372,Returning,55+,North West,2025-12-08 00:00:00
C103373,New,25-34,South West,2024-01-18 00:00:00
C103374,Returning,45-54,Scotland,2023-01-30 00:00:00
C103375,Returning,25-34,London,2024-11-12 00:00:00
C103376,New,55+,West Midlands,2024-11-06 00:00:00
C103377,Returning,18-24,North West,2023-05-19 00:00:00
C103378,Returning,25-34,East of England,2024-01-17 00:00:00
C103379,Returning,45-54,Yorkshire,2025-10-10 00:00:00
C103380,New,25-34,London,2023-07-28 00:00:00
C103381,Returning,25-34,East of England,2023-03-21 00:00:00
C103382,Returning,55+,Yorkshire,2025-06-22 00:00:00
C103383,Returning,45-54,East of England,2025-01-17 00:00:00
C103384,New,18-24,East of England,2024-07-02 00:00:00
C103385,Returning,35-44,London,2023-11-28 00:00:00
C103386,Returning,25-34,Scotland,2025-08-16 00:00:00
C103387,Returning,25-34,West Midlands,2025-08-08 00:00:00
C103388,Returning,35-44,Scotland,2023-01-01 00:00:00
C103389,New,25-34,London,2025-06-28 00:00:00
C103390,New,35-44,South West,2024-06-04 00:00:00
C103391,Returning,25-34,South East,2024-01-02 00:00:00
C103392,Returning,45-54,London,2024-01-19 00:00:00
C103393,New,35-44,Scotland,2024-05-23 00:00:00
C103394,Returning,25-34,South East,2024-09-23 00:00:00
C103395,Returning,55+,London,2025-11-21 00:00:00
C103396,New,45-54,East of England,2023-01-28 00:00:00
C103397,New,25-34,West Midlands,2024-10-30 00:00:00
C103398,Returning,55+,North West,2023-03-14 00:00:00
C103399,Returning,25-34,Scotland,2023-01-07 00:00:00
C103400,New,25-34,West Midlands,2023-11-30 00:00:00
C103401,Returning,25-34,London,2025-05-04 00:00:00
C103402,Returning,25-34,Yorkshire,2024-01-16 00:00:00
C103403,Returning,45-54,Yorkshire,2024-02-02 00:00:00
C103404,Returning,35-44,London,2025-09-19 00:00:00
C103405,Returning,55+,North West,2023-10-31 00:00:00
C103406,Returning,25-34,South East,2025-04-24 00:00:00
C103407,New,25-34,London,2025-07-04 00:00:00
C103408,Returning,25-34,South East,2024-12-13 00:00:00
C103409,New,25-34,East of England,2025-11-30 00:00:00
C103410,Returning,55+,South East,2025-12-18 00:00:00
C103411,New,45-54,London,2023-03-10 00:00:00
C103412,Returning,45-54,Scotland,2023-07-07 00:00:00
C103413,New,45-54,South East,2024-03-05 00:00:00
C103414,New,25-34,Scotland,2025-01-02 00:00:00
C103415,New,25-34,East of England,2023-11-04 00:00:00
C103416,Returning,25-34,West Midlands,2024-12-02 00:00:00
C103417,Returning,45-54,South East,2025-09-14 00:00:00
C103418,New,25-34,London,2023-01-07 00:00:00
C103419,Returning,18-24,London,2025-08-12 00:00:00
C103420,Returning,35-44,London,2024-06-18 00:00:00
C103421,New,25-34,West Midlands,2025-09-18 00:00:00
C103422,Returning,35-44,South East,2025-01-18 00:00:00
C103423,Returning,18-24,South West,2023-02-16 00:00:00
C103424,New,35-44,South East,2025-09-19 00:00:00
C103425,Returning,25-34,West Midlands,2023-02-25 00:00:00
C103426,New,55+,London,2023-10-03 00:00:00
C103427,Returning,45-54,South East,2024-08-29 00:00:00
C103428,Returning,18-24,South West,2025-09-21 00:00:00
C103429,Returning,45-54,Yorkshire,2023-07-03 00:00:00
C103430,Returning,45-54,West Midlands,2024-08-15 00:00:00
C103431,Returning,35-44,North West,2023-05-04 00:00:00
C103432,Returning,55+,West Midlands,2024-01-09 00:00:00
C103433,New,45-54,East of England,2023-10-14 00:00:00
C103434,New,25-34,West Midlands,2024-04-15 00:00:00
C103435,Returning,25-34,Yorkshire,2025-02-19 00:00:00
C103436,New,25-34,London,2025-03-03 00:00:00
C103437,New,35-44,West Midlands,2025-01-08 00:00:00
C103438,New,55+,North West,2023-01-31 00:00:00
C103439,Returning,35-44,London,2025-05-13 00:00:00
C103440,New,25-34,North West,2024-12-12 00:00:00
C103441,New,55+,North West,2023-03-11 00:00:00
C103442,New,45-54,London,2025-11-07 00:00:00
C103443,New,25-34,Scotland,2025-04-23 00:00:00
C103444,Returning,55+,London,2025-01-30 00:00:00
C103445,New,25-34,East of England,2024-06-23 00:00:00
C103446,Returning,35-44,West Midlands,2025-05-24 00:00:00
C103447,Returning,35-44,London,2023-12-11 00:00:00
C103448,New,55+,London,2025-03-08 00:00:00
C103449,Returning,25-34,Yorkshire,2024-11-02 00:00:00
C103450,Returning,25-34,South West,2024-11-02 00:00:00
C103451,Returning,35-44,Yorkshire,2025-05-29 00:00:00
C103452,New,55+,West Midlands,2023-07-10 00:00:00
C103453,New,18-24,London,2023-04-25 00:00:00
C103454,Returning,25-34,South West,2024-09-02 00:00:00
C103455,Returning,55+,East of England,2025-06-07 00:00:00
C103456,Returning,45-54,West Midlands,2023-10-06 00:00:00
C103457,Returning,25-34,East of England,2024-09-18 00:00:00
C103458,New,25-34,North West,2025-11-18 00:00:00
C103459,Returning,35-44,North West,2024-11-13 00:00:00
C103460,Returning,35-44,North West,2023-03-28 00:00:00
C103461,Returning,35-44,London,2025-08-24 00:00:00
C103462,New,45-54,London,2025-12-09 00:00:00
C103463,New,18-24,Yorkshire,2025-02-19 00:00:00
C103464,Returning,45-54,Scotland,2024-11-02 00:00:00
C103465,Returning,18-24,West Midlands,2024-10-03 00:00:00
C103466,Returning,55+,London,2024-11-16 00:00:00
C103467,New,18-24,London,2024-01-05 00:00:00
C103468,New,25-34,West Midlands,2024-12-10 00:00:00
C103469,Returning,25-34,Yorkshire,2024-07-15 00:00:00
C103470,Returning,25-34,London,2025-05-21 00:00:00
C103471,Returning,25-34,London,2025-07-09 00:00:00
C103472,Returning,35-44,Yorkshire,2025-02-19 00:00:00
C103473,Returning,55+,London,2025-12-31 00:00:00
C103474,Returning,35-44,West Midlands,2024-05-08 00:00:00
C103475,Returning,35-44,Yorkshire,2025-04-11 00:00:00
C103476,Returning,25-34,London,2024-01-12 00:00:00
C103477,Returning,45-54,West Midlands,2025-05-19 00:00:00
C103478,Returning,18-24,London,2023-10-22 00:00:00
C103479,Returning,25-34,South East,2025-02-08 00:00:00
C103480,Returning,18-24,East of England,2023-01-16 00:00:00
C103481,Returning,25-34,Yorkshire,2025-04-23 00:00:00
C103482,Returning,35-44,London,2023-11-16 00:00:00
C103483,Returning,25-34,London,2023-09-25 00:00:00
C103484,Returning,18-24,South East,2024-01-03 00:00:00
C103485,Returning,45-54,East of England,2024-04-11 00:00:00
C103486,Returning,18-24,South West,2023-05-22 00:00:00
C103487,Returning,35-44,North West,2024-09-03 00:00:00
C103488,New,25-34,London,2023-05-17 00:00:00
C103489,Returning,55+,East of England,2024-08-27 00:00:00
C103490,Returning,45-54,South West,2024-02-10 00:00:00
C103491,New,18-24,London,2024-10-18 00:00:00
C103492,Returning,55+,West Midlands,2023-06-16 00:00:00
C103493,Returning,25-34,West Midlands,2025-12-06 00:00:00
C103494,New,25-34,North West,2023-01-17 00:00:00
C103495,Returning,35-44,South East,2025-07-29 00:00:00
C103496,Returning,45-54,London,2024-01-23 00:00:00
C103497,Returning,25-34,Yorkshire,2025-06-29 00:00:00
C103498,Returning,25-34,Yorkshire,2024-10-17 00:00:00
C103499,Returning,25-34,West Midlands,2025-07-02 00:00:00
C103500,Returning,35-44,West Midlands,2024-09-02 00:00:00
C103501,Returning,55+,London,2025-05-22 00:00:00
C103502,New,25-34,West Midlands,2024-12-22 00:00:00
C103503,Returning,55+,South West,2025-01-17 00:00:00
C103504,Returning,25-34,North West,2024-09-20 00:00:00
C103505,Returning,45-54,East of England,2023-10-10 00:00:00
C103506,Returning,55+,Yorkshire,2025-07-22 00:00:00
C103507,Returning,45-54,South West,2025-07-30 00:00:00
C103508,Returning,18-24,West Midlands,2025-03-06 00:00:00
C103509,New,25-34,London,2023-11-04 00:00:00
C103510,Returning,18-24,East of England,2024-03-24 00:00:00
C103511,Returning,35-44,Yorkshire,2025-03-08 00:00:00
C103512,Returning,55+,East of England,2023-07-25 00:00:00
C103513,Returning,25-34,North West,2023-05-03 00:00:00
C103514,Returning,25-34,West Midlands,2024-03-18 00:00:00
C103515,Returning,25-34,London,2024-08-25 00:00:00
C103516,Returning,35-44,West Midlands,2025-09-10 00:00:00
C103517,New,35-44,North West,2023-12-17 00:00:00
C103518,Returning,25-34,Scotland,2023-08-26 00:00:00
C103519,Returning,45-54,South West,2025-02-13 00:00:00
C103520,Returning,18-24,North West,2025-08-20 00:00:00
C103521,Returning,35-44,West Midlands,2025-07-29 00:00:00
C103522,New,25-34,London,2024-11-26 00:00:00
C103523,Returning,25-34,South East,2023-01-18 00:00:00
C103524,Returning,35-44,Scotland,2024-12-19 00:00:00
C103525,Returning,35-44,South West,2023-05-06 00:00:00
C103526,New,35-44,North West,2025-05-16 00:00:00
C103527,New,45-54,East of England,2025-10-15 00:00:00
C103528,Returning,35-44,London,2024-11-02 00:00:00
C103529,Returning,25-34,Scotland,2023-09-21 00:00:00
C103530,New,55+,Yorkshire,2023-11-25 00:00:00
C103531,New,55+,London,2025-03-14 00:00:00
C103532,Returning,18-24,Yorkshire,2025-04-15 00:00:00
C103533,New,55+,London,2025-06-12 00:00:00
C103534,Returning,45-54,North West,2023-04-22 00:00:00
C103535,Returning,18-24,South East,2025-03-25 00:00:00
C103536,New,35-44,London,2025-11-22 00:00:00
C103537,Returning,18-24,North West,2023-02-05 00:00:00
C103538,New,35-44,West Midlands,2024-04-19 00:00:00
C103539,New,55+,London,2025-03-19 00:00:00
C103540,Returning,25-34,South West,2024-08-05 00:00:00
C103541,Returning,35-44,South East,2025-11-23 00:00:00
C103542,Returning,25-34,North West,2025-01-13 00:00:00
C103543,New,35-44,North West,2024-02-10 00:00:00
C103544,New,45-54,London,2024-11-15 00:00:00
C103545,Returning,25-34,Scotland,2025-02-20 00:00:00
C103546,Returning,35-44,West Midlands,2025-05-09 00:00:00
C103547,Returning,25-34,London,2023-11-01 00:00:00
C103548,New,45-54,West Midlands,2025-10-04 00:00:00
C103549,Returning,45-54,North West,2026-01-02 00:00:00
C103550,Returning,45-54,London,2023-08-26 00:00:00
C103551,Returning,25-34,South East,2023-08-18 00:00:00
C103552,New,35-44,North West,2024-02-28 00:00:00
C103553,Returning,35-44,Yorkshire,2023-12-03 00:00:00
C103554,New,45-54,South East,2023-07-25 00:00:00
C103555,Returning,35-44,West Midlands,2023-07-04 00:00:00
C103556,Returning,45-54,London,2025-02-19 00:00:00
C103557,Returning,25-34,South East,2025-11-16 00:00:00
C103558,Returning,18-24,Yorkshire,2023-04-16 00:00:00
C103559,Returning,55+,South East,2024-09-20 00:00:00
C103560,Returning,18-24,South East,2023-11-04 00:00:00
C103561,Returning,55+,South East,2023-09-29 00:00:00
C103562,Returning,35-44,North West,2024-09-21 00:00:00
C103563,New,55+,North West,2023-05-28 00:00:00
C103564,Returning,35-44,West Midlands,2023-04-02 00:00:00
C103565,Returning,45-54,North West,2025-08-20 00:00:00
C103566,Returning,45-54,Yorkshire,2024-05-05 00:00:00
C103567,Returning,35-44,London,2023-03-10 00:00:00
C103568,Returning,25-34,South East,2025-08-22 00:00:00
C103569,New,18-24,South East,2024-12-08 00:00:00
C103570,Returning,25-34,South West,2025-03-23 00:00:00
C103571,New,55+,South East,2024-11-02 00:00:00
C103572,New,25-34,South East,2024-06-05 00:00:00
C103573,Returning,45-54,North West,2025-04-28 00:00:00
C103574,New,35-44,North West,2024-01-15 00:00:00
C103575,Returning,25-34,South West,2025-01-20 00:00:00
C103576,Returning,55+,South East,2025-08-28 00:00:00
C103577,New,18-24,South East,2025-07-09 00:00:00
C103578,Returning,35-44,North West,2024-09-02 00:00:00
C103579,New,35-44,Yorkshire,2023-02-11 00:00:00
C103580,Returning,18-24,Scotland,2023-01-17 00:00:00
C103581,Returning,25-34,North West,2024-04-18 00:00:00
C103582,Returning,45-54,West Midlands,2024-12-30 00:00:00
C103583,Returning,18-24,London,2023-03-31 00:00:00
C103584,Returning,45-54,Scotland,2024-03-27 00:00:00
C103585,Returning,35-44,Yorkshire,2024-03-21 00:00:00
C103586,Returning,18-24,London,2024-05-19 00:00:00
C103587,Returning,25-34,West Midlands,2024-09-08 00:00:00
C103588,Returning,25-34,North West,2023-11-04 00:00:00
C103589,New,45-54,London,2024-10-15 00:00:00
C103590,Returning,35-44,Yorkshire,2024-05-12 00:00:00
C103591,New,18-24,Yorkshire,2025-10-14 00:00:00
C103592,Returning,35-44,London,2023-12-24 00:00:00
C103593,New,35-44,Scotland,2025-10-10 00:00:00
C103594,New,35-44,Scotland,2025-11-24 00:00:00
C103595,Returning,18-24,South East,2023-12-07 00:00:00
C103596,Returning,18-24,West Midlands,2024-03-24 00:00:00
C103597,Returning,25-34,East of England,2025-02-07 00:00:00
C103598,Returning,45-54,West Midlands,2024-05-19 00:00:00
C103599,Returning,35-44,Scotland,2025-02-22 00:00:00
C103600,New,25-34,London,2023-10-13 00:00:00
C103601,New,25-34,Yorkshire,2025-11-18 00:00:00
C103602,Returning,45-54,North West,2025-02-06 00:00:00
C103603,New,18-24,South East,2023-04-03 00:00:00
C103604,Returning,35-44,Yorkshire,2023-09-25 00:00:00
C103605,New,25-34,London,2024-11-09 00:00:00
C103606,New,25-34,London,2023-11-19 00:00:00
C103607,New,35-44,South East,2024-03-23 00:00:00
C103608,New,25-34,London,2024-12-12 00:00:00
C103609,New,35-44,London,2024-01-18 00:00:00
C103610,Returning,25-34,South East,2025-09-21 00:00:00
C103611,New,25-34,London,2024-11-10 00:00:00
C103612,Returning,35-44,London,2024-04-06 00:00:00
C103613,Returning,18-24,London,2023-11-04 00:00:00
C103614,Returning,35-44,South West,2023-11-22 00:00:00
C103615,Returning,45-54,London,2023-02-09 00:00:00
C103616,New,55+,Yorkshire,2023-04-05 00:00:00
C103617,New,25-34,London,2025-05-05 00:00:00
C103618,New,25-34,London,2025-04-25 00:00:00
C103619,Returning,25-34,West Midlands,2023-04-06 00:00:00
C103620,Returning,55+,South East,2024-08-30 00:00:00
C103621,New,25-34,North West,2023-12-28 00:00:00
C103622,Returning,25-34,Yorkshire,2025-02-06 00:00:00
C103623,Returning,45-54,South East,2024-10-16 00:00:00
C103624,Returning,18-24,London,2025-05-29 00:00:00
C103625,Returning,35-44,South West,2024-11-17 00:00:00
C103626,Returning,35-44,London,2023-08-08 00:00:00
C103627,Returning,35-44,South West,2025-01-02 00:00:00
C103628,Returning,45-54,North West,2025-07-07 00:00:00
C103629,New,25-34,South East,2025-12-29 00:00:00
C103630,New,35-44,South East,2025-02-13 00:00:00
C103631,Returning,35-44,South East,2024-03-17 00:00:00
C103632,Returning,25-34,North West,2024-07-13 00:00:00
C103633,Returning,55+,Scotland,2023-06-01 00:00:00
C103634,Returning,45-54,South East,2024-12-01 00:00:00
C103635,New,55+,Scotland,2023-06-01 00:00:00
C103636,Returning,45-54,London,2023-10-14 00:00:00
C103637,New,25-34,London,2024-07-15 00:00:00
C103638,Returning,35-44,North West,2024-06-10 00:00:00
C103639,Returning,25-34,Scotland,2024-02-27 00:00:00
C103640,New,18-24,West Midlands,2024-12-12 00:00:00
C103641,New,25-34,South West,2025-10-01 00:00:00
C103642,Returning,25-34,West Midlands,2025-10-12 00:00:00
C103643,New,18-24,East of England,2024-07-16 00:00:00
C103644,New,45-54,South West,2024-08-29 00:00:00
C103645,Returning,25-34,Yorkshire,2024-05-12 00:00:00
C103646,New,35-44,North West,2025-09-13 00:00:00
C103647,Returning,45-54,North West,2025-08-06 00:00:00
C103648,New,35-44,Scotland,2023-03-01 00:00:00
C103649,Returning,25-34,North West,2025-05-25 00:00:00
C103650,New,35-44,South East,2023-02-02 00:00:00
C103651,New,45-54,East of England,2025-02-24 00:00:00
C103652,New,45-54,Yorkshire,2024-01-08 00:00:00
C103653,New,25-34,North West,2024-08-03 00:00:00
C103654,New,18-24,Yorkshire,2025-05-11 00:00:00
C103655,New,35-44,South East,2023-09-16 00:00:00
C103656,New,25-34,West Midlands,2023-05-27 00:00:00
C103657,Returning,45-54,London,2024-09-16 00:00:00
C103658,Returning,35-44,East of England,2025-07-10 00:00:00
C103659,New,45-54,Yorkshire,2023-05-08 00:00:00
C103660,New,55+,South West,2024-03-02 00:00:00
C103661,Returning,35-44,South East,2024-08-13 00:00:00
C103662,Returning,55+,Scotland,2023-09-08 00:00:00
C103663,Returning,35-44,South East,2025-07-25 00:00:00
C103664,New,25-34,South East,2024-10-20 00:00:00
C103665,Returning,45-54,Scotland,2024-07-20 00:00:00
C103666,New,45-54,Yorkshire,2023-06-02 00:00:00
C103667,New,55+,Scotland,2023-03-17 00:00:00
C103668,New,25-34,North West,2023-07-02 00:00:00
C103669,Returning,25-34,South East,2023-02-04 00:00:00
C103670,New,45-54,West Midlands,2024-08-11 00:00:00
C103671,Returning,18-24,East of England,2025-08-04 00:00:00
C103672,New,35-44,West Midlands,2025-04-13 00:00:00
C103673,New,35-44,Yorkshire,2023-09-04 00:00:00
C103674,Returning,25-34,London,2023-08-04 00:00:00
C103675,Returning,25-34,West Midlands,2024-08-01 00:00:00
C103676,New,45-54,East of England,2025-05-05 00:00:00
C103677,Returning,18-24,Scotland,2025-05-04 00:00:00
C103678,New,45-54,South East,2024-07-27 00:00:00
C103679,New,45-54,London,2023-10-06 00:00:00
C103680,Returning,35-44,London,2024-06-15 00:00:00
C103681,New,25-34,London,2025-03-22 00:00:00
C103682,Returning,18-24,East of England,2025-08-25 00:00:00
C103683,Returning,45-54,West Midlands,2023-03-24 00:00:00
C103684,New,25-34,South East,2025-05-01 00:00:00
C103685,New,25-34,South West,2025-04-03 00:00:00
C103686,New,55+,South West,2023-08-23 00:00:00
C103687,Returning,25-34,South East,2023-03-12 00:00:00
C103688,Returning,25-34,East of England,2023-12-06 00:00:00
C103689,Returning,55+,West Midlands,2023-11-01 00:00:00
C103690,New,18-24,South East,2023-05-05 00:00:00
C103691,Returning,25-34,East of England,2023-10-10 00:00:00
C103692,New,35-44,London,2023-08-04 00:00:00
C103693,Returning,45-54,Scotland,2025-09-07 00:00:00
C103694,Returning,55+,North West,2023-04-05 00:00:00
C103695,Returning,45-54,East of England,2024-08-10 00:00:00
C103696,New,55+,London,2023-12-26 00:00:00
C103697,New,18-24,South East,2025-07-16 00:00:00
C103698,New,35-44,East of England,2024-06-05 00:00:00
C103699,Returning,18-24,East of England,2024-10-02 00:00:00
C103700,Returning,55+,East of England,2024-03-11 00:00:00
C103701,New,55+,South East,2025-06-06 00:00:00
C103702,Returning,25-34,North West,2025-01-04 00:00:00
C103703,Returning,45-54,South East,2024-08-29 00:00:00
C103704,New,35-44,South East,2024-03-12 00:00:00
C103705,New,18-24,North West,2024-05-09 00:00:00
C103706,New,35-44,Yorkshire,2023-10-06 00:00:00
C103707,Returning,55+,North West,2024-12-24 00:00:00
C103708,Returning,25-34,London,2023-11-21 00:00:00
C103709,Returning,18-24,South West,2023-11-12 00:00:00
C103710,Returning,55+,Scotland,2024-05-28 00:00:00
C103711,Returning,25-34,South East,2025-10-07 00:00:00
C103712,Returning,35-44,East of England,2024-04-28 00:00:00
C103713,Returning,45-54,East of England,2025-09-25 00:00:00
C103714,Returning,35-44,South East,2024-08-02 00:00:00
C103715,Returning,25-34,Yorkshire,2023-03-22 00:00:00
C103716,Returning,18-24,Scotland,2024-10-04 00:00:00
C103717,Returning,45-54,Yorkshire,2025-10-05 00:00:00
C103718,Returning,35-44,London,2025-08-28 00:00:00
C103719,Returning,35-44,North West,2023-07-20 00:00:00
C103720,Returning,45-54,South West,2023-10-22 00:00:00
C103721,Returning,18-24,North West,2025-01-19 00:00:00
C103722,Returning,45-54,London,2024-04-25 00:00:00
C103723,Returning,45-54,London,2025-06-24 00:00:00
C103724,Returning,55+,South West,2024-07-26 00:00:00
C103725,Returning,25-34,West Midlands,2023-09-23 00:00:00
C103726,Returning,25-34,Scotland,2023-12-31 00:00:00
C103727,New,35-44,West Midlands,2023-05-04 00:00:00
C103728,Returning,55+,South West,2023-11-11 00:00:00
C103729,Returning,55+,London,2025-04-11 00:00:00
C103730,Returning,25-34,East of England,2023-09-02 00:00:00
C103731,Returning,35-44,East of England,2024-05-01 00:00:00
C103732,Returning,25-34,South East,2023-07-17 00:00:00
C103733,Returning,45-54,South East,2024-06-19 00:00:00
C103734,New,45-54,East of England,2025-11-28 00:00:00
C103735,Returning,45-54,South West,2025-04-18 00:00:00
C103736,New,25-34,North West,2025-04-20 00:00:00
C103737,Returning,55+,West Midlands,2023-10-07 00:00:00
C103738,Returning,25-34,East of England,2023-12-05 00:00:00
C103739,Returning,35-44,South West,2023-04-17 00:00:00
C103740,New,35-44,West Midlands,2025-10-10 00:00:00
C103741,New,35-44,West Midlands,2025-11-19 00:00:00
C103742,Returning,45-54,London,2024-01-08 00:00:00
C103743,Returning,35-44,South West,2025-02-08 00:00:00
C103744,New,18-24,East of England,2023-08-21 00:00:00
C103745,Returning,25-34,South East,2024-12-18 00:00:00
C103746,New,35-44,South East,2023-04-15 00:00:00
C103747,Returning,45-54,South East,2024-01-02 00:00:00
C103748,New,35-44,London,2024-03-08 00:00:00
C103749,New,25-34,Scotland,2025-12-31 00:00:00
C103750,New,18-24,South West,2024-05-28 00:00:00
C103751,Returning,45-54,West Midlands,2023-09-02 00:00:00
C103752,Returning,35-44,London,2023-02-21 00:00:00
C103753,Returning,35-44,London,2023-07-15 00:00:00
C103754,Returning,35-44,Yorkshire,2023-09-24 00:00:00
C103755,New,25-34,London,2023-12-17 00:00:00
C103756,New,25-34,South East,2023-05-30 00:00:00
C103757,New,18-24,Scotland,2025-03-23 00:00:00
C103758,Returning,45-54,North West,2024-03-01 00:00:00
C103759,New,25-34,South West,2023-09-18 00:00:00
C103760,Returning,25-34,London,2024-08-01 00:00:00
C103761,New,55+,South East,2023-12-11 00:00:00
C103762,New,25-34,East of England,2025-01-22 00:00:00
C103763,New,35-44,South West,2024-08-05 00:00:00
C103764,New,25-34,Yorkshire,2025-10-22 00:00:00
C103765,Returning,25-34,North West,2024-12-15 00:00:00
C103766,Returning,18-24,South East,2024-02-08 00:00:00
C103767,New,45-54,North West,2023-06-14 00:00:00
C103768,Returning,35-44,London,2023-04-22 00:00:00
C103769,Returning,45-54,London,2024-12-21 00:00:00
C103770,Returning,55+,North West,2023-02-06 00:00:00
C103771,Returning,18-24,London,2024-02-24 00:00:00
C103772,Returning,35-44,London,2023-01-23 00:00:00
C103773,Returning,18-24,London,2024-01-16 00:00:00
C103774,Returning,35-44,South East,2025-08-29 00:00:00
C103775,Returning,45-54,East of England,2023-03-28 00:00:00
C103776,Returning,18-24,Scotland,2025-12-07 00:00:00
C103777,New,55+,London,2025-12-07 00:00:00
C103778,Returning,35-44,London,2025-08-07 00:00:00
C103779,Returning,25-34,East of England,2025-02-01 00:00:00
C103780,New,18-24,London,2023-07-16 00:00:00
C103781,Returning,35-44,South West,2023-04-20 00:00:00
C103782,Returning,35-44,London,2025-10-08 00:00:00
C103783,New,25-34,Yorkshire,2024-02-07 00:00:00
C103784,Returning,35-44,South East,2024-05-09 00:00:00
C103785,Returning,18-24,South West,2023-03-30 00:00:00
C103786,Returning,55+,North West,2023-03-07 00:00:00
C103787,New,25-34,London,2024-08-18 00:00:00
C103788,New,35-44,West Midlands,2024-03-22 00:00:00
C103789,Returning,45-54,North West,2025-02-09 00:00:00
C103790,New,45-54,Scotland,2025-07-06 00:00:00
C103791,New,55+,West Midlands,2023-03-04 00:00:00
C103792,New,55+,London,2025-12-03 00:00:00
C103793,New,25-34,North West,2025-10-11 00:00:00
C103794,Returning,25-34,London,2024-09-22 00:00:00
C103795,Returning,45-54,East of England,2024-02-16 00:00:00
C103796,Returning,18-24,East of England,2023-07-03 00:00:00
C103797,Returning,45-54,London,2023-09-16 00:00:00
C103798,Returning,18-24,North West,2025-02-10 00:00:00
C103799,New,55+,Yorkshire,2023-05-23 00:00:00
C103800,New,45-54,South East,2025-11-28 00:00:00
C103801,New,35-44,North West,2023-06-10 00:00:00
C103802,New,25-34,West Midlands,2025-04-10 00:00:00
C103803,New,55+,West Midlands,2025-07-23 00:00:00
C103804,New,45-54,North West,2023-11-22 00:00:00
C103805,New,45-54,North West,2024-06-12 00:00:00
C103806,Returning,45-54,Yorkshire,2024-09-26 00:00:00
C103807,Returning,18-24,West Midlands,2025-05-28 00:00:00
C103808,Returning,18-24,Yorkshire,2023-02-26 00:00:00
C103809,Returning,25-34,West Midlands,2023-09-07 00:00:00
C103810,Returning,35-44,Yorkshire,2023-06-14 00:00:00
C103811,New,35-44,South East,2023-12-16 00:00:00
C103812,Returning,25-34,North West,2025-01-10 00:00:00
C103813,New,55+,West Midlands,2024-03-29 00:00:00
C103814,Returning,18-24,South East,2024-06-25 00:00:00
C103815,Returning,45-54,London,2024-05-14 00:00:00
C103816,Returning,35-44,North West,2023-01-06 00:00:00
C103817,New,25-34,London,2023-04-18 00:00:00
C103818,Returning,18-24,South East,2023-09-07 00:00:00
C103819,Returning,45-54,South East,2023-02-19 00:00:00
C103820,Returning,45-54,North West,2025-06-23 00:00:00
C103821,Returning,25-34,Scotland,2025-12-31 00:00:00
C103822,Returning,35-44,East of England,2024-06-17 00:00:00
C103823,New,35-44,Scotland,2025-01-03 00:00:00
C103824,Returning,25-34,Scotland,2023-03-03 00:00:00
C103825,Returning,35-44,London,2023-03-02 00:00:00
C103826,New,35-44,South East,2024-10-27 00:00:00
C103827,New,55+,South East,2025-04-29 00:00:00
C103828,Returning,45-54,London,2025-10-19 00:00:00
C103829,Returning,18-24,East of England,2024-02-02 00:00:00
C103830,Returning,45-54,East of England,2024-04-05 00:00:00
C103831,Returning,25-34,North West,2025-05-26 00:00:00
C103832,Returning,55+,East of England,2023-06-04 00:00:00
C103833,Returning,35-44,Yorkshire,2025-11-10 00:00:00
C103834,New,18-24,West Midlands,2023-11-24 00:00:00
C103835,Returning,45-54,London,2023-01-30 00:00:00
C103836,Returning,25-34,Scotland,2025-05-19 00:00:00
C103837,New,55+,Yorkshire,2025-11-26 00:00:00
C103838,Returning,55+,South East,2024-06-13 00:00:00
C103839,New,45-54,London,2023-07-02 00:00:00
C103840,Returning,35-44,South West,2023-06-16 00:00:00
C103841,Returning,35-44,South West,2023-11-23 00:00:00
C103842,Returning,25-34,North West,2024-08-10 00:00:00
C103843,Returning,18-24,Scotland,2024-11-20 00:00:00
C103844,Returning,55+,South East,2025-02-07 00:00:00
C103845,Returning,25-34,Scotland,2025-02-26 00:00:00
C103846,Returning,25-34,North West,2023-09-22 00:00:00
C103847,Returning,25-34,Yorkshire,2023-07-07 00:00:00
C103848,New,55+,East of England,2025-11-12 00:00:00
C103849,New,55+,East of England,2023-05-31 00:00:00
C103850,Returning,25-34,South East,2024-07-14 00:00:00
C103851,New,25-34,East of England,2023-11-12 00:00:00
C103852,New,45-54,North West,2025-03-15 00:00:00
C103853,Returning,25-34,London,2023-12-25 00:00:00
C103854,Returning,55+,Yorkshire,2023-04-21 00:00:00
C103855,New,55+,West Midlands,2023-12-17 00:00:00
C103856,Returning,45-54,North West,2023-04-21 00:00:00
C103857,Returning,18-24,West Midlands,2023-07-08 00:00:00
C103858,Returning,45-54,London,2024-06-04 00:00:00
C103859,New,55+,London,2025-12-03 00:00:00
C103860,Returning,25-34,South West,2023-08-12 00:00:00
C103861,New,55+,London,2025-05-27 00:00:00
C103862,Returning,25-34,North West,2024-07-26 00:00:00
C103863,New,55+,North West,2025-12-14 00:00:00
C103864,Returning,35-44,London,2024-07-26 00:00:00
C103865,New,18-24,South East,2023-04-25 00:00:00
C103866,Returning,35-44,South East,2024-03-27 00:00:00
C103867,New,18-24,East of England,2023-03-25 00:00:00
C103868,Returning,25-34,Scotland,2023-09-02 00:00:00
C103869,Returning,55+,South East,2024-08-12 00:00:00
C103870,New,25-34,London,2025-09-17 00:00:00
C103871,New,55+,North West,2024-11-06 00:00:00
C103872,New,18-24,West Midlands,2024-02-06 00:00:00
C103873,New,35-44,West Midlands,2024-11-29 00:00:00
C103874,Returning,55+,West Midlands,2023-09-26 00:00:00
C103875,Returning,35-44,Yorkshire,2023-04-13 00:00:00
C103876,New,55+,South East,2025-03-18 00:00:00
C103877,Returning,55+,East of England,2025-07-17 00:00:00
C103878,New,35-44,West Midlands,2024-11-04 00:00:00
C103879,Returning,45-54,South East,2024-06-22 00:00:00
C103880,Returning,18-24,East of England,2024-05-18 00:00:00
C103881,Returning,25-34,South East,2024-02-09 00:00:00
C103882,Returning,25-34,London,2025-12-02 00:00:00
C103883,Returning,45-54,London,2024-07-08 00:00:00
C103884,Returning,35-44,Yorkshire,2025-08-17 00:00:00
C103885,New,35-44,North West,2023-02-14 00:00:00
C103886,Returning,55+,North West,2024-01-23 00:00:00
C103887,Returning,18-24,London,2023-08-25 00:00:00
C103888,Returning,55+,London,2023-05-09 00:00:00
C103889,New,18-24,West Midlands,2026-01-03 00:00:00
C103890,New,25-34,West Midlands,2023-02-27 00:00:00
C103891,Returning,35-44,South East,2024-08-30 00:00:00
C103892,Returning,25-34,West Midlands,2023-08-28 00:00:00
C103893,Returning,45-54,Yorkshire,2023-03-28 00:00:00
C103894,Returning,45-54,North West,2025-12-16 00:00:00
C103895,Returning,45-54,North West,2023-11-19 00:00:00
C103896,New,25-34,North West,2024-01-22 00:00:00
C103897,Returning,25-34,London,2023-07-23 00:00:00
C103898,New,18-24,North West,2025-01-24 00:00:00
C103899,New,35-44,London,2025-10-14 00:00:00
C103900,New,25-34,Yorkshire,2024-01-09 00:00:00
C103901,Returning,25-34,West Midlands,2025-06-05 00:00:00
C103902,Returning,45-54,North West,2024-03-25 00:00:00
C103903,Returning,55+,East of England,2024-08-24 00:00:00
C103904,New,45-54,South East,2025-05-30 00:00:00
C103905,Returning,18-24,London,2025-11-12 00:00:00
C103906,Returning,35-44,East of England,2024-10-31 00:00:00
C103907,Returning,25-34,South East,2024-02-15 00:00:00
C103908,Returning,25-34,West Midlands,2024-05-30 00:00:00
C103909,Returning,25-34,South East,2025-08-09 00:00:00
C103910,Returning,55+,West Midlands,2024-01-24 00:00:00
C103911,Returning,35-44,North West,2024-05-29 00:00:00
C103912,Returning,25-34,East of England,2025-05-02 00:00:00
C103913,Returning,35-44,Yorkshire,2025-07-22 00:00:00
C103914,Returning,55+,North West,2024-05-06 00:00:00
C103915,New,18-24,South West,2025-09-17 00:00:00
C103916,Returning,45-54,East of England,2025-08-06 00:00:00
C103917,Returning,25-34,London,2024-05-24 00:00:00
C103918,Returning,25-34,North West,2023-11-02 00:00:00
C103919,Returning,55+,London,2023-07-15 00:00:00
C103920,New,18-24,South East,2023-05-13 00:00:00
C103921,Returning,45-54,South West,2023-07-31 00:00:00
C103922,New,18-24,South West,2023-03-17 00:00:00
C103923,Returning,35-44,East of England,2023-11-14 00:00:00
C103924,New,35-44,West Midlands,2025-12-26 00:00:00
C103925,Returning,45-54,London,2023-09-03 00:00:00
C103926,Returning,45-54,London,2024-02-28 00:00:00
C103927,Returning,45-54,South East,2024-03-03 00:00:00
C103928,New,25-34,South East,2024-07-25 00:00:00
C103929,Returning,25-34,North West,2024-07-11 00:00:00
C103930,Returning,35-44,Yorkshire,2024-10-01 00:00:00
C103931,Returning,35-44,London,2023-04-06 00:00:00
C103932,Returning,18-24,London,2023-12-20 00:00:00
C103933,New,55+,London,2025-09-27 00:00:00
C103934,Returning,25-34,South West,2025-12-09 00:00:00
C103935,New,18-24,South East,2023-01-03 00:00:00
C103936,New,55+,London,2024-11-24 00:00:00
C103937,Returning,35-44,West Midlands,2023-06-02 00:00:00
C103938,Returning,45-54,South East,2024-08-12 00:00:00
C103939,New,25-34,South East,2023-01-10 00:00:00
C103940,New,25-34,South West,2025-04-11 00:00:00
C103941,New,35-44,South East,2025-12-21 00:00:00
C103942,New,25-34,London,2023-05-16 00:00:00
C103943,Returning,45-54,London,2024-03-27 00:00:00
C103944,New,25-34,London,2023-08-02 00:00:00
C103945,Returning,25-34,East of England,2023-08-04 00:00:00
C103946,New,18-24,Yorkshire,2025-05-22 00:00:00
C103947,New,25-34,West Midlands,2023-05-11 00:00:00
C103948,Returning,25-34,North West,2023-05-17 00:00:00
C103949,New,45-54,South East,2024-02-12 00:00:00
C103950,Returning,35-44,West Midlands,2023-12-06 00:00:00
C103951,Returning,25-34,South East,2025-12-09 00:00:00
C103952,Returning,35-44,South West,2024-03-09 00:00:00
C103953,Returning,25-34,South West,2024-08-26 00:00:00
C103954,New,25-34,South East,2023-04-24 00:00:00
C103955,Returning,55+,South West,2024-01-25 00:00:00
C103956,Returning,45-54,London,2023-08-15 00:00:00
C103957,Returning,35-44,London,2024-02-05 00:00:00
C103958,New,25-34,London,2023-12-01 00:00:00
C103959,Returning,25-34,London,2023-05-10 00:00:00
C103960,New,45-54,London,2024-09-02 00:00:00
C103961,New,35-44,East of England,2024-07-22 00:00:00
C103962,Returning,35-44,South East,2024-07-24 00:00:00
C103963,New,55+,South East,2024-04-11 00:00:00
C103964,New,25-34,London,2024-07-31 00:00:00
C103965,New,45-54,London,2025-03-12 00:00:00
C103966,Returning,35-44,London,2023-10-15 00:00:00
C103967,New,25-34,London,2023-07-31 00:00:00
C103968,Returning,18-24,South East,2025-01-15 00:00:00
C103969,New,35-44,London,2023-06-01 00:00:00
C103970,Returning,25-34,London,2024-01-22 00:00:00
C103971,New,45-54,Yorkshire,2024-10-01 00:00:00
C103972,Returning,45-54,Scotland,2024-10-04 00:00:00
C103973,New,35-44,London,2025-03-27 00:00:00
C103974,New,35-44,Yorkshire,2024-06-02 00:00:00
C103975,New,35-44,Yorkshire,2024-07-01 00:00:00
C103976,New,35-44,North West,2023-02-18 00:00:00
C103977,New,55+,Yorkshire,2025-05-19 00:00:00
C103978,Returning,18-24,West Midlands,2023-09-18 00:00:00
C103979,Returning,55+,East of England,2025-07-14 00:00:00
C103980,New,18-24,London,2024-12-10 00:00:00
C103981,Returning,25-34,West Midlands,2025-10-05 00:00:00
C103982,Returning,45-54,Yorkshire,2025-08-20 00:00:00
C103983,New,18-24,East of England,2024-02-20 00:00:00
C103984,New,25-34,West Midlands,2024-03-09 00:00:00
C103985,New,25-34,Scotland,2025-09-21 00:00:00
C103986,New,45-54,Yorkshire,2025-08-29 00:00:00
C103987,Returning,35-44,Yorkshire,2025-02-18 00:00:00
C103988,Returning,18-24,South West,2025-10-12 00:00:00
C103989,Returning,35-44,Yorkshire,2024-11-18 00:00:00
C103990,Returning,25-34,North West,2023-01-28 00:00:00
C103991,Returning,55+,South West,2024-09-01 00:00:00
C103992,New,18-24,London,2024-02-12 00:00:00
C103993,New,35-44,Scotland,2023-01-22 00:00:00
C103994,New,35-44,South West,2024-09-03 00:00:00
C103995,New,35-44,North West,2024-09-08 00:00:00
C103996,New,55+,London,2025-03-16 00:00:00
C103997,Returning,25-34,South East,2025-05-06 00:00:00
C103998,New,45-54,South East,2023-12-21 00:00:00
C103999,New,35-44,South East,2025-12-23 00:00:00
C104000,Returning,35-44,Yorkshire,2024-04-30 00:00:00
C104001,New,25-34,East of England,2024-04-21 00:00:00
C104002,Returning,25-34,Yorkshire,2023-07-18 00:00:00
C104003,New,18-24,South East,2025-12-25 00:00:00
C104004,Returning,18-24,Scotland,2024-03-09 00:00:00
C104005,New,55+,East of England,2023-07-08 00:00:00
C104006,Returning,45-54,Yorkshire,2025-07-20 00:00:00
C104007,New,25-34,West Midlands,2025-11-20 00:00:00
C104008,New,35-44,Yorkshire,2023-08-24 00:00:00
C104009,Returning,45-54,West Midlands,2024-10-10 00:00:00
C104010,New,25-34,London,2025-09-22 00:00:00
C104011,New,35-44,North West,2024-12-29 00:00:00
C104012,Returning,45-54,Yorkshire,2024-04-25 00:00:00
C104013,New,25-34,South East,2024-09-23 00:00:00
C104014,Returning,35-44,East of England,2023-04-22 00:00:00
C104015,Returning,25-34,East of England,2025-12-17 00:00:00
C104016,New,18-24,North West,2024-07-18 00:00:00
C104017,Returning,45-54,London,2023-02-18 00:00:00
C104018,New,45-54,London,2024-01-07 00:00:00
C104019,Returning,55+,North West,2024-03-27 00:00:00
C104020,New,25-34,South West,2025-12-29 00:00:00
C104021,New,45-54,West Midlands,2025-08-20 00:00:00
C104022,New,55+,London,2023-12-01 00:00:00
C104023,Returning,35-44,London,2023-07-03 00:00:00
C104024,Returning,55+,London,2023-02-16 00:00:00
C104025,Returning,55+,North West,2024-09-18 00:00:00
C104026,Returning,45-54,West Midlands,2024-05-05 00:00:00
C104027,Returning,55+,London,2024-07-29 00:00:00
C104028,Returning,35-44,West Midlands,2023-10-28 00:00:00
C104029,Returning,35-44,East of England,2025-06-07 00:00:00
C104030,Returning,55+,West Midlands,2024-07-22 00:00:00
C104031,New,45-54,London,2025-10-07 00:00:00
C104032,Returning,18-24,North West,2023-09-21 00:00:00
C104033,Returning,25-34,East of England,2023-10-12 00:00:00
C104034,New,25-34,London,2024-10-06 00:00:00
C104035,Returning,45-54,London,2025-02-01 00:00:00
C104036,New,25-34,North West,2023-11-21 00:00:00
C104037,Returning,25-34,South East,2024-08-25 00:00:00
C104038,New,35-44,East of England,2024-07-16 00:00:00
C104039,Returning,18-24,Yorkshire,2024-12-30 00:00:00
C104040,Returning,55+,London,2024-11-30 00:00:00
C104041,Returning,35-44,East of England,2023-08-09 00:00:00
C104042,New,25-34,Yorkshire,2023-05-06 00:00:00
C104043,Returning,25-34,West Midlands,2023-10-27 00:00:00
C104044,Returning,45-54,South East,2023-05-19 00:00:00
C104045,New,35-44,Yorkshire,2024-08-27 00:00:00
C104046,New,35-44,East of England,2024-07-17 00:00:00
C104047,New,25-34,London,2023-01-04 00:00:00
C104048,New,55+,South East,2025-06-26 00:00:00
C104049,Returning,45-54,Scotland,2025-02-27 00:00:00
C104050,Returning,45-54,South East,2024-05-28 00:00:00
C104051,Returning,35-44,London,2023-06-27 00:00:00
C104052,Returning,55+,London,2023-06-27 00:00:00
C104053,Returning,45-54,Yorkshire,2025-10-21 00:00:00
C104054,Returning,25-34,Yorkshire,2023-09-17 00:00:00
C104055,Returning,55+,London,2025-08-04 00:00:00
C104056,New,55+,London,2024-12-30 00:00:00
C104057,Returning,45-54,North West,2024-11-16 00:00:00
C104058,Returning,45-54,Yorkshire,2025-07-08 00:00:00
C104059,Returning,25-34,London,2025-09-07 00:00:00
C104060,Returning,35-44,West Midlands,2023-10-25 00:00:00
C104061,Returning,25-34,North West,2025-12-21 00:00:00
C104062,New,35-44,London,2023-05-21 00:00:00
C104063,Returning,25-34,London,2025-05-02 00:00:00
C104064,New,25-34,East of England,2024-02-29 00:00:00
C104065,Returning,55+,East of England,2024-11-20 00:00:00
C104066,New,25-34,South East,2025-07-07 00:00:00
C104067,Returning,45-54,East of England,2024-05-09 00:00:00
C104068,Returning,25-34,North West,2023-03-31 00:00:00
C104069,New,18-24,Scotland,2025-06-13 00:00:00
C104070,Returning,18-24,Scotland,2023-05-25 00:00:00
C104071,Returning,25-34,North West,2025-02-13 00:00:00
C104072,Returning,35-44,West Midlands,2024-04-29 00:00:00
C104073,New,25-34,London,2024-06-03 00:00:00
C104074,New,35-44,North West,2023-10-16 00:00:00
C104075,Returning,35-44,West Midlands,2024-07-04 00:00:00
C104076,Returning,18-24,Yorkshire,2023-07-25 00:00:00
C104077,Returning,25-34,London,2023-09-09 00:00:00
C104078,New,18-24,East of England,2024-06-04 00:00:00
C104079,Returning,18-24,Scotland,2025-05-17 00:00:00
C104080,New,25-34,London,2024-07-19 00:00:00
C104081,New,45-54,North West,2025-08-24 00:00:00
C104082,Returning,45-54,South West,2023-10-29 00:00:00
C104083,New,45-54,North West,2023-01-19 00:00:00
C104084,Returning,45-54,Scotland,2023-12-05 00:00:00
C104085,Returning,35-44,North West,2023-05-04 00:00:00
C104086,Returning,25-34,South East,2024-07-29 00:00:00
C104087,Returning,18-24,West Midlands,2025-12-26 00:00:00
C104088,New,35-44,West Midlands,2024-06-21 00:00:00
C104089,New,25-34,South East,2023-07-15 00:00:00
C104090,New,25-34,South West,2024-10-04 00:00:00
C104091,Returning,55+,North West,2025-03-21 00:00:00
C104092,Returning,25-34,South East,2025-08-15 00:00:00
C104093,New,18-24,West Midlands,2024-06-12 00:00:00
C104094,New,55+,South East,2024-04-11 00:00:00
C104095,New,25-34,West Midlands,2024-07-27 00:00:00
C104096,Returning,25-34,North West,2023-08-24 00:00:00
C104097,Returning,18-24,South East,2023-04-30 00:00:00
C104098,Returning,25-34,South West,2025-04-28 00:00:00
C104099,Returning,55+,East of England,2023-06-01 00:00:00
C104100,New,45-54,North West,2025-01-27 00:00:00
C104101,Returning,35-44,Yorkshire,2024-09-27 00:00:00
C104102,Returning,25-34,Scotland,2024-06-02 00:00:00
C104103,New,25-34,London,2024-02-20 00:00:00
C104104,Returning,35-44,London,2025-12-18 00:00:00
C104105,New,25-34,London,2025-05-27 00:00:00
C104106,Returning,25-34,West Midlands,2023-06-30 00:00:00
C104107,Returning,45-54,South East,2025-12-05 00:00:00
C104108,Returning,45-54,North West,2023-05-23 00:00:00
C104109,Returning,55+,West Midlands,2025-06-12 00:00:00
C104110,New,45-54,London,2024-04-14 00:00:00
C104111,Returning,35-44,West Midlands,2024-03-22 00:00:00
C104112,Returning,45-54,London,2024-07-08 00:00:00
C104113,Returning,55+,North West,2024-06-14 00:00:00
C104114,Returning,18-24,South East,2023-05-19 00:00:00
C104115,New,25-34,London,2023-06-22 00:00:00
C104116,Returning,25-34,London,2025-03-20 00:00:00
C104117,Returning,55+,Yorkshire,2025-02-04 00:00:00
C104118,New,55+,South East,2024-03-08 00:00:00
C104119,Returning,45-54,Yorkshire,2024-05-07 00:00:00
C104120,Returning,25-34,South West,2024-02-26 00:00:00
C104121,Returning,55+,West Midlands,2025-08-01 00:00:00
C104122,Returning,18-24,London,2023-03-18 00:00:00
C104123,Returning,25-34,North West,2024-12-18 00:00:00
C104124,Returning,35-44,London,2023-12-05 00:00:00
C104125,New,45-54,South West,2023-07-07 00:00:00
C104126,Returning,55+,South West,2023-06-22 00:00:00
C104127,Returning,25-34,West Midlands,2024-03-28 00:00:00
C104128,Returning,25-34,South East,2023-06-09 00:00:00
C104129,Returning,35-44,Yorkshire,2025-01-14 00:00:00
C104130,Returning,18-24,North West,2023-12-27 00:00:00
C104131,Returning,45-54,London,2025-08-01 00:00:00
C104132,Returning,25-34,South West,2023-06-10 00:00:00
C104133,Returning,25-34,South East,2024-01-21 00:00:00
C104134,Returning,25-34,East of England,2024-02-25 00:00:00
C104135,New,45-54,South West,2025-01-06 00:00:00
C104136,Returning,55+,South East,2023-11-22 00:00:00
C104137,Returning,25-34,South East,2023-07-10 00:00:00
C104138,Returning,25-34,West Midlands,2024-03-22 00:00:00
C104139,Returning,55+,South West,2025-09-22 00:00:00
C104140,Returning,35-44,London,2025-06-14 00:00:00
C104141,Returning,25-34,South East,2024-09-24 00:00:00
C104142,New,25-34,Yorkshire,2025-12-31 00:00:00
C104143,Returning,55+,London,2025-04-25 00:00:00
C104144,Returning,45-54,London,2025-04-22 00:00:00
C104145,New,25-34,South West,2024-03-12 00:00:00
C104146,New,18-24,North West,2024-06-29 00:00:00
C104147,Returning,25-34,North West,2025-10-31 00:00:00
C104148,Returning,25-34,South East,2025-10-15 00:00:00
C104149,Returning,18-24,North West,2025-03-03 00:00:00
C104150,New,25-34,North West,2023-04-17 00:00:00
C104151,Returning,18-24,West Midlands,2023-06-19 00:00:00
C104152,Returning,25-34,Scotland,2024-05-17 00:00:00
C104153,Returning,35-44,London,2024-08-28 00:00:00
C104154,Returning,35-44,West Midlands,2024-11-16 00:00:00
C104155,New,45-54,East of England,2023-10-26 00:00:00
C104156,Returning,25-34,London,2025-05-08 00:00:00
C104157,New,55+,Scotland,2025-07-05 00:00:00
C104158,Returning,55+,West Midlands,2023-08-18 00:00:00
C104159,New,55+,London,2025-05-11 00:00:00
C104160,Returning,25-34,London,2023-06-15 00:00:00
C104161,New,25-34,South East,2024-06-27 00:00:00
C104162,Returning,35-44,East of England,2025-08-23 00:00:00
C104163,Returning,25-34,Scotland,2023-11-29 00:00:00
C104164,Returning,18-24,North West,2025-01-23 00:00:00
C104165,New,18-24,London,2025-07-26 00:00:00
C104166,New,35-44,West Midlands,2024-06-23 00:00:00
C104167,Returning,45-54,West Midlands,2025-07-24 00:00:00
C104168,Returning,25-34,London,2024-12-02 00:00:00
C104169,Returning,55+,London,2024-07-09 00:00:00
C104170,Returning,45-54,South East,2023-05-11 00:00:00
C104171,Returning,18-24,South East,2025-02-27 00:00:00
C104172,Returning,25-34,Yorkshire,2023-12-08 00:00:00
C104173,New,18-24,West Midlands,2023-11-11 00:00:00
C104174,Returning,55+,London,2025-10-08 00:00:00
C104175,Returning,45-54,London,2024-01-19 00:00:00
C104176,Returning,45-54,Yorkshire,2024-01-31 00:00:00
C104177,Returning,45-54,Yorkshire,2025-11-04 00:00:00
C104178,Returning,25-34,London,2023-11-15 00:00:00
C104179,Returning,55+,East of England,2025-03-20 00:00:00
C104180,Returning,55+,Yorkshire,2024-07-26 00:00:00
C104181,New,45-54,London,2023-03-21 00:00:00
C104182,Returning,35-44,South East,2024-10-01 00:00:00
C104183,Returning,18-24,Scotland,2024-05-18 00:00:00
C104184,Returning,18-24,West Midlands,2025-03-09 00:00:00
C104185,Returning,25-34,London,2024-03-11 00:00:00
C104186,New,35-44,North West,2023-09-22 00:00:00
C104187,New,45-54,London,2023-09-12 00:00:00
C104188,New,55+,South West,2024-08-03 00:00:00
C104189,Returning,25-34,South West,2025-12-30 00:00:00
C104190,New,25-34,South West,2024-05-10 00:00:00
C104191,Returning,18-24,North West,2023-05-30 00:00:00
C104192,Returning,55+,Yorkshire,2025-06-23 00:00:00
C104193,Returning,45-54,South East,2023-12-12 00:00:00
C104194,New,35-44,East of England,2024-04-11 00:00:00
C104195,Returning,35-44,London,2025-07-22 00:00:00
C104196,New,35-44,South East,2023-05-02 00:00:00
C104197,Returning,25-34,Scotland,2023-05-26 00:00:00
C104198,New,25-34,Scotland,2023-08-10 00:00:00
C104199,New,25-34,West Midlands,2024-02-18 00:00:00
C104200,New,25-34,West Midlands,2025-08-01 00:00:00
C104201,Returning,35-44,London,2024-11-28 00:00:00
C104202,New,25-34,Yorkshire,2025-05-03 00:00:00
C104203,Returning,45-54,London,2024-01-06 00:00:00
C104204,Returning,35-44,South East,2024-03-29 00:00:00
C104205,Returning,35-44,West Midlands,2024-03-25 00:00:00
C104206,New,55+,East of England,2023-05-05 00:00:00
C104207,New,25-34,Scotland,2024-08-28 00:00:00
C104208,Returning,35-44,Scotland,2024-01-01 00:00:00
C104209,New,18-24,South West,2025-11-13 00:00:00
C104210,Returning,45-54,South East,2025-01-30 00:00:00
C104211,New,35-44,London,2025-08-15 00:00:00
C104212,Returning,25-34,West Midlands,2023-08-03 00:00:00
C104213,New,18-24,South East,2023-05-04 00:00:00
C104214,Returning,45-54,Yorkshire,2024-04-25 00:00:00
C104215,New,35-44,South East,2024-09-18 00:00:00
C104216,Returning,35-44,East of England,2024-09-07 00:00:00
C104217,New,35-44,South East,2024-12-19 00:00:00
C104218,Returning,35-44,South East,2025-07-04 00:00:00
C104219,Returning,35-44,South West,2023-12-25 00:00:00
C104220,New,25-34,North West,2023-11-17 00:00:00
C104221,New,35-44,South East,2023-10-18 00:00:00
C104222,New,35-44,Yorkshire,2024-02-04 00:00:00
C104223,New,45-54,North West,2024-10-19 00:00:00
C104224,New,35-44,London,2025-06-02 00:00:00
C104225,Returning,35-44,West Midlands,2024-04-01 00:00:00
C104226,Returning,55+,East of England,2024-04-04 00:00:00
C104227,New,55+,London,2025-09-22 00:00:00
C104228,Returning,25-34,West Midlands,2024-01-13 00:00:00
C104229,New,55+,South East,2023-06-29 00:00:00
C104230,Returning,25-34,North West,2024-01-15 00:00:00
C104231,New,45-54,Scotland,2023-02-15 00:00:00
C104232,Returning,25-34,South East,2024-02-07 00:00:00
C104233,Returning,25-34,East of England,2025-09-16 00:00:00
C104234,New,55+,East of England,2025-06-10 00:00:00
C104235,New,18-24,South East,2025-09-12 00:00:00
C104236,Returning,45-54,South West,2023-11-27 00:00:00
C104237,Returning,35-44,Scotland,2024-04-03 00:00:00
C104238,Returning,18-24,Scotland,2025-07-22 00:00:00
C104239,Returning,55+,North West,2025-04-09 00:00:00
C104240,Returning,35-44,London,2023-07-23 00:00:00
C104241,Returning,55+,London,2025-07-19 00:00:00
C104242,Returning,45-54,South East,2023-04-24 00:00:00
C104243,Returning,18-24,North West,2023-10-08 00:00:00
C104244,Returning,25-34,South East,2024-08-09 00:00:00
C104245,New,25-34,Yorkshire,2024-12-20 00:00:00
C104246,Returning,35-44,South West,2025-05-27 00:00:00
C104247,New,18-24,London,2025-03-21 00:00:00
C104248,New,25-34,East of England,2023-11-09 00:00:00
C104249,Returning,45-54,London,2024-01-29 00:00:00
C104250,New,25-34,South East,2025-03-05 00:00:00
C104251,New,45-54,South West,2025-11-06 00:00:00
C104252,New,35-44,London,2025-08-12 00:00:00
C104253,Returning,18-24,London,2025-11-29 00:00:00
C104254,Returning,25-34,Scotland,2025-01-12 00:00:00
C104255,New,25-34,East of England,2024-06-19 00:00:00
C104256,New,35-44,South West,2025-04-23 00:00:00
C104257,Returning,18-24,London,2023-03-25 00:00:00
C104258,Returning,45-54,South East,2025-10-26 00:00:00
C104259,New,45-54,London,2025-10-07 00:00:00
C104260,Returning,18-24,London,2024-07-09 00:00:00
C104261,Returning,55+,Scotland,2024-07-29 00:00:00
C104262,New,55+,London,2024-08-05 00:00:00
C104263,Returning,18-24,South West,2023-06-02 00:00:00
C104264,Returning,55+,London,2023-08-15 00:00:00
C104265,Returning,25-34,North West,2025-03-16 00:00:00
C104266,Returning,35-44,London,2023-02-06 00:00:00
C104267,Returning,25-34,London,2025-01-25 00:00:00
C104268,Returning,45-54,London,2023-12-02 00:00:00
C104269,Returning,45-54,East of England,2023-06-03 00:00:00
C104270,Returning,55+,North West,2024-10-17 00:00:00
C104271,Returning,55+,Yorkshire,2023-10-30 00:00:00
C104272,Returning,18-24,South East,2024-05-06 00:00:00
C104273,Returning,35-44,Yorkshire,2025-08-08 00:00:00
C104274,New,25-34,Yorkshire,2025-02-06 00:00:00
C104275,New,25-34,West Midlands,2025-12-02 00:00:00
C104276,Returning,25-34,Yorkshire,2024-03-12 00:00:00
C104277,Returning,55+,East of England,2024-03-21 00:00:00
C104278,New,45-54,Scotland,2025-01-25 00:00:00
C104279,Returning,18-24,Scotland,2023-05-29 00:00:00
C104280,New,55+,West Midlands,2025-07-31 00:00:00
C104281,New,45-54,London,2024-01-23 00:00:00
C104282,Returning,25-34,London,2024-05-31 00:00:00
C104283,New,35-44,London,2024-07-12 00:00:00
C104284,Returning,45-54,South East,2023-03-15 00:00:00
C104285,New,35-44,South East,2023-11-27 00:00:00
C104286,Returning,35-44,Yorkshire,2023-06-03 00:00:00
C104287,New,35-44,North West,2024-11-03 00:00:00
C104288,Returning,18-24,Yorkshire,2025-02-16 00:00:00
C104289,Returning,35-44,Scotland,2023-01-09 00:00:00
C104290,New,25-34,London,2023-01-09 00:00:00
C104291,New,25-34,London,2025-06-17 00:00:00
C104292,New,25-34,Yorkshire,2024-01-04 00:00:00
C104293,Returning,35-44,North West,2025-07-18 00:00:00
C104294,Returning,25-34,West Midlands,2024-12-25 00:00:00
C104295,Returning,25-34,East of England,2025-05-11 00:00:00
C104296,Returning,25-34,London,2024-02-27 00:00:00
C104297,Returning,55+,North West,2023-11-30 00:00:00
C104298,Returning,25-34,Scotland,2025-03-05 00:00:00
C104299,Returning,25-34,West Midlands,2024-11-26 00:00:00
C104300,Returning,25-34,North West,2024-09-19 00:00:00
C104301,Returning,45-54,London,2024-02-06 00:00:00
C104302,Returning,35-44,South East,2024-11-06 00:00:00
C104303,New,25-34,London,2024-03-04 00:00:00
C104304,New,55+,North West,2025-09-06 00:00:00
C104305,New,45-54,North West,2025-02-19 00:00:00
C104306,Returning,35-44,Scotland,2024-03-12 00:00:00
C104307,New,35-44,North West,2025-07-16 00:00:00
C104308,Returning,55+,London,2023-03-20 00:00:00
C104309,Returning,55+,East of England,2025-07-03 00:00:00
C104310,Returning,45-54,South East,2024-04-01 00:00:00
C104311,Returning,45-54,Yorkshire,2023-09-12 00:00:00
C104312,New,55+,South East,2025-07-02 00:00:00
C104313,Returning,55+,South West,2024-12-24 00:00:00
C104314,New,18-24,East of England,2023-03-23 00:00:00
C104315,Returning,55+,London,2023-10-21 00:00:00
C104316,Returning,45-54,North West,2024-05-11 00:00:00
C104317,Returning,35-44,North West,2024-11-22 00:00:00
C104318,Returning,25-34,South East,2025-06-06 00:00:00
C104319,Returning,25-34,South East,2024-02-08 00:00:00
C104320,Returning,45-54,Yorkshire,2025-06-08 00:00:00
C104321,Returning,35-44,South East,2025-05-18 00:00:00
C104322,Returning,25-34,London,2024-02-21 00:00:00
C104323,New,35-44,South West,2025-10-28 00:00:00
C104324,New,25-34,North West,2025-11-04 00:00:00
C104325,Returning,35-44,South East,2023-11-15 00:00:00
C104326,New,35-44,Scotland,2024-09-04 00:00:00
C104327,Returning,35-44,East of England,2025-08-13 00:00:00
C104328,Returning,25-34,Scotland,2024-08-15 00:00:00
C104329,Returning,18-24,North West,2025-03-25 00:00:00
C104330,New,25-34,London,2025-05-29 00:00:00
C104331,Returning,35-44,London,2024-09-14 00:00:00
C104332,New,55+,Scotland,2024-01-31 00:00:00
C104333,Returning,45-54,East of England,2024-07-31 00:00:00
C104334,Returning,45-54,South West,2025-07-04 00:00:00
C104335,New,25-34,North West,2023-12-18 00:00:00
C104336,New,18-24,South East,2025-07-17 00:00:00
C104337,New,55+,Yorkshire,2023-08-12 00:00:00
C104338,Returning,35-44,London,2024-05-23 00:00:00
C104339,Returning,18-24,North West,2023-04-02 00:00:00
C104340,New,35-44,Yorkshire,2025-07-28 00:00:00
C104341,New,35-44,South West,2025-02-22 00:00:00
C104342,Returning,25-34,West Midlands,2023-05-11 00:00:00
C104343,New,18-24,South West,2023-09-02 00:00:00
C104344,Returning,35-44,London,2024-08-03 00:00:00
C104345,Returning,18-24,London,2024-06-28 00:00:00
C104346,Returning,35-44,London,2023-05-04 00:00:00
C104347,Returning,45-54,South East,2025-09-05 00:00:00
C104348,Returning,55+,South East,2024-05-22 00:00:00
C104349,Returning,25-34,South East,2025-01-08 00:00:00
C104350,New,18-24,West Midlands,2025-04-07 00:00:00
C104351,New,35-44,West Midlands,2023-07-06 00:00:00
C104352,Returning,25-34,West Midlands,2024-01-02 00:00:00
C104353,New,55+,South West,2025-03-18 00:00:00
C104354,Returning,45-54,London,2025-05-01 00:00:00
C104355,Returning,25-34,South East,2023-08-25 00:00:00
C104356,Returning,45-54,London,2023-12-18 00:00:00
C104357,New,25-34,London,2025-05-07 00:00:00
C104358,Returning,35-44,North West,2024-01-14 00:00:00
C104359,Returning,55+,East of England,2023-03-27 00:00:00
C104360,New,25-34,South East,2024-07-01 00:00:00
C104361,Returning,25-34,West Midlands,2023-06-05 00:00:00
C104362,Returning,55+,London,2024-10-15 00:00:00
C104363,Returning,35-44,London,2025-10-24 00:00:00
C104364,Returning,25-34,East of England,2023-04-22 00:00:00
C104365,New,18-24,North West,2023-11-05 00:00:00
C104366,Returning,25-34,Yorkshire,2024-09-14 00:00:00
C104367,Returning,35-44,East of England,2023-06-15 00:00:00
C104368,New,25-34,North West,2024-08-11 00:00:00
C104369,Returning,25-34,London,2023-08-25 00:00:00
C104370,New,25-34,Yorkshire,2024-11-30 00:00:00
C104371,New,35-44,South West,2024-02-02 00:00:00
C104372,Returning,55+,West Midlands,2025-10-15 00:00:00
C104373,New,35-44,North West,2025-07-10 00:00:00
C104374,Returning,35-44,West Midlands,2025-12-28 00:00:00
C104375,New,45-54,South East,2023-06-17 00:00:00
C104376,Returning,25-34,Yorkshire,2025-11-09 00:00:00
C104377,New,25-34,South East,2023-01-18 00:00:00
C104378,Returning,18-24,South East,2023-08-30 00:00:00
C104379,New,25-34,West Midlands,2025-08-09 00:00:00
C104380,Returning,55+,North West,2025-08-06 00:00:00
C104381,New,25-34,East of England,2023-11-26 00:00:00
C104382,New,45-54,North West,2025-07-14 00:00:00
C104383,Returning,18-24,Yorkshire,2023-03-26 00:00:00
C104384,Returning,35-44,South East,2024-01-05 00:00:00
C104385,Returning,25-34,North West,2023-01-31 00:00:00
C104386,New,25-34,London,2024-07-22 00:00:00
C104387,New,25-34,West Midlands,2025-09-16 00:00:00
C104388,Returning,35-44,Yorkshire,2024-11-05 00:00:00
C104389,Returning,35-44,London,2024-07-29 00:00:00
C104390,New,45-54,East of England,2023-08-06 00:00:00
C104391,Returning,55+,West Midlands,2024-11-02 00:00:00
C104392,Returning,35-44,Yorkshire,2023-12-23 00:00:00
C104393,Returning,55+,West Midlands,2024-11-08 00:00:00
C104394,New,18-24,Yorkshire,2023-05-24 00:00:00
C104395,Returning,25-34,North West,2024-07-28 00:00:00
C104396,New,25-34,London,2024-07-01 00:00:00
C104397,Returning,35-44,East of England,2025-04-26 00:00:00
C104398,New,35-44,Yorkshire,2025-09-27 00:00:00
C104399,Returning,35-44,West Midlands,2025-09-23 00:00:00
C104400,Returning,55+,Yorkshire,2024-01-11 00:00:00
C104401,Returning,25-34,South East,2024-12-06 00:00:00
C104402,New,45-54,South West,2024-12-19 00:00:00
C104403,New,35-44,West Midlands,2025-07-17 00:00:00
C104404,Returning,35-44,South West,2025-06-06 00:00:00
C104405,Returning,25-34,South East,2023-01-11 00:00:00
C104406,Returning,25-34,South West,2025-05-30 00:00:00
C104407,New,25-34,East of England,2024-06-12 00:00:00
C104408,Returning,45-54,Scotland,2025-11-11 00:00:00
C104409,New,35-44,South West,2024-10-26 00:00:00
C104410,New,25-34,Yorkshire,2024-03-01 00:00:00
C104411,New,45-54,North West,2023-08-10 00:00:00
C104412,Returning,35-44,London,2025-11-10 00:00:00
C104413,New,55+,North West,2023-06-26 00:00:00
C104414,New,35-44,North West,2023-04-10 00:00:00
C104415,Returning,35-44,London,2023-05-30 00:00:00
C104416,Returning,35-44,Yorkshire,2024-08-29 00:00:00
C104417,New,45-54,London,2023-11-10 00:00:00
C104418,New,35-44,North West,2024-09-30 00:00:00
C104419,Returning,25-34,West Midlands,2025-06-24 00:00:00
C104420,New,55+,East of England,2023-11-17 00:00:00
C104421,New,45-54,London,2023-01-31 00:00:00
C104422,Returning,35-44,London,2024-01-31 00:00:00
C104423,New,35-44,North West,2024-10-24 00:00:00
C104424,Returning,45-54,West Midlands,2025-03-12 00:00:00
C104425,New,25-34,London,2023-03-16 00:00:00
C104426,New,25-34,North West,2025-08-24 00:00:00
C104427,New,25-34,East of England,2024-10-14 00:00:00
C104428,New,25-34,South West,2024-06-13 00:00:00
C104429,New,18-24,London,2023-10-05 00:00:00
C104430,New,45-54,London,2025-11-20 00:00:00
C104431,Returning,25-34,North West,2023-06-23 00:00:00
C104432,Returning,45-54,Yorkshire,2024-05-08 00:00:00
C104433,New,55+,Scotland,2024-05-27 00:00:00
C104434,Returning,25-34,London,2024-08-24 00:00:00
C104435,Returning,45-54,North West,2023-09-12 00:00:00
C104436,Returning,35-44,Scotland,2025-11-03 00:00:00
C104437,New,55+,London,2024-02-21 00:00:00
C104438,New,35-44,Scotland,2025-02-22 00:00:00
C104439,New,25-34,West Midlands,2024-11-27 00:00:00
C104440,New,25-34,Yorkshire,2023-08-12 00:00:00
C104441,New,55+,West Midlands,2025-10-26 00:00:00
C104442,Returning,25-34,East of England,2024-05-21 00:00:00
C104443,Returning,45-54,East of England,2024-11-10 00:00:00
C104444,New,25-34,London,2024-12-11 00:00:00
C104445,Returning,35-44,South West,2024-07-11 00:00:00
C104446,Returning,35-44,London,2024-12-02 00:00:00
C104447,Returning,18-24,South East,2024-09-04 00:00:00
C104448,Returning,25-34,North West,2025-03-25 00:00:00
C104449,New,25-34,North West,2024-06-03 00:00:00
C104450,Returning,45-54,South East,2025-06-12 00:00:00
C104451,Returning,45-54,South East,2024-09-11 00:00:00
C104452,Returning,25-34,London,2026-01-03 00:00:00
C104453,Returning,35-44,London,2024-09-19 00:00:00
C104454,Returning,18-24,London,2024-10-11 00:00:00
C104455,New,45-54,South East,2024-06-25 00:00:00
C104456,New,45-54,South West,2024-03-13 00:00:00
C104457,Returning,55+,South East,2025-05-17 00:00:00
C104458,New,55+,East of England,2024-11-28 00:00:00
C104459,Returning,25-34,South East,2024-03-05 00:00:00
C104460,Returning,25-34,West Midlands,2025-06-06 00:00:00
C104461,Returning,55+,London,2023-04-30 00:00:00
C104462,New,25-34,London,2023-03-10 00:00:00
C104463,Returning,18-24,North West,2024-12-08 00:00:00
C104464,New,25-34,South East,2024-05-18 00:00:00
C104465,New,45-54,South East,2025-05-25 00:00:00
C104466,New,45-54,West Midlands,2024-12-31 00:00:00
C104467,Returning,55+,South West,2025-05-08 00:00:00
C104468,Returning,25-34,West Midlands,2023-10-19 00:00:00
C104469,New,25-34,London,2023-10-05 00:00:00
C104470,Returning,25-34,South East,2023-10-04 00:00:00
C104471,New,45-54,North West,2024-12-12 00:00:00
C104472,Returning,25-34,Scotland,2025-01-11 00:00:00
C104473,New,55+,London,2026-01-03 00:00:00
C104474,Returning,35-44,South East,2023-08-27 00:00:00
C104475,Returning,45-54,West Midlands,2023-04-26 00:00:00
C104476,Returning,45-54,Scotland,2025-11-19 00:00:00
C104477,New,35-44,London,2024-07-29 00:00:00
C104478,Returning,45-54,South West,2024-02-08 00:00:00
C104479,Returning,25-34,Yorkshire,2023-12-02 00:00:00
C104480,Returning,45-54,South East,2025-08-29 00:00:00
C104481,Returning,45-54,South West,2025-05-20 00:00:00
C104482,Returning,35-44,North West,2023-07-12 00:00:00
C104483,New,25-34,London,2023-12-24 00:00:00
C104484,Returning,55+,South East,2025-08-15 00:00:00
C104485,New,55+,South East,2025-03-17 00:00:00
C104486,Returning,35-44,South East,2025-06-15 00:00:00
C104487,New,55+,South West,2023-06-26 00:00:00
C104488,New,35-44,Yorkshire,2024-09-29 00:00:00
C104489,Returning,25-34,South West,2023-03-15 00:00:00
C104490,Returning,35-44,North West,2024-05-10 00:00:00
C104491,Returning,18-24,South East,2023-04-25 00:00:00
C104492,Returning,35-44,London,2023-10-23 00:00:00
C104493,New,35-44,South West,2023-10-14 00:00:00
C104494,New,18-24,London,2023-07-27 00:00:00
C104495,New,25-34,South East,2025-07-23 00:00:00
C104496,Returning,45-54,Yorkshire,2024-02-13 00:00:00
C104497,Returning,45-54,South West,2023-06-15 00:00:00
C104498,Returning,55+,London,2025-12-23 00:00:00
C104499,Returning,25-34,North West,2023-02-06 00:00:00
C104500,New,45-54,London,2023-06-13 00:00:00
C104501,Returning,25-34,South West,2025-07-27 00:00:00
C104502,Returning,25-34,Yorkshire,2024-05-11 00:00:00
C104503,Returning,45-54,South West,2024-02-17 00:00:00
C104504,New,35-44,London,2023-12-02 00:00:00
C104505,Returning,45-54,North West,2024-10-09 00:00:00
C104506,Returning,25-34,South East,2024-01-30 00:00:00
C104507,New,25-34,West Midlands,2023-04-03 00:00:00
C104508,Returning,35-44,Scotland,2025-11-26 00:00:00
C104509,New,18-24,London,2025-09-25 00:00:00
C104510,Returning,25-34,North West,2023-07-13 00:00:00
C104511,Returning,25-34,London,2024-07-08 00:00:00
C104512,Returning,25-34,North West,2024-05-13 00:00:00
C104513,New,45-54,North West,2023-04-09 00:00:00
C104514,New,25-34,West Midlands,2024-03-14 00:00:00
C104515,New,35-44,North West,2024-11-28 00:00:00
C104516,Returning,35-44,Scotland,2023-04-25 00:00:00
C104517,New,35-44,South West,2024-02-07 00:00:00
C104518,Returning,35-44,Scotland,2023-10-04 00:00:00
C104519,New,35-44,London,2024-01-24 00:00:00
C104520,New,45-54,Scotland,2024-11-23 00:00:00
C104521,Returning,25-34,South East,2024-03-25 00:00:00
C104522,Returning,45-54,London,2025-04-24 00:00:00
C104523,Returning,18-24,West Midlands,2024-07-12 00:00:00
C104524,Returning,35-44,South East,2025-01-31 00:00:00
C104525,Returning,35-44,South West,2024-11-12 00:00:00
C104526,Returning,25-34,London,2025-06-17 00:00:00
C104527,Returning,18-24,North West,2023-06-11 00:00:00
C104528,New,18-24,South East,2025-12-26 00:00:00
C104529,Returning,18-24,London,2025-04-09 00:00:00
C104530,Returning,35-44,East of England,2023-08-06 00:00:00
C104531,New,25-34,North West,2023-01-30 00:00:00
C104532,Returning,45-54,South East,2023-01-29 00:00:00
C104533,Returning,55+,South West,2025-02-08 00:00:00
C104534,Returning,25-34,East of England,2024-04-10 00:00:00
C104535,New,25-34,West Midlands,2023-07-21 00:00:00
C104536,Returning,25-34,London,2023-12-16 00:00:00
C104537,Returning,55+,Scotland,2024-05-06 00:00:00
C104538,New,25-34,South East,2023-02-15 00:00:00
C104539,New,18-24,London,2024-09-09 00:00:00
C104540,New,55+,London,2023-02-09 00:00:00
C104541,New,35-44,London,2024-12-13 00:00:00
C104542,Returning,25-34,Scotland,2023-03-09 00:00:00
C104543,Returning,55+,Scotland,2025-05-20 00:00:00
C104544,New,55+,West Midlands,2023-10-06 00:00:00
C104545,New,35-44,Yorkshire,2024-07-21 00:00:00
C104546,Returning,25-34,East of England,2024-02-29 00:00:00
C104547,New,35-44,North West,2025-08-26 00:00:00
C104548,Returning,25-34,Yorkshire,2025-05-23 00:00:00
C104549,New,35-44,Scotland,2025-11-16 00:00:00
C104550,New,25-34,London,2025-02-25 00:00:00
C104551,Returning,35-44,London,2025-12-09 00:00:00
C104552,New,45-54,South West,2023-09-05 00:00:00
C104553,Returning,55+,Yorkshire,2023-12-18 00:00:00
C104554,New,45-54,London,2025-06-09 00:00:00
C104555,Returning,18-24,South East,2023-02-05 00:00:00
C104556,Returning,25-34,Yorkshire,2023-07-16 00:00:00
C104557,Returning,35-44,West Midlands,2025-02-26 00:00:00
C104558,New,25-34,East of England,2024-03-15 00:00:00
C104559,Returning,18-24,East of England,2023-10-05 00:00:00
C104560,Returning,45-54,West Midlands,2023-11-30 00:00:00
C104561,New,25-34,Yorkshire,2025-04-24 00:00:00
C104562,New,18-24,Yorkshire,2024-06-12 00:00:00
C104563,Returning,35-44,London,2023-01-06 00:00:00
C104564,New,55+,West Midlands,2024-07-22 00:00:00
C104565,Returning,35-44,West Midlands,2025-05-04 00:00:00
C104566,Returning,25-34,East of England,2023-07-03 00:00:00
C104567,New,35-44,East of England,2023-03-19 00:00:00
C104568,Returning,55+,London,2024-11-21 00:00:00
C104569,Returning,18-24,East of England,2025-08-25 00:00:00
C104570,New,35-44,North West,2023-03-19 00:00:00
C104571,Returning,45-54,London,2024-12-17 00:00:00
C104572,New,45-54,South East,2025-05-06 00:00:00
C104573,New,25-34,East of England,2023-06-27 00:00:00
C104574,Returning,55+,South East,2023-10-14 00:00:00
C104575,New,25-34,Yorkshire,2024-07-12 00:00:00
C104576,Returning,18-24,North West,2024-11-02 00:00:00
C104577,New,18-24,North West,2024-07-09 00:00:00
C104578,Returning,35-44,West Midlands,2023-07-22 00:00:00
C104579,New,18-24,West Midlands,2025-08-24 00:00:00
C104580,Returning,45-54,East of England,2024-04-08 00:00:00
C104581,Returning,45-54,West Midlands,2024-08-08 00:00:00
C104582,Returning,18-24,London,2024-08-12 00:00:00
C104583,Returning,45-54,West Midlands,2024-08-28 00:00:00
C104584,Returning,55+,Yorkshire,2023-11-15 00:00:00
C104585,Returning,18-24,West Midlands,2023-12-17 00:00:00
C104586,Returning,45-54,Yorkshire,2023-06-02 00:00:00
C104587,Returning,55+,London,2025-03-12 00:00:00
C104588,Returning,45-54,North West,2023-12-12 00:00:00
C104589,Returning,35-44,East of England,2023-02-25 00:00:00
C104590,New,55+,North West,2023-02-21 00:00:00
C104591,Returning,45-54,North West,2025-11-30 00:00:00
C104592,Returning,25-34,Yorkshire,2024-04-15 00:00:00
C104593,New,25-34,Yorkshire,2024-10-28 00:00:00
C104594,New,35-44,South East,2024-08-10 00:00:00
C104595,Returning,25-34,North West,2025-07-19 00:00:00
C104596,Returning,25-34,West Midlands,2025-09-03 00:00:00
C104597,New,25-34,West Midlands,2025-05-09 00:00:00
C104598,New,45-54,West Midlands,2025-12-16 00:00:00
C104599,Returning,45-54,West Midlands,2023-08-28 00:00:00
C104600,Returning,25-34,London,2024-05-09 00:00:00
C104601,Returning,25-34,South West,2023-11-14 00:00:00
C104602,Returning,25-34,North West,2025-07-05 00:00:00
C104603,Returning,18-24,London,2023-11-02 00:00:00
C104604,Returning,35-44,South East,2025-05-23 00:00:00
C104605,New,18-24,North West,2023-09-06 00:00:00
C104606,Returning,55+,North West,2025-02-01 00:00:00
C104607,New,25-34,Yorkshire,2023-01-18 00:00:00
C104608,New,18-24,West Midlands,2025-05-17 00:00:00
C104609,Returning,45-54,East of England,2025-06-28 00:00:00
C104610,Returning,25-34,London,2024-09-11 00:00:00
C104611,New,25-34,North West,2024-08-14 00:00:00
C104612,Returning,18-24,South East,2024-05-20 00:00:00
C104613,Returning,35-44,South East,2024-10-12 00:00:00
C104614,New,25-34,Scotland,2024-09-14 00:00:00
C104615,New,45-54,East of England,2024-06-24 00:00:00
C104616,New,35-44,London,2024-07-26 00:00:00
C104617,Returning,55+,London,2023-05-17 00:00:00
C104618,Returning,35-44,East of England,2024-05-27 00:00:00
C104619,Returning,45-54,London,2024-04-24 00:00:00
C104620,New,45-54,East of England,2025-09-11 00:00:00
C104621,Returning,35-44,South East,2023-11-19 00:00:00
C104622,Returning,45-54,West Midlands,2025-11-30 00:00:00
C104623,Returning,35-44,London,2025-09-08 00:00:00
C104624,New,18-24,North West,2025-05-11 00:00:00
C104625,Returning,45-54,London,2025-02-10 00:00:00
C104626,Returning,25-34,West Midlands,2023-12-15 00:00:00
C104627,New,35-44,East of England,2023-06-28 00:00:00
C104628,New,18-24,South East,2025-05-18 00:00:00
C104629,New,18-24,North West,2025-02-11 00:00:00
C104630,New,18-24,London,2025-07-03 00:00:00
C104631,Returning,25-34,North West,2024-08-26 00:00:00
C104632,New,18-24,South East,2025-09-15 00:00:00
C104633,New,25-34,Yorkshire,2023-03-31 00:00:00
C104634,Returning,35-44,South West,2023-05-01 00:00:00
C104635,New,25-34,East of England,2023-03-18 00:00:00
C104636,New,55+,East of England,2023-12-20 00:00:00
C104637,Returning,45-54,South East,2023-06-12 00:00:00
C104638,New,25-34,London,2023-02-14 00:00:00
C104639,New,25-34,London,2025-06-10 00:00:00
C104640,New,35-44,Yorkshire,2023-06-21 00:00:00
C104641,New,25-34,London,2025-07-01 00:00:00
C104642,Returning,35-44,South West,2024-12-07 00:00:00
C104643,New,35-44,Scotland,2024-10-30 00:00:00
C104644,New,35-44,London,2023-05-09 00:00:00
C104645,Returning,25-34,South East,2023-01-18 00:00:00
C104646,Returning,45-54,North West,2023-06-03 00:00:00
C104647,New,25-34,West Midlands,2023-12-15 00:00:00
C104648,New,45-54,West Midlands,2025-11-18 00:00:00
C104649,Returning,55+,London,2024-03-16 00:00:00
C104650,Returning,25-34,East of England,2023-09-14 00:00:00
C104651,Returning,45-54,Yorkshire,2023-11-09 00:00:00
C104652,New,45-54,London,2024-01-04 00:00:00
C104653,New,35-44,London,2024-10-01 00:00:00
C104654,Returning,18-24,South West,2025-06-05 00:00:00
C104655,Returning,45-54,London,2023-03-10 00:00:00
C104656,Returning,25-34,East of England,2025-05-02 00:00:00
C104657,New,25-34,North West,2023-01-22 00:00:00
C104658,Returning,35-44,Scotland,2023-12-20 00:00:00
C104659,New,35-44,South West,2024-10-08 00:00:00
C104660,Returning,18-24,East of England,2023-04-26 00:00:00
C104661,Returning,55+,South West,2023-10-18 00:00:00
C104662,Returning,25-34,North West,2024-12-03 00:00:00
C104663,New,35-44,London,2025-01-25 00:00:00
C104664,Returning,35-44,Yorkshire,2023-04-02 00:00:00
C104665,Returning,18-24,North West,2025-05-05 00:00:00
C104666,Returning,45-54,West Midlands,2024-03-24 00:00:00
C104667,New,35-44,North West,2024-11-03 00:00:00
C104668,Returning,35-44,London,2023-08-22 00:00:00
C104669,New,35-44,West Midlands,2025-12-24 00:00:00
C104670,New,55+,London,2025-04-17 00:00:00
C104671,New,55+,West Midlands,2024-12-08 00:00:00
C104672,New,18-24,West Midlands,2023-07-24 00:00:00
C104673,New,25-34,East of England,2025-04-30 00:00:00
C104674,Returning,35-44,North West,2024-02-20 00:00:00
C104675,New,55+,East of England,2024-12-06 00:00:00
C104676,New,45-54,Scotland,2024-12-16 00:00:00
C104677,New,25-34,London,2025-06-04 00:00:00
C104678,New,55+,North West,2025-07-08 00:00:00
C104679,Returning,25-34,South East,2024-03-05 00:00:00
C104680,Returning,25-34,East of England,2023-03-31 00:00:00
C104681,New,35-44,West Midlands,2024-04-22 00:00:00
C104682,Returning,25-34,London,2024-03-16 00:00:00
C104683,Returning,35-44,London,2024-01-04 00:00:00
C104684,Returning,25-34,Yorkshire,2024-06-21 00:00:00
C104685,New,45-54,London,2024-09-26 00:00:00
C104686,New,55+,South East,2024-11-16 00:00:00
C104687,Returning,25-34,East of England,2024-02-17 00:00:00
C104688,Returning,35-44,London,2024-11-09 00:00:00
C104689,Returning,45-54,Yorkshire,2025-12-22 00:00:00
C104690,Returning,25-34,Yorkshire,2024-12-16 00:00:00
C104691,New,45-54,South East,2024-10-25 00:00:00
C104692,Returning,35-44,London,2023-11-11 00:00:00
C104693,Returning,25-34,London,2024-01-05 00:00:00
C104694,Returning,45-54,Scotland,2023-02-26 00:00:00
C104695,Returning,25-34,Yorkshire,2024-07-12 00:00:00
C104696,Returning,25-34,South East,2023-03-23 00:00:00
C104697,Returning,25-34,East of England,2025-05-08 00:00:00
C104698,Returning,45-54,London,2025-11-18 00:00:00
C104699,Returning,55+,London,2025-06-05 00:00:00
C104700,Returning,25-34,London,2023-06-22 00:00:00
C104701,Returning,18-24,South West,2024-12-01 00:00:00
C104702,New,18-24,West Midlands,2024-04-18 00:00:00
C104703,New,35-44,Yorkshire,2023-01-03 00:00:00
C104704,New,25-34,London,2025-02-27 00:00:00
C104705,New,25-34,South West,2025-08-13 00:00:00
C104706,New,25-34,South West,2024-05-22 00:00:00
C104707,Returning,35-44,West Midlands,2025-09-27 00:00:00
C104708,New,35-44,London,2023-03-03 00:00:00
C104709,New,35-44,North West,2025-08-16 00:00:00
C104710,Returning,25-34,South East,2025-01-19 00:00:00
C104711,New,35-44,London,2025-01-08 00:00:00
C104712,Returning,35-44,North West,2024-07-07 00:00:00
C104713,Returning,35-44,North West,2023-01-30 00:00:00
C104714,Returning,18-24,South West,2024-05-12 00:00:00
C104715,New,25-34,South East,2025-11-11 00:00:00
C104716,New,35-44,London,2024-05-23 00:00:00
C104717,Returning,25-34,Yorkshire,2023-03-16 00:00:00
C104718,Returning,35-44,Yorkshire,2024-06-27 00:00:00
C104719,New,25-34,West Midlands,2023-06-14 00:00:00
C104720,Returning,25-34,West Midlands,2024-04-08 00:00:00
C104721,Returning,35-44,London,2024-11-21 00:00:00
C104722,New,25-34,West Midlands,2023-03-15 00:00:00
C104723,Returning,25-34,Scotland,2024-05-22 00:00:00
C104724,New,45-54,London,2024-07-10 00:00:00
C104725,New,35-44,North West,2025-04-10 00:00:00
C104726,Returning,55+,London,2023-03-16 00:00:00
C104727,New,25-34,South East,2024-11-27 00:00:00
C104728,Returning,55+,South West,2024-11-14 00:00:00
C104729,Returning,45-54,North West,2023-01-05 00:00:00
C104730,New,18-24,London,2023-05-12 00:00:00
C104731,Returning,35-44,West Midlands,2024-12-08 00:00:00
C104732,New,35-44,London,2025-08-04 00:00:00
C104733,New,35-44,South East,2025-08-02 00:00:00
C104734,Returning,25-34,South West,2025-04-25 00:00:00
C104735,Returning,55+,South East,2025-07-26 00:00:00
C104736,Returning,45-54,West Midlands,2024-10-29 00:00:00
C104737,New,55+,West Midlands,2023-06-23 00:00:00
C104738,New,45-54,East of England,2024-08-07 00:00:00
C104739,Returning,45-54,London,2024-01-18 00:00:00
C104740,New,45-54,North West,2023-10-08 00:00:00
C104741,New,35-44,London,2023-05-12 00:00:00
C104742,Returning,55+,London,2023-01-22 00:00:00
C104743,New,35-44,London,2025-04-06 00:00:00
C104744,New,18-24,Yorkshire,2023-07-07 00:00:00
C104745,New,35-44,London,2024-11-21 00:00:00
C104746,Returning,18-24,Scotland,2023-11-29 00:00:00
C104747,Returning,55+,West Midlands,2024-06-16 00:00:00
C104748,Returning,35-44,East of England,2024-03-13 00:00:00
C104749,New,35-44,London,2023-11-26 00:00:00
C104750,New,25-34,South East,2024-06-12 00:00:00
C104751,Returning,35-44,Yorkshire,2025-05-15 00:00:00
C104752,New,25-34,South East,2024-07-08 00:00:00
C104753,Returning,35-44,West Midlands,2025-05-20 00:00:00
C104754,Returning,35-44,South West,2025-09-28 00:00:00
C104755,Returning,35-44,Yorkshire,2024-06-24 00:00:00
C104756,Returning,25-34,East of England,2025-06-01 00:00:00
C104757,Returning,35-44,London,2023-05-17 00:00:00
C104758,New,35-44,North West,2024-09-14 00:00:00
C104759,Returning,45-54,North West,2024-05-26 00:00:00
C104760,Returning,55+,North West,2023-01-07 00:00:00
C104761,Returning,45-54,North West,2025-09-12 00:00:00
C104762,Returning,25-34,Yorkshire,2025-03-26 00:00:00
C104763,Returning,18-24,East of England,2024-10-04 00:00:00
C104764,Returning,55+,London,2025-02-04 00:00:00
C104765,New,55+,London,2025-04-09 00:00:00
C104766,Returning,25-34,London,2025-05-05 00:00:00
C104767,Returning,45-54,London,2023-11-21 00:00:00
C104768,New,25-34,Yorkshire,2024-04-04 00:00:00
C104769,Returning,25-34,West Midlands,2024-01-13 00:00:00
C104770,Returning,55+,South East,2025-09-29 00:00:00
C104771,Returning,55+,East of England,2023-05-09 00:00:00
C104772,New,55+,East of England,2025-09-24 00:00:00
C104773,Returning,25-34,North West,2024-01-13 00:00:00
C104774,New,35-44,West Midlands,2025-05-06 00:00:00
C104775,New,55+,South East,2023-07-06 00:00:00
C104776,Returning,35-44,West Midlands,2025-07-16 00:00:00
C104777,New,35-44,West Midlands,2024-08-15 00:00:00
C104778,New,35-44,London,2025-12-19 00:00:00
C104779,Returning,18-24,South West,2024-03-09 00:00:00
C104780,New,35-44,West Midlands,2025-12-29 00:00:00
C104781,Returning,45-54,London,2025-07-08 00:00:00
C104782,Returning,18-24,Yorkshire,2023-01-10 00:00:00
C104783,Returning,25-34,West Midlands,2024-02-26 00:00:00
C104784,Returning,35-44,South East,2024-03-22 00:00:00
C104785,Returning,35-44,London,2023-08-22 00:00:00
C104786,New,25-34,London,2025-08-23 00:00:00
C104787,Returning,18-24,West Midlands,2023-04-03 00:00:00
C104788,New,45-54,South East,2023-10-12 00:00:00
C104789,Returning,25-34,London,2023-10-05 00:00:00
C104790,Returning,35-44,South West,2024-04-05 00:00:00
C104791,New,35-44,South West,2025-02-06 00:00:00
C104792,New,35-44,West Midlands,2023-01-08 00:00:00
C104793,Returning,35-44,East of England,2024-11-19 00:00:00
C104794,New,45-54,West Midlands,2024-03-21 00:00:00
C104795,New,35-44,London,2024-11-12 00:00:00
C104796,New,35-44,North West,2023-03-09 00:00:00
C104797,Returning,35-44,South East,2025-08-01 00:00:00
C104798,Returning,35-44,West Midlands,2024-09-27 00:00:00
C104799,Returning,35-44,Scotland,2023-10-06 00:00:00
C104800,Returning,35-44,South East,2025-05-18 00:00:00
C104801,New,35-44,London,2024-06-01 00:00:00
C104802,New,25-34,London,2024-03-05 00:00:00
C104803,Returning,45-54,East of England,2023-07-05 00:00:00
C104804,Returning,25-34,London,2024-06-23 00:00:00
C104805,Returning,55+,East of England,2023-08-29 00:00:00
C104806,Returning,35-44,London,2025-03-18 00:00:00
C104807,Returning,18-24,South West,2024-02-13 00:00:00
C104808,Returning,35-44,South East,2023-05-11 00:00:00
C104809,Returning,25-34,South East,2025-02-16 00:00:00
C104810,Returning,55+,London,2025-07-18 00:00:00
C104811,Returning,55+,London,2025-07-06 00:00:00
C104812,Returning,45-54,London,2024-06-17 00:00:00
C104813,Returning,35-44,London,2023-12-04 00:00:00
C104814,Returning,55+,North West,2023-09-01 00:00:00
C104815,New,35-44,North West,2024-03-13 00:00:00
C104816,New,55+,South East,2023-04-22 00:00:00
C104817,Returning,25-34,Yorkshire,2025-09-03 00:00:00
C104818,Returning,55+,South West,2023-10-01 00:00:00
C104819,Returning,35-44,Scotland,2025-05-08 00:00:00
C104820,Returning,25-34,West Midlands,2024-02-28 00:00:00
C104821,New,55+,South East,2025-01-29 00:00:00
C104822,Returning,45-54,Scotland,2025-09-28 00:00:00
C104823,Returning,55+,Scotland,2024-03-23 00:00:00
C104824,Returning,18-24,East of England,2025-11-27 00:00:00
C104825,Returning,35-44,North West,2024-01-11 00:00:00
C104826,New,45-54,North West,2023-10-07 00:00:00
C104827,Returning,18-24,East of England,2025-03-06 00:00:00
C104828,Returning,45-54,West Midlands,2023-06-04 00:00:00
C104829,Returning,35-44,London,2023-04-13 00:00:00
C104830,Returning,25-34,Scotland,2024-02-09 00:00:00
C104831,New,45-54,East of England,2024-08-20 00:00:00
C104832,Returning,25-34,London,2024-05-29 00:00:00
C104833,Returning,45-54,London,2023-03-08 00:00:00
C104834,New,45-54,East of England,2024-08-26 00:00:00
C104835,Returning,35-44,South East,2024-11-16 00:00:00
C104836,New,35-44,Yorkshire,2023-11-10 00:00:00
C104837,New,25-34,London,2024-09-17 00:00:00
C104838,New,25-34,London,2024-01-26 00:00:00
C104839,New,55+,South West,2023-03-07 00:00:00
C104840,Returning,25-34,Scotland,2025-03-29 00:00:00
C104841,Returning,25-34,West Midlands,2024-04-06 00:00:00
C104842,New,25-34,London,2025-12-17 00:00:00
C104843,Returning,35-44,London,2023-07-31 00:00:00
C104844,Returning,45-54,London,2023-01-09 00:00:00
C104845,New,25-34,Scotland,2025-05-27 00:00:00
C104846,New,25-34,West Midlands,2025-08-06 00:00:00
C104847,Returning,18-24,Scotland,2025-10-01 00:00:00
C104848,New,25-34,East of England,2025-12-24 00:00:00
C104849,Returning,25-34,West Midlands,2023-12-13 00:00:00
C104850,New,45-54,London,2025-01-16 00:00:00
C104851,Returning,35-44,Scotland,2023-02-02 00:00:00
C104852,Returning,18-24,London,2024-04-04 00:00:00
C104853,New,35-44,East of England,2025-09-14 00:00:00
C104854,New,45-54,West Midlands,2024-11-28 00:00:00
C104855,Returning,25-34,South East,2025-07-17 00:00:00
C104856,Returning,25-34,West Midlands,2025-11-06 00:00:00
C104857,Returning,45-54,South East,2025-05-26 00:00:00
C104858,New,18-24,Yorkshire,2025-01-26 00:00:00
C104859,New,45-54,North West,2024-01-28 00:00:00
C104860,Returning,45-54,South East,2024-08-07 00:00:00
C104861,Returning,55+,North West,2023-03-29 00:00:00
C104862,New,18-24,West Midlands,2024-09-26 00:00:00
C104863,Returning,18-24,East of England,2025-12-08 00:00:00
C104864,Returning,55+,East of England,2023-06-12 00:00:00
C104865,New,35-44,North West,2024-06-26 00:00:00
C104866,New,25-34,Scotland,2025-09-16 00:00:00
C104867,New,35-44,South East,2024-01-28 00:00:00
C104868,Returning,18-24,London,2024-10-10 00:00:00
C104869,Returning,35-44,London,2025-05-04 00:00:00
C104870,Returning,55+,East of England,2025-05-16 00:00:00
C104871,New,35-44,South East,2025-01-07 00:00:00
C104872,Returning,35-44,East of England,2023-03-10 00:00:00
C104873,Returning,55+,West Midlands,2023-02-16 00:00:00
C104874,Returning,45-54,London,2025-04-10 00:00:00
C104875,Returning,18-24,North West,2025-11-20 00:00:00
C104876,New,35-44,North West,2023-10-22 00:00:00
C104877,Returning,18-24,West Midlands,2024-09-03 00:00:00
C104878,Returning,25-34,East of England,2023-03-20 00:00:00
C104879,New,35-44,Yorkshire,2023-07-27 00:00:00
C104880,New,25-34,South East,2024-06-17 00:00:00
C104881,Returning,18-24,Yorkshire,2023-01-18 00:00:00
C104882,Returning,35-44,South East,2024-10-09 00:00:00
C104883,New,25-34,East of England,2024-08-30 00:00:00
C104884,Returning,35-44,South East,2023-04-12 00:00:00
C104885,Returning,25-34,Yorkshire,2024-10-15 00:00:00
C104886,New,45-54,West Midlands,2024-05-15 00:00:00
C104887,Returning,55+,London,2023-04-20 00:00:00
C104888,Returning,18-24,North West,2023-08-29 00:00:00
C104889,Returning,45-54,South East,2024-08-22 00:00:00
C104890,New,25-34,North West,2025-06-11 00:00:00
C104891,New,25-34,North West,2024-04-19 00:00:00
C104892,Returning,25-34,London,2024-11-26 00:00:00
C104893,New,25-34,London,2024-04-26 00:00:00
C104894,Returning,18-24,Yorkshire,2025-08-05 00:00:00
C104895,Returning,45-54,West Midlands,2025-12-08 00:00:00
C104896,New,45-54,West Midlands,2024-04-09 00:00:00
C104897,Returning,55+,London,2023-11-22 00:00:00
C104898,Returning,55+,South East,2024-09-25 00:00:00
C104899,Returning,35-44,Yorkshire,2025-08-30 00:00:00
C104900,Returning,25-34,East of England,2024-10-21 00:00:00
C104901,New,18-24,North West,2024-01-14 00:00:00
C104902,New,35-44,North West,2025-05-03 00:00:00
C104903,Returning,45-54,West Midlands,2023-07-17 00:00:00
C104904,Returning,25-34,Yorkshire,2023-10-28 00:00:00
C104905,Returning,25-34,South West,2023-06-17 00:00:00
C104906,Returning,35-44,London,2025-10-01 00:00:00
C104907,New,55+,Yorkshire,2025-10-31 00:00:00
C104908,Returning,35-44,South East,2025-11-20 00:00:00
C104909,New,45-54,London,2023-01-26 00:00:00
C104910,New,35-44,London,2025-09-16 00:00:00
C104911,Returning,25-34,London,2023-08-30 00:00:00
C104912,Returning,35-44,South East,2025-11-13 00:00:00
C104913,Returning,45-54,London,2024-01-10 00:00:00
C104914,New,45-54,London,2023-12-03 00:00:00
C104915,Returning,35-44,London,2024-12-23 00:00:00
C104916,Returning,25-34,London,2025-05-19 00:00:00
C104917,Returning,25-34,South East,2024-02-18 00:00:00
C104918,Returning,18-24,South West,2025-06-25 00:00:00
C104919,Returning,18-24,North West,2023-01-23 00:00:00
C104920,Returning,25-34,London,2025-09-15 00:00:00
C104921,New,45-54,South East,2024-07-22 00:00:00
C104922,New,45-54,West Midlands,2024-08-13 00:00:00
C104923,Returning,45-54,London,2025-08-30 00:00:00
C104924,Returning,45-54,South East,2023-03-02 00:00:00
C104925,New,55+,South East,2025-09-02 00:00:00
C104926,New,55+,West Midlands,2023-08-12 00:00:00
C104927,Returning,25-34,Yorkshire,2025-12-26 00:00:00
C104928,Returning,25-34,West Midlands,2025-03-01 00:00:00
C104929,New,25-34,London,2024-01-12 00:00:00
C104930,Returning,55+,London,2023-03-14 00:00:00
C104931,Returning,18-24,East of England,2023-05-15 00:00:00
C104932,Returning,25-34,Yorkshire,2023-05-15 00:00:00
C104933,New,35-44,Yorkshire,2023-03-18 00:00:00
C104934,Returning,35-44,East of England,2024-11-08 00:00:00
C104935,New,35-44,North West,2025-08-11 00:00:00
C104936,New,45-54,London,2025-05-29 00:00:00
C104937,Returning,35-44,Yorkshire,2025-04-03 00:00:00
C104938,Returning,45-54,London,2025-12-14 00:00:00
C104939,New,18-24,Yorkshire,2024-11-21 00:00:00
C104940,Returning,45-54,West Midlands,2023-04-15 00:00:00
C104941,New,35-44,London,2024-06-30 00:00:00
C104942,Returning,25-34,London,2025-04-13 00:00:00
C104943,Returning,55+,West Midlands,2024-05-18 00:00:00
C104944,Returning,55+,North West,2023-12-04 00:00:00
C104945,Returning,45-54,London,2024-06-27 00:00:00
C104946,Returning,55+,London,2025-05-09 00:00:00
C104947,Returning,25-34,South East,2024-02-05 00:00:00
C104948,Returning,25-34,South West,2024-01-24 00:00:00
C104949,Returning,25-34,South West,2024-06-06 00:00:00
C104950,New,55+,Yorkshire,2024-04-06 00:00:00
C104951,Returning,45-54,West Midlands,2023-08-20 00:00:00
C104952,New,55+,West Midlands,2023-11-04 00:00:00
C104953,Returning,45-54,London,2023-05-10 00:00:00
C104954,New,35-44,London,2025-04-06 00:00:00
C104955,New,25-34,London,2023-08-21 00:00:00
C104956,Returning,25-34,East of England,2025-12-12 00:00:00
C104957,New,35-44,West Midlands,2025-12-04 00:00:00
C104958,New,45-54,London,2025-01-09 00:00:00
C104959,Returning,25-34,North West,2025-12-25 00:00:00
C104960,New,55+,South East,2025-08-08 00:00:00
C104961,New,45-54,West Midlands,2025-04-06 00:00:00
C104962,Returning,25-34,Yorkshire,2024-01-27 00:00:00
C104963,New,55+,South West,2025-07-09 00:00:00
C104964,New,35-44,Yorkshire,2024-01-10 00:00:00
C104965,New,45-54,East of England,2023-04-24 00:00:00
C104966,New,25-34,London,2024-09-14 00:00:00
C104967,New,25-34,Yorkshire,2023-05-16 00:00:00
C104968,New,18-24,East of England,2023-04-12 00:00:00
C104969,Returning,35-44,South East,2023-04-12 00:00:00
C104970,Returning,45-54,South West,2025-09-29 00:00:00
C104971,New,55+,Scotland,2023-03-11 00:00:00
C104972,New,55+,Yorkshire,2024-03-10 00:00:00
C104973,Returning,18-24,London,2025-04-02 00:00:00
C104974,Returning,55+,South East,2025-06-01 00:00:00
C104975,Returning,25-34,Yorkshire,2023-03-04 00:00:00
C104976,Returning,18-24,East of England,2025-09-10 00:00:00
C104977,New,45-54,London,2025-11-09 00:00:00
C104978,Returning,55+,South East,2025-12-02 00:00:00
C104979,Returning,55+,London,2024-12-20 00:00:00
C104980,Returning,45-54,West Midlands,2024-07-17 00:00:00
C104981,New,25-34,South West,2023-07-07 00:00:00
C104982,New,25-34,West Midlands,2023-05-16 00:00:00
C104983,New,18-24,North West,2025-06-18 00:00:00
C104984,New,35-44,North West,2025-07-24 00:00:00
C104985,New,35-44,North West,2025-06-25 00:00:00
C104986,Returning,18-24,Yorkshire,2024-11-11 00:00:00
C104987,New,35-44,London,2024-09-12 00:00:00
C104988,Returning,35-44,London,2023-08-01 00:00:00
C104989,New,45-54,South West,2023-04-11 00:00:00
C104990,New,25-34,West Midlands,2023-08-09 00:00:00
C104991,Returning,25-34,South East,2024-03-16 00:00:00
C104992,Returning,35-44,West Midlands,2023-11-28 00:00:00
C104993,New,45-54,Yorkshire,2024-08-26 00:00:00
C104994,Returning,25-34,London,2025-05-09 00:00:00
C104995,New,18-24,North West,2025-03-29 00:00:00
C104996,New,55+,London,2025-06-29 00:00:00
C104997,Returning,45-54,East of England,2023-11-25 00:00:00
C104998,New,25-34,North West,2025-10-26 00:00:00
C104999,Returning,35-44,South West,2025-08-18 00:00:00
C105000,New,35-44,Yorkshire,2024-01-19 00:00:00
C105001,Returning,25-34,South West,2023-10-03 00:00:00
C105002,Returning,25-34,South East,2025-09-03 00:00:00
C105003,New,55+,London,2026-01-03 00:00:00
C105004,New,35-44,East of England,2024-05-26 00:00:00
C105005,Returning,25-34,East of England,2023-05-07 00:00:00
C105006,Returning,45-54,East of England,2024-10-29 00:00:00
C105007,Returning,35-44,Scotland,2025-07-05 00:00:00
C105008,Returning,35-44,North West,2024-05-30 00:00:00
C105009,Returning,25-34,North West,2023-05-26 00:00:00
C105010,New,18-24,South West,2025-03-20 00:00:00
C105011,Returning,25-34,London,2025-04-15 00:00:00
C105012,New,55+,South West,2025-08-20 00:00:00
C105013,Returning,35-44,South West,2025-08-06 00:00:00
C105014,New,45-54,North West,2024-06-09 00:00:00
C105015,New,18-24,South East,2023-12-11 00:00:00
C105016,Returning,45-54,Yorkshire,2023-07-02 00:00:00
C105017,Returning,35-44,East of England,2023-04-22 00:00:00
C105018,Returning,35-44,London,2025-06-28 00:00:00
C105019,Returning,25-34,South East,2026-01-04 00:00:00
C105020,Returning,35-44,Yorkshire,2024-12-08 00:00:00
C105021,Returning,18-24,East of England,2025-12-04 00:00:00
C105022,Returning,18-24,Yorkshire,2023-12-05 00:00:00
C105023,Returning,45-54,North West,2025-04-12 00:00:00
C105024,Returning,25-34,London,2024-03-12 00:00:00
C105025,Returning,18-24,West Midlands,2024-03-01 00:00:00
C105026,Returning,55+,East of England,2024-12-05 00:00:00
C105027,New,25-34,South East,2023-05-28 00:00:00
C105028,Returning,35-44,South East,2024-03-29 00:00:00
C105029,New,45-54,South East,2024-04-04 00:00:00
C105030,New,45-54,South East,2024-04-18 00:00:00
C105031,Returning,18-24,West Midlands,2025-03-03 00:00:00
C105032,New,35-44,South West,2023-11-02 00:00:00
C105033,Returning,35-44,West Midlands,2023-06-17 00:00:00
C105034,Returning,25-34,North West,2024-11-03 00:00:00
C105035,New,45-54,West Midlands,2023-01-19 00:00:00
C105036,Returning,55+,East of England,2025-12-22 00:00:00
C105037,New,25-34,London,2025-09-21 00:00:00
C105038,Returning,25-34,London,2024-02-26 00:00:00
C105039,Returning,45-54,West Midlands,2025-02-08 00:00:00
C105040,New,35-44,Scotland,2024-07-24 00:00:00
C105041,New,45-54,Yorkshire,2025-02-02 00:00:00
C105042,New,25-34,North West,2023-08-30 00:00:00
C105043,Returning,18-24,West Midlands,2025-11-07 00:00:00
C105044,New,45-54,South East,2025-08-27 00:00:00
C105045,Returning,55+,Scotland,2024-07-26 00:00:00
C105046,New,18-24,West Midlands,2025-08-23 00:00:00
C105047,Returning,45-54,Yorkshire,2023-12-16 00:00:00
C105048,New,25-34,South West,2025-05-14 00:00:00
C105049,Returning,18-24,Yorkshire,2025-09-27 00:00:00
C105050,New,35-44,London,2025-02-04 00:00:00
C105051,Returning,25-34,South East,2025-12-20 00:00:00
C105052,Returning,45-54,London,2023-08-24 00:00:00
C105053,New,25-34,Scotland,2023-01-23 00:00:00
C105054,Returning,35-44,East of England,2024-08-02 00:00:00
C105055,New,25-34,West Midlands,2023-12-30 00:00:00
C105056,Returning,45-54,East of England,2024-12-04 00:00:00
C105057,Returning,55+,London,2024-02-03 00:00:00
C105058,Returning,25-34,London,2025-08-13 00:00:00
C105059,New,35-44,London,2023-05-03 00:00:00
C105060,New,55+,East of England,2025-11-26 00:00:00
C105061,New,25-34,London,2023-09-01 00:00:00
C105062,New,45-54,London,2023-12-26 00:00:00
C105063,New,35-44,London,2023-01-27 00:00:00
C105064,Returning,55+,West Midlands,2025-01-16 00:00:00
C105065,Returning,25-34,West Midlands,2025-02-05 00:00:00
C105066,Returning,25-34,London,2025-10-19 00:00:00
C105067,New,25-34,South West,2023-04-28 00:00:00
C105068,New,18-24,Scotland,2024-06-14 00:00:00
C105069,Returning,25-34,South East,2025-09-03 00:00:00
C105070,New,55+,Scotland,2023-02-03 00:00:00
C105071,New,25-34,South West,2024-10-04 00:00:00
C105072,Returning,18-24,East of England,2023-09-10 00:00:00
C105073,Returning,25-34,London,2024-01-27 00:00:00
C105074,Returning,25-34,East of England,2025-04-11 00:00:00
C105075,New,35-44,North West,2025-06-08 00:00:00
C105076,Returning,18-24,London,2023-01-07 00:00:00
C105077,New,45-54,South West,2024-12-16 00:00:00
C105078,New,45-54,South East,2024-03-09 00:00:00
C105079,Returning,25-34,South West,2025-04-08 00:00:00
C105080,New,45-54,North West,2025-07-14 00:00:00
C105081,Returning,25-34,West Midlands,2025-08-23 00:00:00
C105082,Returning,25-34,London,2023-04-23 00:00:00
C105083,New,55+,East of England,2025-06-07 00:00:00
C105084,Returning,55+,London,2025-11-26 00:00:00
C105085,Returning,25-34,South West,2025-05-07 00:00:00
C105086,Returning,35-44,Yorkshire,2024-02-19 00:00:00
C105087,Returning,25-34,London,2025-03-13 00:00:00
C105088,Returning,35-44,North West,2023-03-16 00:00:00
C105089,New,45-54,Scotland,2024-02-20 00:00:00
C105090,Returning,18-24,East of England,2025-06-25 00:00:00
C105091,Returning,55+,London,2024-12-18 00:00:00
C105092,New,45-54,London,2023-10-19 00:00:00
C105093,New,18-24,London,2024-09-14 00:00:00
C105094,Returning,45-54,South West,2023-01-02 00:00:00
C105095,Returning,45-54,London,2025-11-25 00:00:00
C105096,Returning,25-34,London,2024-08-28 00:00:00
C105097,Returning,35-44,West Midlands,2024-07-05 00:00:00
C105098,Returning,45-54,Scotland,2024-01-02 00:00:00
C105099,Returning,55+,South East,2023-09-01 00:00:00
C105100,Returning,25-34,Yorkshire,2023-12-28 00:00:00
C105101,New,35-44,London,2024-05-18 00:00:00
C105102,New,45-54,North West,2024-04-13 00:00:00
C105103,Returning,55+,North West,2024-04-01 00:00:00
C105104,Returning,18-24,East of England,2024-07-12 00:00:00
C105105,Returning,35-44,Yorkshire,2024-05-30 00:00:00
C105106,New,55+,London,2023-12-07 00:00:00
C105107,New,18-24,West Midlands,2024-10-01 00:00:00
C105108,Returning,35-44,London,2023-09-28 00:00:00
C105109,Returning,35-44,South East,2025-11-08 00:00:00
C105110,New,35-44,Scotland,2025-01-03 00:00:00
C105111,Returning,45-54,West Midlands,2023-11-06 00:00:00
C105112,Returning,18-24,East of England,2025-01-31 00:00:00
C105113,Returning,45-54,London,2025-12-02 00:00:00
C105114,New,25-34,East of England,2025-04-21 00:00:00
C105115,Returning,45-54,East of England,2025-05-07 00:00:00
C105116,Returning,25-34,Yorkshire,2023-08-28 00:00:00
C105117,Returning,18-24,London,2023-07-21 00:00:00
C105118,New,55+,East of England,2024-09-09 00:00:00
C105119,Returning,45-54,East of England,2023-11-05 00:00:00
C105120,Returning,25-34,London,2023-05-13 00:00:00
C105121,New,25-34,Scotland,2025-09-27 00:00:00
C105122,Returning,35-44,East of England,2024-01-15 00:00:00
C105123,Returning,55+,London,2025-05-31 00:00:00
C105124,Returning,25-34,West Midlands,2025-03-15 00:00:00
C105125,New,55+,South East,2023-06-07 00:00:00
C105126,Returning,25-34,West Midlands,2023-07-26 00:00:00
C105127,New,45-54,East of England,2024-10-05 00:00:00
C105128,Returning,25-34,East of England,2024-11-17 00:00:00
C105129,Returning,18-24,London,2023-11-01 00:00:00
C105130,New,55+,North West,2023-06-18 00:00:00
C105131,New,25-34,North West,2024-11-23 00:00:00
C105132,New,55+,West Midlands,2023-09-17 00:00:00
C105133,Returning,18-24,Yorkshire,2023-07-10 00:00:00
C105134,Returning,25-34,Yorkshire,2024-02-21 00:00:00
C105135,Returning,55+,South East,2024-01-23 00:00:00
C105136,New,35-44,South East,2024-03-18 00:00:00
C105137,New,25-34,East of England,2024-03-03 00:00:00
C105138,New,35-44,South East,2024-09-14 00:00:00
C105139,Returning,25-34,West Midlands,2024-08-14 00:00:00
C105140,Returning,55+,Scotland,2023-02-11 00:00:00
C105141,Returning,18-24,East of England,2023-09-21 00:00:00
C105142,New,35-44,Yorkshire,2024-07-09 00:00:00
C105143,Returning,18-24,South East,2025-03-11 00:00:00
C105144,New,45-54,North West,2023-02-03 00:00:00
C105145,Returning,55+,Yorkshire,2025-06-09 00:00:00
C105146,Returning,45-54,West Midlands,2023-04-14 00:00:00
C105147,Returning,25-34,London,2024-12-04 00:00:00
C105148,Returning,25-34,South East,2023-08-29 00:00:00
C105149,New,25-34,West Midlands,2025-09-20 00:00:00
C105150,Returning,55+,Scotland,2025-02-01 00:00:00
C105151,New,18-24,Yorkshire,2025-05-19 00:00:00
C105152,Returning,35-44,London,2025-06-11 00:00:00
C105153,New,25-34,South East,2023-02-18 00:00:00
C105154,New,55+,North West,2025-07-20 00:00:00
C105155,New,35-44,West Midlands,2023-04-04 00:00:00
C105156,New,35-44,London,2024-08-20 00:00:00
C105157,Returning,55+,Scotland,2024-12-26 00:00:00
C105158,Returning,55+,East of England,2025-09-16 00:00:00
C105159,New,35-44,East of England,2025-03-05 00:00:00
C105160,Returning,45-54,West Midlands,2025-02-22 00:00:00
C105161,Returning,35-44,East of England,2025-11-30 00:00:00
C105162,New,25-34,Yorkshire,2023-01-18 00:00:00
C105163,Returning,18-24,North West,2023-01-04 00:00:00
C105164,Returning,45-54,London,2023-07-29 00:00:00
C105165,Returning,45-54,London,2023-09-18 00:00:00
C105166,New,18-24,London,2024-07-03 00:00:00
C105167,Returning,25-34,East of England,2025-07-03 00:00:00
C105168,New,45-54,Yorkshire,2024-03-08 00:00:00
C105169,New,25-34,Scotland,2025-09-07 00:00:00
C105170,Returning,45-54,North West,2024-12-05 00:00:00
C105171,Returning,45-54,London,2024-05-25 00:00:00
C105172,Returning,25-34,West Midlands,2025-05-22 00:00:00
C105173,New,25-34,London,2024-06-16 00:00:00
C105174,New,25-34,East of England,2023-02-16 00:00:00
C105175,New,25-34,South East,2025-07-27 00:00:00
C105176,New,35-44,London,2023-05-27 00:00:00
C105177,New,45-54,North West,2024-05-20 00:00:00
C105178,Returning,45-54,South West,2023-06-21 00:00:00
C105179,Returning,18-24,North West,2025-05-16 00:00:00
C105180,Returning,45-54,London,2024-12-01 00:00:00
C105181,Returning,25-34,South West,2025-11-09 00:00:00
C105182,New,45-54,London,2025-08-11 00:00:00
C105183,Returning,18-24,North West,2023-10-16 00:00:00
C105184,New,35-44,North West,2023-10-05 00:00:00
C105185,Returning,35-44,London,2023-10-29 00:00:00
C105186,New,25-34,West Midlands,2023-06-19 00:00:00
C105187,Returning,55+,London,2025-10-29 00:00:00
C105188,Returning,18-24,South East,2023-04-01 00:00:00
C105189,Returning,25-34,North West,2024-04-11 00:00:00
C105190,Returning,35-44,South East,2023-11-06 00:00:00
C105191,Returning,35-44,London,2023-01-18 00:00:00
C105192,New,25-34,Yorkshire,2025-07-02 00:00:00
C105193,Returning,25-34,South West,2024-07-06 00:00:00
C105194,Returning,25-34,East of England,2025-08-23 00:00:00
C105195,Returning,45-54,East of England,2024-11-09 00:00:00
C105196,Returning,35-44,West Midlands,2024-06-29 00:00:00
C105197,New,25-34,West Midlands,2023-09-27 00:00:00
C105198,Returning,25-34,North West,2024-10-12 00:00:00
C105199,Returning,55+,South West,2025-03-11 00:00:00
C105200,New,55+,West Midlands,2023-01-31 00:00:00
C105201,New,18-24,Scotland,2023-09-14 00:00:00
C105202,New,35-44,North West,2024-02-02 00:00:00
C105203,Returning,25-34,South East,2023-05-12 00:00:00
C105204,New,25-34,South West,2023-04-03 00:00:00
C105205,New,45-54,London,2023-10-02 00:00:00
C105206,New,55+,Scotland,2024-01-10 00:00:00
C105207,Returning,18-24,South East,2024-08-10 00:00:00
C105208,New,55+,Yorkshire,2025-06-13 00:00:00
C105209,New,45-54,North West,2025-07-30 00:00:00
C105210,Returning,45-54,London,2024-02-24 00:00:00
C105211,New,45-54,Yorkshire,2024-08-05 00:00:00
C105212,Returning,35-44,South East,2023-01-16 00:00:00
C105213,Returning,55+,South East,2025-07-22 00:00:00
C105214,Returning,25-34,London,2023-09-16 00:00:00
C105215,Returning,35-44,South West,2023-03-12 00:00:00
C105216,New,25-34,East of England,2024-10-24 00:00:00
C105217,New,45-54,London,2024-02-14 00:00:00
C105218,New,18-24,South West,2024-03-28 00:00:00
C105219,New,35-44,East of England,2024-04-23 00:00:00
C105220,New,45-54,London,2024-11-21 00:00:00
C105221,Returning,25-34,Scotland,2025-05-31 00:00:00
C105222,New,25-34,London,2024-09-20 00:00:00
C105223,New,25-34,East of England,2024-11-02 00:00:00
C105224,Returning,45-54,North West,2025-06-08 00:00:00
C105225,Returning,25-34,Scotland,2025-05-13 00:00:00
C105226,New,25-34,South East,2023-07-09 00:00:00
C105227,New,35-44,South East,2024-01-08 00:00:00
C105228,New,55+,East of England,2024-06-27 00:00:00
C105229,New,45-54,Yorkshire,2025-10-24 00:00:00
C105230,Returning,25-34,North West,2024-10-29 00:00:00
C105231,Returning,55+,Yorkshire,2025-06-14 00:00:00
C105232,Returning,45-54,Yorkshire,2025-05-24 00:00:00
C105233,Returning,45-54,London,2025-10-04 00:00:00
C105234,Returning,35-44,London,2024-07-24 00:00:00
C105235,Returning,18-24,London,2023-10-17 00:00:00
C105236,New,45-54,London,2024-03-28 00:00:00
C105237,New,35-44,East of England,2023-01-08 00:00:00
C105238,Returning,25-34,West Midlands,2025-01-22 00:00:00
C105239,Returning,18-24,West Midlands,2024-11-08 00:00:00
C105240,New,25-34,London,2023-07-01 00:00:00
C105241,New,35-44,East of England,2024-06-25 00:00:00
C105242,New,18-24,London,2025-02-26 00:00:00
C105243,New,35-44,London,2025-05-06 00:00:00
C105244,Returning,45-54,South West,2025-05-03 00:00:00
C105245,Returning,25-34,London,2023-04-18 00:00:00
C105246,Returning,18-24,South West,2024-02-16 00:00:00
C105247,New,25-34,South East,2024-10-16 00:00:00
C105248,New,25-34,South West,2023-04-26 00:00:00
C105249,Returning,45-54,London,2023-08-07 00:00:00
C105250,Returning,35-44,South East,2025-11-03 00:00:00
C105251,New,45-54,West Midlands,2024-07-20 00:00:00
C105252,New,55+,North West,2024-09-28 00:00:00
C105253,Returning,25-34,East of England,2023-06-24 00:00:00
C105254,Returning,45-54,South East,2024-11-28 00:00:00
C105255,Returning,35-44,Yorkshire,2025-09-30 00:00:00
C105256,Returning,35-44,London,2025-11-21 00:00:00
C105257,Returning,25-34,South West,2023-07-21 00:00:00
C105258,Returning,25-34,Scotland,2023-09-02 00:00:00
C105259,New,35-44,London,2024-09-24 00:00:00
C105260,Returning,35-44,London,2025-09-02 00:00:00
C105261,Returning,25-34,South West,2023-01-07 00:00:00
C105262,New,18-24,East of England,2023-09-05 00:00:00
C105263,Returning,35-44,Yorkshire,2023-06-22 00:00:00
C105264,New,45-54,West Midlands,2025-05-18 00:00:00
C105265,New,35-44,South West,2024-07-03 00:00:00
C105266,New,18-24,South East,2025-02-24 00:00:00
C105267,Returning,25-34,Scotland,2023-02-15 00:00:00
C105268,Returning,45-54,East of England,2023-05-26 00:00:00
C105269,Returning,45-54,East of England,2024-08-20 00:00:00
C105270,Returning,18-24,East of England,2024-04-06 00:00:00
C105271,Returning,35-44,Scotland,2023-07-22 00:00:00
C105272,Returning,35-44,London,2023-10-14 00:00:00
C105273,Returning,35-44,East of England,2025-03-10 00:00:00
C105274,Returning,25-34,South East,2023-01-16 00:00:00
C105275,Returning,35-44,South East,2025-08-13 00:00:00
C105276,Returning,55+,South East,2023-06-25 00:00:00
C105277,Returning,25-34,London,2025-04-14 00:00:00
C105278,New,25-34,West Midlands,2024-11-23 00:00:00
C105279,Returning,18-24,West Midlands,2023-03-11 00:00:00
C105280,Returning,18-24,London,2025-04-20 00:00:00
C105281,New,55+,South East,2024-06-29 00:00:00
C105282,Returning,55+,South East,2023-11-28 00:00:00
C105283,New,18-24,Yorkshire,2023-05-03 00:00:00
C105284,New,55+,North West,2023-05-07 00:00:00
C105285,New,25-34,Yorkshire,2024-03-25 00:00:00
C105286,Returning,35-44,South West,2023-11-21 00:00:00
C105287,Returning,35-44,Yorkshire,2025-07-12 00:00:00
C105288,New,25-34,South East,2024-08-20 00:00:00
C105289,Returning,35-44,West Midlands,2023-02-15 00:00:00
C105290,New,35-44,West Midlands,2025-08-22 00:00:00
C105291,Returning,25-34,London,2023-10-04 00:00:00
C105292,Returning,55+,East of England,2024-10-29 00:00:00
C105293,Returning,25-34,London,2025-06-28 00:00:00
C105294,Returning,18-24,Scotland,2025-01-04 00:00:00
C105295,Returning,55+,London,2024-03-22 00:00:00
C105296,Returning,25-34,Yorkshire,2023-01-09 00:00:00
C105297,New,25-34,South East,2023-09-16 00:00:00
C105298,New,25-34,East of England,2024-09-18 00:00:00
C105299,New,18-24,South West,2025-11-10 00:00:00
C105300,Returning,25-34,London,2023-02-09 00:00:00
C105301,Returning,25-34,London,2023-06-21 00:00:00
C105302,Returning,35-44,North West,2024-01-30 00:00:00
C105303,New,35-44,London,2025-05-17 00:00:00
C105304,New,55+,London,2025-11-11 00:00:00
C105305,Returning,55+,Scotland,2023-07-15 00:00:00
C105306,Returning,25-34,North West,2024-09-30 00:00:00
C105307,New,55+,London,2025-11-25 00:00:00
C105308,New,45-54,West Midlands,2026-01-03 00:00:00
C105309,New,55+,London,2025-05-14 00:00:00
C105310,Returning,45-54,South West,2025-05-06 00:00:00
C105311,New,25-34,London,2023-11-01 00:00:00
C105312,New,25-34,South East,2023-12-07 00:00:00
C105313,Returning,55+,London,2025-12-17 00:00:00
C105314,New,35-44,Scotland,2024-11-16 00:00:00
C105315,Returning,55+,London,2023-05-06 00:00:00
C105316,New,45-54,Yorkshire,2023-03-18 00:00:00
C105317,Returning,25-34,West Midlands,2025-08-03 00:00:00
C105318,Returning,25-34,South West,2023-05-23 00:00:00
C105319,New,55+,London,2025-02-08 00:00:00
C105320,New,18-24,East of England,2023-12-20 00:00:00
C105321,Returning,45-54,Scotland,2023-07-11 00:00:00
C105322,Returning,55+,London,2023-05-06 00:00:00
C105323,New,18-24,South East,2024-08-24 00:00:00
C105324,New,25-34,Scotland,2025-06-03 00:00:00
C105325,New,35-44,West Midlands,2023-01-14 00:00:00
C105326,Returning,45-54,East of England,2025-02-13 00:00:00
C105327,Returning,35-44,East of England,2024-09-22 00:00:00
C105328,Returning,18-24,South East,2025-05-23 00:00:00
C105329,New,25-34,London,2024-10-02 00:00:00
C105330,Returning,25-34,South East,2023-05-19 00:00:00
C105331,Returning,25-34,North West,2024-03-25 00:00:00
C105332,New,25-34,West Midlands,2025-12-21 00:00:00
C105333,New,45-54,Yorkshire,2025-06-25 00:00:00
C105334,New,18-24,North West,2024-01-22 00:00:00
C105335,Returning,45-54,South West,2025-10-20 00:00:00
C105336,Returning,55+,London,2023-01-09 00:00:00
C105337,Returning,35-44,West Midlands,2024-08-10 00:00:00
C105338,Returning,35-44,London,2025-05-01 00:00:00
C105339,New,25-34,London,2025-01-11 00:00:00
C105340,New,35-44,South East,2023-07-16 00:00:00
C105341,New,25-34,East of England,2023-06-10 00:00:00
C105342,Returning,25-34,South East,2025-03-28 00:00:00
C105343,Returning,35-44,South East,2026-01-02 00:00:00
C105344,New,18-24,Yorkshire,2025-04-20 00:00:00
C105345,New,25-34,Yorkshire,2025-08-01 00:00:00
C105346,Returning,35-44,West Midlands,2025-09-28 00:00:00
C105347,Returning,35-44,South East,2025-11-09 00:00:00
C105348,Returning,25-34,South East,2025-05-18 00:00:00
C105349,New,18-24,London,2025-05-05 00:00:00
C105350,Returning,25-34,South East,2025-05-18 00:00:00
C105351,Returning,35-44,London,2023-12-22 00:00:00
C105352,Returning,35-44,Yorkshire,2024-08-17 00:00:00
C105353,Returning,25-34,East of England,2023-09-01 00:00:00
C105354,Returning,35-44,South East,2024-08-06 00:00:00
C105355,Returning,55+,South East,2024-07-16 00:00:00
C105356,Returning,35-44,East of England,2023-03-17 00:00:00
C105357,Returning,35-44,North West,2023-04-01 00:00:00
C105358,New,35-44,Yorkshire,2025-11-11 00:00:00
C105359,Returning,55+,East of England,2024-08-30 00:00:00
C105360,Returning,55+,Yorkshire,2023-02-06 00:00:00
C105361,New,18-24,South West,2024-02-11 00:00:00
C105362,New,25-34,South East,2025-09-07 00:00:00
C105363,Returning,18-24,Scotland,2025-03-11 00:00:00
C105364,Returning,45-54,Yorkshire,2025-06-24 00:00:00
C105365,Returning,18-24,London,2024-11-19 00:00:00
C105366,Returning,55+,North West,2025-02-09 00:00:00
C105367,Returning,18-24,London,2023-09-29 00:00:00
C105368,Returning,35-44,North West,2025-07-15 00:00:00
C105369,New,25-34,London,2025-03-17 00:00:00
C105370,New,35-44,North West,2023-09-21 00:00:00
C105371,Returning,35-44,West Midlands,2023-12-09 00:00:00
C105372,New,45-54,North West,2025-04-23 00:00:00
C105373,Returning,35-44,Yorkshire,2023-10-01 00:00:00
C105374,Returning,25-34,South East,2025-01-05 00:00:00
C105375,Returning,45-54,South East,2024-04-05 00:00:00
C105376,New,55+,West Midlands,2023-11-12 00:00:00
C105377,Returning,45-54,North West,2023-06-23 00:00:00
C105378,New,45-54,East of England,2025-03-04 00:00:00
C105379,Returning,35-44,South East,2023-12-24 00:00:00
C105380,New,55+,North West,2024-09-03 00:00:00
C105381,Returning,35-44,East of England,2023-10-13 00:00:00
C105382,Returning,55+,Yorkshire,2023-06-12 00:00:00
C105383,New,45-54,South East,2023-01-24 00:00:00
C105384,New,25-34,West Midlands,2025-10-30 00:00:00
C105385,Returning,18-24,East of England,2023-11-27 00:00:00
C105386,New,45-54,West Midlands,2024-09-25 00:00:00
C105387,New,45-54,South East,2024-05-28 00:00:00
C105388,Returning,35-44,North West,2024-02-11 00:00:00
C105389,Returning,55+,London,2025-07-01 00:00:00
C105390,Returning,35-44,North West,2025-09-28 00:00:00
C105391,Returning,25-34,Scotland,2023-07-18 00:00:00
C105392,Returning,35-44,Scotland,2023-02-04 00:00:00
C105393,Returning,18-24,North West,2023-12-27 00:00:00
C105394,Returning,35-44,East of England,2023-04-24 00:00:00
C105395,Returning,55+,South West,2023-02-02 00:00:00
C105396,New,18-24,Scotland,2025-06-04 00:00:00
C105397,New,45-54,East of England,2023-03-24 00:00:00
C105398,Returning,45-54,East of England,2023-03-19 00:00:00
C105399,New,18-24,London,2024-01-27 00:00:00
C105400,Returning,45-54,London,2024-09-16 00:00:00
C105401,New,45-54,London,2024-07-03 00:00:00
C105402,Returning,35-44,Yorkshire,2025-03-31 00:00:00
C105403,New,25-34,Scotland,2025-04-03 00:00:00
C105404,Returning,25-34,Scotland,2023-01-19 00:00:00
C105405,Returning,35-44,East of England,2025-04-19 00:00:00
C105406,New,25-34,East of England,2023-02-16 00:00:00
C105407,New,25-34,North West,2025-10-02 00:00:00
C105408,New,55+,West Midlands,2023-12-03 00:00:00
C105409,Returning,45-54,Yorkshire,2025-09-25 00:00:00
C105410,New,45-54,London,2026-01-04 00:00:00
C105411,Returning,55+,South West,2023-04-22 00:00:00
C105412,New,18-24,Yorkshire,2024-02-24 00:00:00
C105413,New,25-34,London,2023-05-04 00:00:00
C105414,Returning,35-44,North West,2025-12-01 00:00:00
C105415,Returning,35-44,North West,2024-06-30 00:00:00
C105416,New,18-24,South West,2025-07-10 00:00:00
C105417,Returning,45-54,East of England,2024-10-10 00:00:00
C105418,New,18-24,South East,2025-07-21 00:00:00
C105419,New,35-44,South West,2024-10-19 00:00:00
C105420,Returning,35-44,London,2023-02-23 00:00:00
C105421,Returning,35-44,West Midlands,2024-06-18 00:00:00
C105422,Returning,25-34,West Midlands,2024-12-21 00:00:00
C105423,New,18-24,South West,2025-12-15 00:00:00
C105424,Returning,55+,East of England,2025-07-05 00:00:00
C105425,Returning,55+,London,2024-07-13 00:00:00
C105426,Returning,35-44,Yorkshire,2025-06-05 00:00:00
C105427,Returning,18-24,East of England,2025-10-25 00:00:00
C105428,Returning,35-44,Scotland,2025-08-21 00:00:00
C105429,Returning,25-34,South East,2025-12-23 00:00:00
C105430,New,25-34,London,2024-01-31 00:00:00
C105431,Returning,25-34,West Midlands,2024-05-03 00:00:00
C105432,Returning,25-34,East of England,2023-01-16 00:00:00
C105433,Returning,25-34,South East,2023-05-28 00:00:00
C105434,Returning,25-34,West Midlands,2025-06-17 00:00:00
C105435,New,45-54,Scotland,2023-12-25 00:00:00
C105436,Returning,35-44,West Midlands,2024-04-27 00:00:00
C105437,New,25-34,North West,2024-01-30 00:00:00
C105438,Returning,25-34,Scotland,2025-10-16 00:00:00
C105439,New,55+,South East,2025-09-04 00:00:00
C105440,New,18-24,South East,2025-03-24 00:00:00
C105441,Returning,25-34,South East,2025-11-23 00:00:00
C105442,Returning,35-44,North West,2024-08-24 00:00:00
C105443,Returning,45-54,London,2023-07-06 00:00:00
C105444,Returning,45-54,London,2024-11-29 00:00:00
C105445,New,25-34,South East,2023-01-23 00:00:00
C105446,Returning,25-34,North West,2024-04-06 00:00:00
C105447,New,25-34,East of England,2025-07-02 00:00:00
C105448,Returning,35-44,North West,2023-07-18 00:00:00
C105449,Returning,25-34,South West,2024-09-06 00:00:00
C105450,New,25-34,Scotland,2025-05-05 00:00:00
C105451,Returning,18-24,South West,2025-04-06 00:00:00
C105452,Returning,55+,Yorkshire,2024-10-13 00:00:00
C105453,New,18-24,London,2023-12-31 00:00:00
C105454,Returning,25-34,West Midlands,2023-09-24 00:00:00
C105455,Returning,55+,South East,2023-06-24 00:00:00
C105456,New,45-54,North West,2025-03-21 00:00:00
C105457,Returning,35-44,Scotland,2023-10-19 00:00:00
C105458,New,35-44,South East,2024-12-15 00:00:00
C105459,New,18-24,London,2023-02-23 00:00:00
C105460,Returning,45-54,South West,2023-11-17 00:00:00
C105461,New,25-34,Scotland,2024-02-29 00:00:00
C105462,New,55+,South West,2025-04-30 00:00:00
C105463,Returning,25-34,London,2023-04-20 00:00:00
C105464,New,35-44,North West,2024-06-01 00:00:00
C105465,Returning,35-44,West Midlands,2024-05-25 00:00:00
C105466,Returning,25-34,North West,2023-12-20 00:00:00
C105467,New,25-34,Yorkshire,2025-05-29 00:00:00
C105468,Returning,45-54,South West,2025-12-14 00:00:00
C105469,New,25-34,South East,2023-02-22 00:00:00
C105470,Returning,55+,Scotland,2025-10-22 00:00:00
C105471,New,25-34,London,2025-09-13 00:00:00
C105472,Returning,35-44,London,2025-07-15 00:00:00
C105473,New,35-44,South West,2023-05-16 00:00:00
C105474,Returning,35-44,West Midlands,2024-03-02 00:00:00
C105475,New,35-44,West Midlands,2024-12-22 00:00:00
C105476,New,45-54,South East,2023-08-13 00:00:00
C105477,Returning,35-44,London,2023-09-22 00:00:00
C105478,Returning,35-44,London,2024-09-11 00:00:00
C105479,Returning,35-44,South West,2025-07-18 00:00:00
C105480,New,25-34,London,2023-06-29 00:00:00
C105481,New,18-24,Scotland,2023-01-12 00:00:00
C105482,New,25-34,South West,2025-12-31 00:00:00
C105483,New,35-44,East of England,2024-04-08 00:00:00
C105484,Returning,55+,East of England,2023-03-25 00:00:00
C105485,Returning,18-24,Yorkshire,2025-11-24 00:00:00
C105486,Returning,35-44,West Midlands,2023-10-28 00:00:00
C105487,New,25-34,East of England,2023-05-05 00:00:00
C105488,Returning,35-44,West Midlands,2025-01-05 00:00:00
C105489,Returning,45-54,London,2025-04-16 00:00:00
C105490,New,45-54,North West,2023-05-20 00:00:00
C105491,Returning,45-54,London,2025-03-10 00:00:00
C105492,New,45-54,Yorkshire,2024-02-20 00:00:00
C105493,New,18-24,Scotland,2023-12-18 00:00:00
C105494,Returning,35-44,Yorkshire,2025-01-03 00:00:00
C105495,New,25-34,London,2023-03-08 00:00:00
C105496,Returning,55+,London,2023-07-04 00:00:00
C105497,New,45-54,South East,2025-07-05 00:00:00
C105498,New,18-24,London,2025-12-20 00:00:00
C105499,New,25-34,North West,2025-09-22 00:00:00
C105500,New,35-44,South West,2025-05-11 00:00:00
C105501,Returning,55+,Yorkshire,2023-05-21 00:00:00
C105502,New,18-24,North West,2023-12-06 00:00:00
C105503,Returning,35-44,West Midlands,2025-07-21 00:00:00
C105504,Returning,25-34,London,2025-02-23 00:00:00
C105505,New,35-44,North West,2025-07-05 00:00:00
C105506,New,35-44,West Midlands,2024-03-27 00:00:00
C105507,Returning,25-34,South East,2024-09-26 00:00:00
C105508,Returning,45-54,Yorkshire,2025-03-21 00:00:00
C105509,Returning,18-24,South East,2025-05-11 00:00:00
C105510,New,45-54,London,2025-03-09 00:00:00
C105511,Returning,25-34,West Midlands,2023-02-13 00:00:00
C105512,Returning,35-44,South East,2023-08-11 00:00:00
C105513,New,25-34,Yorkshire,2024-06-29 00:00:00
C105514,New,35-44,London,2025-02-07 00:00:00
C105515,Returning,25-34,East of England,2025-11-29 00:00:00
C105516,New,35-44,West Midlands,2023-11-28 00:00:00
C105517,New,18-24,London,2025-05-02 00:00:00
C105518,New,25-34,London,2024-12-31 00:00:00
C105519,Returning,45-54,Scotland,2023-10-22 00:00:00
C105520,Returning,35-44,North West,2023-07-10 00:00:00
C105521,New,35-44,South West,2024-11-16 00:00:00
C105522,Returning,35-44,East of England,2023-12-28 00:00:00
C105523,Returning,35-44,South East,2023-08-22 00:00:00
C105524,New,45-54,North West,2023-08-29 00:00:00
C105525,Returning,25-34,Yorkshire,2023-09-02 00:00:00
C105526,New,55+,East of England,2023-04-11 00:00:00
C105527,New,55+,West Midlands,2023-07-28 00:00:00
C105528,Returning,25-34,Scotland,2025-12-09 00:00:00
C105529,Returning,25-34,North West,2023-07-28 00:00:00
C105530,New,35-44,East of England,2024-03-25 00:00:00
C105531,Returning,45-54,London,2024-07-03 00:00:00
C105532,Returning,25-34,West Midlands,2025-02-11 00:00:00
C105533,New,25-34,London,2023-12-07 00:00:00
C105534,Returning,25-34,East of England,2025-06-28 00:00:00
C105535,Returning,45-54,London,2025-05-05 00:00:00
C105536,New,45-54,Yorkshire,2024-07-13 00:00:00
C105537,Returning,25-34,London,2025-09-10 00:00:00
C105538,New,35-44,London,2024-01-19 00:00:00
C105539,New,45-54,South East,2024-06-20 00:00:00
C105540,Returning,55+,South West,2024-10-20 00:00:00
C105541,Returning,25-34,South East,2023-07-30 00:00:00
C105542,Returning,25-34,South West,2023-04-01 00:00:00
C105543,Returning,25-34,South West,2026-01-02 00:00:00
C105544,Returning,35-44,Scotland,2023-02-23 00:00:00
C105545,New,25-34,Yorkshire,2023-02-21 00:00:00
C105546,Returning,25-34,North West,2023-04-22 00:00:00
C105547,Returning,45-54,North West,2024-08-27 00:00:00
C105548,Returning,35-44,London,2023-10-23 00:00:00
C105549,Returning,25-34,North West,2023-08-30 00:00:00
C105550,New,25-34,East of England,2025-08-04 00:00:00
C105551,New,25-34,London,2025-10-28 00:00:00
C105552,New,25-34,London,2025-08-21 00:00:00
C105553,New,25-34,North West,2023-12-24 00:00:00
C105554,Returning,18-24,East of England,2023-04-04 00:00:00
C105555,Returning,18-24,South East,2025-11-19 00:00:00
C105556,New,55+,East of England,2024-08-23 00:00:00
C105557,New,55+,South East,2025-12-06 00:00:00
C105558,Returning,18-24,West Midlands,2023-07-04 00:00:00
C105559,New,35-44,Scotland,2025-11-03 00:00:00
C105560,Returning,18-24,West Midlands,2023-12-07 00:00:00
C105561,New,45-54,North West,2025-05-21 00:00:00
C105562,New,55+,Scotland,2023-05-02 00:00:00
C105563,New,35-44,South East,2025-03-26 00:00:00
C105564,Returning,35-44,London,2024-06-04 00:00:00
C105565,New,25-34,Scotland,2025-11-14 00:00:00
C105566,Returning,25-34,North West,2023-06-12 00:00:00
C105567,New,35-44,Scotland,2023-09-04 00:00:00
C105568,New,25-34,East of England,2024-11-30 00:00:00
C105569,Returning,35-44,North West,2025-06-09 00:00:00
C105570,New,35-44,West Midlands,2025-09-04 00:00:00
C105571,New,25-34,West Midlands,2023-05-05 00:00:00
C105572,Returning,35-44,London,2023-01-08 00:00:00
C105573,Returning,45-54,West Midlands,2024-02-03 00:00:00
C105574,New,35-44,South West,2023-04-18 00:00:00
C105575,New,35-44,Scotland,2024-03-18 00:00:00
C105576,Returning,45-54,Scotland,2024-06-08 00:00:00
C105577,Returning,18-24,Scotland,2025-12-30 00:00:00
C105578,Returning,35-44,London,2023-02-06 00:00:00
C105579,Returning,25-34,North West,2023-12-20 00:00:00
C105580,Returning,25-34,London,2024-01-08 00:00:00
C105581,Returning,55+,North West,2024-09-02 00:00:00
C105582,New,25-34,Scotland,2023-12-19 00:00:00
C105583,Returning,25-34,East of England,2024-11-27 00:00:00
C105584,Returning,25-34,East of England,2025-07-23 00:00:00
C105585,Returning,55+,South East,2025-01-15 00:00:00
C105586,Returning,45-54,West Midlands,2024-12-27 00:00:00
C105587,New,18-24,South East,2023-05-13 00:00:00
C105588,Returning,35-44,North West,2025-09-02 00:00:00
C105589,Returning,25-34,South East,2024-09-07 00:00:00
C105590,Returning,45-54,South West,2023-07-01 00:00:00
C105591,Returning,35-44,West Midlands,2024-11-29 00:00:00
C105592,Returning,18-24,Yorkshire,2024-06-19 00:00:00
C105593,New,35-44,East of England,2025-09-20 00:00:00
C105594,Returning,55+,South East,2024-12-13 00:00:00
C105595,Returning,25-34,North West,2025-11-19 00:00:00
C105596,Returning,18-24,East of England,2025-12-08 00:00:00
C105597,Returning,55+,Scotland,2023-09-16 00:00:00
C105598,Returning,25-34,London,2023-11-18 00:00:00
C105599,Returning,35-44,Yorkshire,2023-08-20 00:00:00
C105600,Returning,35-44,West Midlands,2023-09-11 00:00:00
C105601,New,25-34,South East,2025-01-22 00:00:00
C105602,Returning,25-34,London,2025-11-10 00:00:00
C105603,Returning,18-24,North West,2024-06-22 00:00:00
C105604,Returning,18-24,South East,2025-06-08 00:00:00
C105605,Returning,35-44,Yorkshire,2025-03-28 00:00:00
C105606,New,45-54,South East,2023-10-14 00:00:00
C105607,Returning,25-34,London,2025-07-22 00:00:00
C105608,Returning,45-54,South West,2024-06-10 00:00:00
C105609,Returning,25-34,London,2023-01-12 00:00:00
C105610,New,18-24,South East,2025-02-26 00:00:00
C105611,Returning,35-44,London,2025-08-24 00:00:00
C105612,New,25-34,South East,2023-09-27 00:00:00
C105613,Returning,35-44,West Midlands,2023-10-19 00:00:00
C105614,Returning,25-34,South West,2025-03-16 00:00:00
C105615,New,35-44,Yorkshire,2025-12-02 00:00:00
C105616,Returning,55+,London,2023-10-14 00:00:00
C105617,Returning,25-34,London,2024-04-18 00:00:00
C105618,Returning,55+,East of England,2025-01-17 00:00:00
C105619,New,25-34,South East,2025-07-26 00:00:00
C105620,Returning,18-24,London,2023-02-07 00:00:00
C105621,New,25-34,London,2023-08-08 00:00:00
C105622,Returning,45-54,South West,2025-09-10 00:00:00
C105623,Returning,35-44,Yorkshire,2024-07-31 00:00:00
C105624,New,55+,South East,2025-04-14 00:00:00
C105625,Returning,45-54,London,2023-03-11 00:00:00
C105626,Returning,25-34,South West,2023-04-11 00:00:00
C105627,Returning,55+,London,2025-03-19 00:00:00
C105628,New,55+,West Midlands,2024-02-18 00:00:00
C105629,New,45-54,East of England,2025-11-02 00:00:00
C105630,Returning,35-44,South East,2024-04-19 00:00:00
C105631,New,45-54,South East,2025-07-16 00:00:00
C105632,Returning,25-34,Yorkshire,2024-08-20 00:00:00
C105633,New,55+,Yorkshire,2025-01-18 00:00:00
C105634,New,55+,West Midlands,2024-12-20 00:00:00
C105635,Returning,35-44,West Midlands,2023-05-11 00:00:00
C105636,New,25-34,West Midlands,2025-05-23 00:00:00
C105637,Returning,25-34,West Midlands,2025-12-18 00:00:00
C105638,New,55+,South East,2024-03-01 00:00:00
C105639,Returning,55+,South East,2024-01-14 00:00:00
C105640,Returning,45-54,South East,2024-10-18 00:00:00
C105641,Returning,55+,West Midlands,2024-11-27 00:00:00
C105642,Returning,35-44,South East,2024-02-26 00:00:00
C105643,New,55+,North West,2023-10-28 00:00:00
C105644,Returning,25-34,North West,2025-12-04 00:00:00
C105645,New,25-34,Scotland,2025-06-29 00:00:00
C105646,Returning,35-44,North West,2024-09-21 00:00:00
C105647,New,25-34,Yorkshire,2024-02-21 00:00:00
C105648,Returning,35-44,London,2024-01-23 00:00:00
C105649,New,45-54,South West,2024-03-05 00:00:00
C105650,Returning,18-24,West Midlands,2024-10-14 00:00:00
C105651,Returning,45-54,East of England,2023-01-05 00:00:00
C105652,Returning,18-24,Scotland,2024-12-23 00:00:00
C105653,New,45-54,London,2024-09-24 00:00:00
C105654,New,25-34,East of England,2023-06-09 00:00:00
C105655,New,45-54,Yorkshire,2023-10-03 00:00:00
C105656,Returning,35-44,Yorkshire,2023-11-01 00:00:00
C105657,Returning,25-34,West Midlands,2025-10-11 00:00:00
C105658,New,25-34,South East,2025-10-25 00:00:00
C105659,Returning,18-24,South West,2025-05-11 00:00:00
C105660,Returning,25-34,London,2025-01-19 00:00:00
C105661,New,25-34,North West,2025-11-13 00:00:00
C105662,Returning,25-34,London,2025-03-18 00:00:00
C105663,New,45-54,South East,2024-03-04 00:00:00
C105664,New,25-34,Yorkshire,2024-01-30 00:00:00
C105665,Returning,25-34,South West,2024-12-28 00:00:00
C105666,New,25-34,East of England,2024-03-25 00:00:00
C105667,Returning,35-44,Yorkshire,2024-05-11 00:00:00
C105668,Returning,35-44,Yorkshire,2025-12-05 00:00:00
C105669,Returning,35-44,Scotland,2025-09-27 00:00:00
C105670,Returning,35-44,North West,2024-10-29 00:00:00
C105671,Returning,35-44,Yorkshire,2023-12-23 00:00:00
C105672,New,25-34,East of England,2024-05-01 00:00:00
C105673,Returning,25-34,South West,2023-12-28 00:00:00
C105674,Returning,45-54,South West,2024-04-05 00:00:00
C105675,Returning,25-34,North West,2024-02-07 00:00:00
C105676,New,45-54,North West,2024-05-04 00:00:00
C105677,Returning,35-44,Yorkshire,2024-07-01 00:00:00
C105678,Returning,35-44,Yorkshire,2024-12-07 00:00:00
C105679,New,35-44,North West,2025-09-03 00:00:00
C105680,Returning,55+,London,2024-08-04 00:00:00
C105681,New,25-34,South East,2023-08-17 00:00:00
C105682,New,25-34,West Midlands,2023-07-23 00:00:00
C105683,Returning,55+,London,2024-12-17 00:00:00
C105684,Returning,35-44,West Midlands,2026-01-02 00:00:00
C105685,New,35-44,London,2023-12-03 00:00:00
C105686,New,25-34,London,2023-04-08 00:00:00
C105687,New,25-34,East of England,2023-04-01 00:00:00
C105688,Returning,45-54,North West,2023-10-29 00:00:00
C105689,Returning,25-34,South West,2025-11-15 00:00:00
C105690,Returning,18-24,London,2025-05-08 00:00:00
C105691,New,18-24,South East,2025-05-14 00:00:00
C105692,Returning,55+,London,2024-01-02 00:00:00
C105693,Returning,35-44,London,2025-11-13 00:00:00
C105694,Returning,35-44,London,2024-03-24 00:00:00
C105695,New,55+,North West,2024-03-16 00:00:00
C105696,New,25-34,London,2025-10-28 00:00:00
C105697,Returning,45-54,South West,2025-04-12 00:00:00
C105698,Returning,45-54,North West,2023-11-14 00:00:00
C105699,New,35-44,South East,2024-12-17 00:00:00
C105700,Returning,45-54,East of England,2024-01-21 00:00:00
C105701,New,55+,West Midlands,2024-11-11 00:00:00
C105702,New,25-34,South East,2023-05-31 00:00:00
C105703,Returning,18-24,North West,2023-02-14 00:00:00
C105704,Returning,45-54,Yorkshire,2025-11-26 00:00:00
C105705,Returning,25-34,North West,2023-03-20 00:00:00
C105706,Returning,35-44,Scotland,2024-03-17 00:00:00
C105707,Returning,25-34,South East,2023-08-03 00:00:00
C105708,New,45-54,West Midlands,2023-01-17 00:00:00
C105709,Returning,45-54,East of England,2025-04-04 00:00:00
C105710,Returning,55+,North West,2023-11-08 00:00:00
C105711,Returning,35-44,Scotland,2025-05-28 00:00:00
C105712,Returning,55+,South West,2024-08-27 00:00:00
C105713,Returning,35-44,North West,2024-12-12 00:00:00
C105714,New,35-44,North West,2025-01-05 00:00:00
C105715,New,35-44,West Midlands,2023-07-31 00:00:00
C105716,Returning,35-44,London,2024-05-16 00:00:00
C105717,Returning,35-44,West Midlands,2025-05-05 00:00:00
C105718,New,25-34,South East,2023-09-15 00:00:00
C105719,New,25-34,Yorkshire,2023-05-05 00:00:00
C105720,Returning,45-54,Yorkshire,2024-04-01 00:00:00
C105721,New,18-24,Scotland,2025-09-10 00:00:00
C105722,New,45-54,London,2023-12-21 00:00:00
C105723,Returning,25-34,West Midlands,2024-02-28 00:00:00
C105724,Returning,25-34,West Midlands,2023-05-19 00:00:00
C105725,Returning,45-54,North West,2025-03-10 00:00:00
C105726,Returning,25-34,London,2024-01-07 00:00:00
C105727,New,55+,West Midlands,2023-07-06 00:00:00
C105728,Returning,55+,Yorkshire,2023-04-23 00:00:00
C105729,New,35-44,South East,2023-12-12 00:00:00
C105730,New,25-34,Yorkshire,2023-08-12 00:00:00
C105731,Returning,18-24,South East,2024-06-28 00:00:00
C105732,Returning,45-54,South East,2024-04-14 00:00:00
C105733,Returning,25-34,East of England,2024-06-29 00:00:00
C105734,New,55+,London,2024-02-08 00:00:00
C105735,Returning,55+,South East,2023-04-17 00:00:00
C105736,Returning,25-34,Scotland,2025-05-04 00:00:00
C105737,Returning,45-54,London,2024-08-26 00:00:00
C105738,Returning,35-44,West Midlands,2023-07-22 00:00:00
C105739,Returning,35-44,West Midlands,2023-03-24 00:00:00
C105740,Returning,25-34,Yorkshire,2025-10-30 00:00:00
C105741,Returning,45-54,North West,2025-10-13 00:00:00
C105742,Returning,25-34,North West,2023-07-27 00:00:00
C105743,Returning,55+,Scotland,2024-04-08 00:00:00
C105744,Returning,35-44,West Midlands,2024-10-02 00:00:00
C105745,New,35-44,West Midlands,2024-04-27 00:00:00
C105746,New,55+,Scotland,2025-07-08 00:00:00
C105747,Returning,45-54,London,2024-09-26 00:00:00
C105748,Returning,35-44,Scotland,2023-10-19 00:00:00
C105749,Returning,25-34,Scotland,2025-05-09 00:00:00
C105750,New,35-44,Scotland,2025-08-20 00:00:00
C105751,Returning,25-34,London,2023-03-18 00:00:00
C105752,Returning,55+,North West,2025-07-25 00:00:00
C105753,Returning,25-34,East of England,2025-02-12 00:00:00
C105754,New,25-34,South East,2025-10-06 00:00:00
C105755,Returning,45-54,North West,2025-09-28 00:00:00
C105756,New,25-34,South East,2023-02-24 00:00:00
C105757,Returning,55+,London,2024-04-28 00:00:00
C105758,New,25-34,East of England,2023-03-20 00:00:00
C105759,New,18-24,Scotland,2023-01-15 00:00:00
C105760,New,35-44,London,2025-10-05 00:00:00
C105761,Returning,35-44,London,2023-09-30 00:00:00
C105762,Returning,55+,North West,2023-03-08 00:00:00
C105763,Returning,25-34,London,2025-11-01 00:00:00
C105764,Returning,25-34,North West,2024-03-24 00:00:00
C105765,Returning,25-34,Yorkshire,2023-05-10 00:00:00
C105766,New,25-34,West Midlands,2023-10-08 00:00:00
C105767,Returning,35-44,South West,2023-01-15 00:00:00
C105768,New,25-34,London,2025-01-14 00:00:00
C105769,Returning,35-44,South East,2025-10-26 00:00:00
C105770,Returning,55+,South West,2024-03-06 00:00:00
C105771,Returning,25-34,London,2025-08-07 00:00:00
C105772,New,35-44,South East,2024-01-13 00:00:00
C105773,Returning,25-34,North West,2024-05-21 00:00:00
C105774,New,45-54,South East,2023-08-24 00:00:00
C105775,New,25-34,West Midlands,2023-01-06 00:00:00
C105776,Returning,35-44,East of England,2023-06-29 00:00:00
C105777,Returning,25-34,South East,2024-10-04 00:00:00
C105778,Returning,18-24,West Midlands,2023-04-20 00:00:00
C105779,New,25-34,London,2025-06-17 00:00:00
C105780,Returning,25-34,Yorkshire,2025-10-06 00:00:00
C105781,Returning,55+,South East,2023-11-11 00:00:00
C105782,Returning,25-34,East of England,2023-10-25 00:00:00
C105783,Returning,55+,London,2023-07-10 00:00:00
C105784,New,35-44,South West,2024-03-26 00:00:00
C105785,Returning,25-34,South West,2025-09-22 00:00:00
C105786,Returning,25-34,South West,2024-03-05 00:00:00
C105787,Returning,25-34,Yorkshire,2025-04-24 00:00:00
C105788,Returning,45-54,London,2023-12-20 00:00:00
C105789,Returning,18-24,West Midlands,2024-05-07 00:00:00
C105790,Returning,55+,South East,2024-06-26 00:00:00
C105791,Returning,18-24,South East,2025-09-22 00:00:00
C105792,New,25-34,West Midlands,2024-07-02 00:00:00
C105793,New,25-34,Yorkshire,2024-10-30 00:00:00
C105794,Returning,45-54,West Midlands,2025-07-28 00:00:00
C105795,Returning,35-44,Scotland,2025-11-04 00:00:00
C105796,Returning,55+,Yorkshire,2025-09-11 00:00:00
C105797,Returning,25-34,West Midlands,2023-04-24 00:00:00
C105798,Returning,18-24,West Midlands,2023-05-04 00:00:00
C105799,Returning,45-54,North West,2024-04-25 00:00:00
C105800,Returning,35-44,West Midlands,2024-01-22 00:00:00
C105801,Returning,45-54,London,2025-01-17 00:00:00
C105802,Returning,25-34,North West,2024-04-20 00:00:00
C105803,Returning,45-54,Yorkshire,2024-03-24 00:00:00
C105804,Returning,25-34,South East,2023-04-10 00:00:00
C105805,Returning,55+,South East,2024-01-20 00:00:00
C105806,Returning,25-34,London,2024-09-20 00:00:00
C105807,Returning,45-54,South East,2025-02-03 00:00:00
C105808,New,25-34,South East,2023-07-05 00:00:00
C105809,Returning,45-54,South West,2024-10-28 00:00:00
C105810,Returning,45-54,North West,2024-09-22 00:00:00
C105811,New,55+,South East,2023-11-07 00:00:00
C105812,Returning,35-44,Scotland,2025-09-05 00:00:00
C105813,Returning,25-34,Yorkshire,2024-05-03 00:00:00
C105814,Returning,45-54,London,2023-10-18 00:00:00
C105815,Returning,35-44,South West,2025-02-16 00:00:00
C105816,New,35-44,South West,2023-07-27 00:00:00
C105817,New,25-34,West Midlands,2024-11-20 00:00:00
C105818,New,35-44,London,2025-01-20 00:00:00
C105819,Returning,25-34,South West,2024-05-13 00:00:00
C105820,Returning,35-44,London,2023-08-13 00:00:00
C105821,Returning,25-34,West Midlands,2023-10-14 00:00:00
C105822,Returning,25-34,South West,2023-09-01 00:00:00
C105823,New,45-54,South West,2023-05-07 00:00:00
C105824,New,35-44,North West,2026-01-02 00:00:00
C105825,New,55+,London,2025-07-13 00:00:00
C105826,Returning,25-34,South East,2024-07-28 00:00:00
C105827,New,35-44,East of England,2025-06-21 00:00:00
C105828,Returning,35-44,Yorkshire,2024-12-24 00:00:00
C105829,Returning,25-34,South West,2024-11-05 00:00:00
C105830,Returning,45-54,London,2025-02-27 00:00:00
C105831,New,25-34,Scotland,2024-09-20 00:00:00
C105832,New,35-44,London,2024-09-08 00:00:00
C105833,Returning,25-34,South East,2023-05-30 00:00:00
C105834,Returning,35-44,East of England,2024-11-02 00:00:00
C105835,New,45-54,West Midlands,2024-05-06 00:00:00
C105836,Returning,18-24,Yorkshire,2023-09-28 00:00:00
C105837,Returning,35-44,North West,2024-06-16 00:00:00
C105838,Returning,35-44,East of England,2025-07-05 00:00:00
C105839,New,45-54,London,2024-05-22 00:00:00
C105840,New,18-24,London,2024-06-08 00:00:00
C105841,New,25-34,North West,2023-09-24 00:00:00
C105842,New,45-54,East of England,2025-06-05 00:00:00
C105843,Returning,35-44,East of England,2023-05-17 00:00:00
C105844,Returning,45-54,West Midlands,2025-07-10 00:00:00
C105845,Returning,25-34,Yorkshire,2025-10-21 00:00:00
C105846,Returning,55+,West Midlands,2023-07-15 00:00:00
C105847,New,18-24,South East,2024-09-03 00:00:00
C105848,New,18-24,London,2024-10-06 00:00:00
C105849,Returning,35-44,South East,2025-08-06 00:00:00
C105850,Returning,35-44,London,2023-12-25 00:00:00
C105851,Returning,35-44,South East,2025-01-09 00:00:00
C105852,New,25-34,South East,2023-04-20 00:00:00
C105853,New,25-34,East of England,2025-06-21 00:00:00
C105854,New,45-54,London,2025-04-13 00:00:00
C105855,Returning,25-34,South West,2023-08-26 00:00:00
C105856,Returning,45-54,East of England,2023-05-18 00:00:00
C105857,Returning,35-44,West Midlands,2023-04-27 00:00:00
C105858,Returning,18-24,Yorkshire,2025-07-01 00:00:00
C105859,New,45-54,South East,2024-11-06 00:00:00
C105860,Returning,55+,London,2024-02-13 00:00:00
C105861,New,45-54,Yorkshire,2024-08-27 00:00:00
C105862,Returning,18-24,North West,2024-09-06 00:00:00
C105863,Returning,35-44,West Midlands,2023-04-17 00:00:00
C105864,Returning,55+,East of England,2024-04-28 00:00:00
C105865,New,35-44,Yorkshire,2024-11-03 00:00:00
C105866,Returning,25-34,West Midlands,2024-10-30 00:00:00
C105867,Returning,25-34,London,2023-07-20 00:00:00
C105868,New,45-54,East of England,2025-10-17 00:00:00
C105869,New,45-54,Scotland,2023-04-29 00:00:00
C105870,Returning,55+,North West,2025-08-06 00:00:00
C105871,New,55+,South West,2025-12-19 00:00:00
C105872,New,25-34,West Midlands,2025-04-06 00:00:00
C105873,New,35-44,London,2024-09-03 00:00:00
C105874,New,18-24,East of England,2023-08-01 00:00:00
C105875,Returning,18-24,Yorkshire,2023-12-29 00:00:00
C105876,Returning,18-24,North West,2024-08-26 00:00:00
C105877,New,55+,Yorkshire,2023-04-18 00:00:00
C105878,Returning,25-34,North West,2025-02-17 00:00:00
C105879,New,35-44,London,2025-10-05 00:00:00
C105880,New,35-44,Yorkshire,2025-03-27 00:00:00
C105881,New,25-34,London,2025-11-02 00:00:00
C105882,Returning,35-44,London,2024-06-05 00:00:00
C105883,Returning,18-24,London,2023-10-10 00:00:00
C105884,Returning,25-34,South East,2023-01-19 00:00:00
C105885,New,35-44,East of England,2024-04-23 00:00:00
C105886,New,45-54,London,2023-05-07 00:00:00
C105887,New,45-54,South East,2024-12-11 00:00:00
C105888,Returning,45-54,South West,2025-06-01 00:00:00
C105889,New,25-34,East of England,2023-05-03 00:00:00
C105890,Returning,25-34,Yorkshire,2024-07-22 00:00:00
C105891,Returning,25-34,Scotland,2024-08-13 00:00:00
C105892,Returning,55+,Yorkshire,2023-12-09 00:00:00
C105893,Returning,25-34,South West,2023-08-29 00:00:00
C105894,New,25-34,West Midlands,2025-02-23 00:00:00
C105895,Returning,55+,South East,2023-09-05 00:00:00
C105896,New,55+,West Midlands,2023-02-05 00:00:00
C105897,Returning,25-34,South West,2024-10-25 00:00:00
C105898,Returning,45-54,Yorkshire,2023-03-16 00:00:00
C105899,New,25-34,South West,2023-12-08 00:00:00
C105900,Returning,35-44,North West,2023-04-07 00:00:00
C105901,New,35-44,Yorkshire,2024-08-28 00:00:00
C105902,New,55+,London,2023-08-28 00:00:00
C105903,Returning,25-34,South East,2023-10-16 00:00:00
C105904,Returning,45-54,North West,2024-03-15 00:00:00
C105905,Returning,18-24,London,2024-06-20 00:00:00
C105906,Returning,35-44,East of England,2025-03-02 00:00:00
C105907,Returning,35-44,London,2025-10-22 00:00:00
C105908,New,45-54,London,2024-10-25 00:00:00
C105909,New,55+,Yorkshire,2024-06-17 00:00:00
C105910,Returning,45-54,London,2024-10-04 00:00:00
C105911,New,45-54,North West,2024-07-05 00:00:00
C105912,Returning,25-34,South East,2023-01-07 00:00:00
C105913,New,55+,London,2024-06-26 00:00:00
C105914,New,35-44,Yorkshire,2025-03-29 00:00:00
C105915,Returning,25-34,South East,2025-07-31 00:00:00
C105916,Returning,35-44,North West,2023-04-12 00:00:00
C105917,Returning,25-34,London,2025-01-19 00:00:00
C105918,Returning,35-44,North West,2023-05-02 00:00:00
C105919,New,25-34,West Midlands,2023-02-03 00:00:00
C105920,Returning,25-34,London,2023-02-20 00:00:00
C105921,New,55+,Yorkshire,2023-05-10 00:00:00
C105922,Returning,55+,North West,2023-04-03 00:00:00
C105923,New,35-44,East of England,2024-09-27 00:00:00
C105924,Returning,55+,South West,2025-10-09 00:00:00
C105925,New,25-34,North West,2025-04-16 00:00:00
C105926,Returning,25-34,London,2025-03-15 00:00:00
C105927,Returning,55+,South West,2023-05-09 00:00:00
C105928,Returning,35-44,North West,2025-10-29 00:00:00
C105929,New,45-54,East of England,2024-07-07 00:00:00
C105930,Returning,25-34,North West,2023-02-04 00:00:00
C105931,New,25-34,London,2024-12-07 00:00:00
C105932,New,18-24,South West,2025-02-14 00:00:00
C105933,New,55+,South West,2024-03-16 00:00:00
C105934,New,25-34,London,2025-02-25 00:00:00
C105935,Returning,35-44,Yorkshire,2025-02-01 00:00:00
C105936,New,18-24,North West,2024-09-30 00:00:00
C105937,Returning,35-44,North West,2024-01-12 00:00:00
C105938,Returning,25-34,East of England,2026-01-03 00:00:00
C105939,Returning,45-54,South East,2024-11-16 00:00:00
C105940,Returning,35-44,London,2024-05-23 00:00:00
C105941,Returning,25-34,London,2025-04-22 00:00:00
C105942,New,18-24,East of England,2023-09-25 00:00:00
C105943,Returning,25-34,London,2025-11-17 00:00:00
C105944,New,45-54,Yorkshire,2025-03-20 00:00:00
C105945,New,45-54,South West,2024-12-03 00:00:00
C105946,New,25-34,South West,2023-10-21 00:00:00
C105947,Returning,35-44,London,2024-01-22 00:00:00
C105948,New,25-34,London,2025-11-10 00:00:00
C105949,Returning,55+,Scotland,2025-03-04 00:00:00
C105950,New,55+,North West,2023-05-03 00:00:00
C105951,Returning,45-54,London,2025-06-03 00:00:00
C105952,Returning,18-24,London,2023-05-11 00:00:00
C105953,New,35-44,South West,2024-04-01 00:00:00
C105954,Returning,55+,East of England,2024-04-03 00:00:00
C105955,Returning,25-34,North West,2024-02-03 00:00:00
C105956,Returning,35-44,South East,2024-06-28 00:00:00
C105957,New,55+,Yorkshire,2023-06-17 00:00:00
C105958,Returning,45-54,London,2024-12-28 00:00:00
C105959,New,35-44,East of England,2025-01-14 00:00:00
C105960,New,35-44,South East,2025-07-25 00:00:00
C105961,New,55+,London,2024-05-04 00:00:00
C105962,Returning,25-34,South East,2024-08-06 00:00:00
C105963,New,55+,London,2023-05-27 00:00:00
C105964,Returning,35-44,South East,2024-01-18 00:00:00
C105965,New,45-54,Yorkshire,2024-09-09 00:00:00
C105966,Returning,55+,West Midlands,2024-04-03 00:00:00
C105967,New,35-44,Yorkshire,2025-12-24 00:00:00
C105968,Returning,25-34,London,2023-11-02 00:00:00
C105969,Returning,18-24,West Midlands,2023-02-26 00:00:00
C105970,Returning,45-54,North West,2025-08-12 00:00:00
C105971,New,35-44,North West,2024-07-21 00:00:00
C105972,Returning,25-34,London,2023-03-20 00:00:00
C105973,Returning,55+,South West,2025-10-26 00:00:00
C105974,Returning,55+,London,2023-08-17 00:00:00
C105975,New,55+,London,2025-11-21 00:00:00
C105976,Returning,35-44,South East,2024-01-14 00:00:00
C105977,New,55+,Yorkshire,2024-01-11 00:00:00
C105978,New,55+,London,2023-08-21 00:00:00
C105979,Returning,18-24,London,2023-07-08 00:00:00
C105980,Returning,55+,West Midlands,2025-05-30 00:00:00
C105981,Returning,35-44,South East,2024-04-07 00:00:00
C105982,Returning,55+,London,2024-09-04 00:00:00
C105983,New,45-54,Yorkshire,2023-12-17 00:00:00
C105984,Returning,35-44,Yorkshire,2024-04-10 00:00:00
C105985,New,25-34,London,2024-06-14 00:00:00
C105986,New,18-24,London,2023-12-08 00:00:00
C105987,New,25-34,South East,2024-10-17 00:00:00
C105988,Returning,45-54,Scotland,2024-05-26 00:00:00
C105989,Returning,45-54,South West,2025-04-25 00:00:00
C105990,New,18-24,South East,2025-05-05 00:00:00
C105991,Returning,25-34,Scotland,2024-11-28 00:00:00
C105992,Returning,35-44,West Midlands,2023-04-24 00:00:00
C105993,Returning,25-34,South East,2025-09-08 00:00:00
C105994,Returning,25-34,Scotland,2025-02-04 00:00:00
C105995,New,18-24,Yorkshire,2025-03-20 00:00:00
C105996,Returning,35-44,North West,2024-12-15 00:00:00
C105997,Returning,35-44,North West,2024-07-24 00:00:00
C105998,Returning,45-54,Scotland,2024-09-12 00:00:00
C105999,Returning,25-34,London,2023-05-12 00:00:00
C106000,Returning,25-34,South East,2025-10-07 00:00:00
C106001,New,45-54,West Midlands,2025-06-03 00:00:00
C106002,Returning,55+,Scotland,2025-09-27 00:00:00
C106003,New,25-34,London,2025-02-24 00:00:00
C106004,New,45-54,London,2023-10-19 00:00:00
C106005,Returning,45-54,West Midlands,2024-01-05 00:00:00
C106006,Returning,55+,London,2025-08-11 00:00:00
C106007,Returning,25-34,Yorkshire,2023-09-13 00:00:00
C106008,Returning,18-24,South East,2024-11-07 00:00:00
C106009,Returning,18-24,East of England,2024-12-24 00:00:00
C106010,Returning,45-54,South West,2023-07-21 00:00:00
C106011,Returning,45-54,West Midlands,2023-04-03 00:00:00
C106012,New,35-44,East of England,2023-02-07 00:00:00
C106013,Returning,18-24,London,2025-05-15 00:00:00
C106014,New,18-24,North West,2023-11-16 00:00:00
C106015,New,35-44,North West,2023-09-07 00:00:00
C106016,New,55+,South East,2025-09-26 00:00:00
C106017,Returning,25-34,London,2024-10-14 00:00:00
C106018,Returning,35-44,North West,2023-01-27 00:00:00
C106019,Returning,35-44,North West,2023-11-30 00:00:00
C106020,Returning,55+,Yorkshire,2024-06-06 00:00:00
C106021,Returning,45-54,London,2024-06-08 00:00:00
C106022,New,25-34,London,2025-05-12 00:00:00
C106023,Returning,35-44,Scotland,2025-05-30 00:00:00
C106024,Returning,45-54,London,2023-02-04 00:00:00
C106025,Returning,55+,Scotland,2023-11-12 00:00:00
C106026,New,35-44,Yorkshire,2024-10-22 00:00:00
C106027,New,25-34,North West,2023-02-06 00:00:00
C106028,Returning,35-44,South East,2024-09-19 00:00:00
C106029,New,35-44,East of England,2023-03-27 00:00:00
C106030,New,25-34,East of England,2024-09-22 00:00:00
C106031,Returning,55+,Yorkshire,2023-03-23 00:00:00
C106032,New,25-34,Yorkshire,2025-03-23 00:00:00
C106033,New,55+,West Midlands,2024-05-19 00:00:00
C106034,Returning,25-34,London,2025-11-12 00:00:00
C106035,Returning,18-24,Scotland,2023-04-02 00:00:00
C106036,Returning,35-44,London,2025-08-14 00:00:00
C106037,New,35-44,West Midlands,2024-03-29 00:00:00
C106038,New,45-54,South East,2024-06-20 00:00:00
C106039,Returning,35-44,South West,2025-02-06 00:00:00
C106040,Returning,18-24,Yorkshire,2024-11-15 00:00:00
C106041,New,55+,North West,2025-08-25 00:00:00
C106042,Returning,35-44,London,2025-07-03 00:00:00
C106043,Returning,25-34,London,2023-09-01 00:00:00
C106044,Returning,55+,London,2023-10-30 00:00:00
C106045,Returning,25-34,Scotland,2025-08-22 00:00:00
C106046,Returning,18-24,London,2025-06-10 00:00:00
C106047,New,35-44,Scotland,2025-12-11 00:00:00
C106048,New,35-44,London,2025-10-04 00:00:00
C106049,Returning,35-44,East of England,2024-11-19 00:00:00
C106050,Returning,55+,North West,2025-11-24 00:00:00
C106051,Returning,25-34,East of England,2025-03-21 00:00:00
C106052,Returning,55+,North West,2025-09-03 00:00:00
C106053,New,18-24,South West,2024-06-15 00:00:00
C106054,New,18-24,Yorkshire,2025-11-27 00:00:00
C106055,New,25-34,South East,2023-03-24 00:00:00
C106056,New,18-24,Scotland,2025-09-25 00:00:00
C106057,Returning,35-44,Yorkshire,2025-11-21 00:00:00
C106058,Returning,45-54,London,2025-05-18 00:00:00
C106059,Returning,45-54,South East,2025-11-05 00:00:00
C106060,Returning,45-54,North West,2024-04-07 00:00:00
C106061,Returning,18-24,East of England,2023-12-22 00:00:00
C106062,New,45-54,South West,2023-05-28 00:00:00
C106063,Returning,25-34,South East,2023-08-04 00:00:00
C106064,New,45-54,Yorkshire,2025-08-11 00:00:00
C106065,Returning,45-54,London,2023-03-14 00:00:00
C106066,Returning,25-34,South East,2023-08-09 00:00:00
C106067,New,35-44,East of England,2024-07-01 00:00:00
C106068,New,55+,London,2024-01-31 00:00:00
C106069,New,25-34,South East,2025-10-14 00:00:00
C106070,Returning,45-54,London,2023-02-02 00:00:00
C106071,New,55+,London,2023-02-15 00:00:00
C106072,New,25-34,London,2023-10-27 00:00:00
C106073,New,25-34,London,2024-11-03 00:00:00
C106074,Returning,35-44,West Midlands,2024-01-27 00:00:00
C106075,Returning,45-54,East of England,2025-07-08 00:00:00
C106076,Returning,35-44,London,2023-04-16 00:00:00
C106077,New,35-44,East of England,2024-02-22 00:00:00
C106078,New,25-34,Yorkshire,2024-12-14 00:00:00
C106079,Returning,55+,London,2024-11-04 00:00:00
C106080,New,55+,South East,2024-07-23 00:00:00
C106081,New,35-44,London,2024-05-03 00:00:00
C106082,Returning,55+,South West,2023-04-14 00:00:00
C106083,New,45-54,Yorkshire,2023-03-13 00:00:00
C106084,New,55+,South East,2023-03-02 00:00:00
C106085,Returning,25-34,London,2024-07-08 00:00:00
C106086,Returning,25-34,London,2025-08-31 00:00:00
C106087,New,55+,North West,2023-04-08 00:00:00
C106088,New,25-34,London,2023-03-13 00:00:00
C106089,Returning,25-34,North West,2025-01-23 00:00:00
C106090,New,45-54,North West,2024-07-04 00:00:00
C106091,New,35-44,Yorkshire,2023-12-08 00:00:00
C106092,Returning,25-34,London,2023-01-20 00:00:00
C106093,Returning,25-34,West Midlands,2025-06-01 00:00:00
C106094,Returning,25-34,West Midlands,2024-12-26 00:00:00
C106095,New,25-34,East of England,2024-10-07 00:00:00
C106096,New,25-34,West Midlands,2023-09-15 00:00:00
C106097,Returning,35-44,West Midlands,2025-10-25 00:00:00
C106098,Returning,45-54,London,2023-03-11 00:00:00
C106099,New,25-34,Yorkshire,2025-03-22 00:00:00
C106100,Returning,25-34,North West,2025-03-11 00:00:00
C106101,New,35-44,Yorkshire,2025-03-08 00:00:00
C106102,Returning,25-34,Yorkshire,2024-10-24 00:00:00
C106103,Returning,25-34,East of England,2023-12-02 00:00:00
C106104,Returning,25-34,East of England,2024-05-16 00:00:00
C106105,Returning,35-44,South East,2024-05-01 00:00:00
C106106,Returning,18-24,London,2025-08-10 00:00:00
C106107,New,35-44,East of England,2025-03-31 00:00:00
C106108,New,35-44,Yorkshire,2024-06-07 00:00:00
C106109,Returning,45-54,Scotland,2025-03-05 00:00:00
C106110,New,45-54,West Midlands,2025-12-02 00:00:00
C106111,Returning,55+,Scotland,2025-01-31 00:00:00
C106112,New,35-44,London,2024-01-27 00:00:00
C106113,Returning,25-34,North West,2023-01-09 00:00:00
C106114,Returning,25-34,West Midlands,2025-08-24 00:00:00
C106115,Returning,18-24,London,2023-01-20 00:00:00
C106116,Returning,25-34,London,2024-07-14 00:00:00
C106117,New,25-34,London,2023-03-16 00:00:00
C106118,Returning,25-34,London,2025-08-25 00:00:00
C106119,New,45-54,Scotland,2023-02-04 00:00:00
C106120,New,45-54,Scotland,2025-01-21 00:00:00
C106121,New,25-34,East of England,2025-04-30 00:00:00
C106122,Returning,35-44,Scotland,2025-03-16 00:00:00
C106123,New,25-34,East of England,2024-08-24 00:00:00
C106124,New,35-44,Scotland,2024-10-11 00:00:00
C106125,New,35-44,London,2024-07-09 00:00:00
C106126,New,25-34,South East,2025-04-12 00:00:00
C106127,New,25-34,East of England,2023-04-05 00:00:00
C106128,Returning,55+,West Midlands,2025-09-06 00:00:00
C106129,New,35-44,Yorkshire,2025-05-02 00:00:00
C106130,New,35-44,North West,2025-12-01 00:00:00
C106131,Returning,18-24,South East,2023-04-13 00:00:00
C106132,Returning,25-34,South East,2023-08-19 00:00:00
C106133,New,25-34,South West,2023-09-01 00:00:00
C106134,New,55+,North West,2024-03-29 00:00:00
C106135,New,25-34,South East,2025-06-19 00:00:00
C106136,Returning,25-34,North West,2025-05-15 00:00:00
C106137,New,55+,West Midlands,2025-01-31 00:00:00
C106138,New,35-44,West Midlands,2024-03-11 00:00:00
C106139,Returning,25-34,Yorkshire,2023-04-12 00:00:00
C106140,New,35-44,West Midlands,2025-02-02 00:00:00
C106141,New,35-44,Scotland,2023-03-23 00:00:00
C106142,New,55+,West Midlands,2023-08-13 00:00:00
C106143,Returning,18-24,Scotland,2024-03-23 00:00:00
C106144,Returning,45-54,East of England,2025-05-04 00:00:00
C106145,Returning,25-34,East of England,2024-10-25 00:00:00
C106146,Returning,45-54,South West,2023-04-25 00:00:00
C106147,New,45-54,North West,2023-09-29 00:00:00
C106148,Returning,45-54,North West,2025-07-23 00:00:00
C106149,Returning,45-54,North West,2024-10-05 00:00:00
C106150,Returning,45-54,London,2024-12-24 00:00:00
C106151,Returning,25-34,London,2024-01-31 00:00:00
C106152,New,18-24,London,2025-06-15 00:00:00
C106153,New,25-34,South West,2024-10-09 00:00:00
C106154,Returning,35-44,London,2023-03-31 00:00:00
C106155,New,25-34,North West,2025-03-09 00:00:00
C106156,Returning,45-54,London,2023-11-14 00:00:00
C106157,New,45-54,London,2025-07-16 00:00:00
C106158,New,55+,North West,2024-12-03 00:00:00
C106159,Returning,25-34,East of England,2023-08-04 00:00:00
C106160,Returning,45-54,South East,2023-02-02 00:00:00
C106161,Returning,45-54,East of England,2023-04-04 00:00:00
C106162,New,55+,London,2023-09-28 00:00:00
C106163,Returning,45-54,West Midlands,2023-05-11 00:00:00
C106164,Returning,25-34,London,2024-12-25 00:00:00
C106165,Returning,18-24,South East,2023-07-01 00:00:00
C106166,Returning,55+,London,2024-05-06 00:00:00
C106167,Returning,45-54,London,2023-12-23 00:00:00
C106168,New,45-54,Yorkshire,2024-12-24 00:00:00
C106169,Returning,45-54,Yorkshire,2023-02-01 00:00:00
C106170,Returning,45-54,London,2024-03-18 00:00:00
C106171,Returning,45-54,East of England,2025-07-04 00:00:00
C106172,Returning,55+,Yorkshire,2023-09-28 00:00:00
C106173,Returning,55+,South East,2025-07-22 00:00:00
C106174,Returning,25-34,West Midlands,2023-07-09 00:00:00
C106175,Returning,18-24,South East,2025-02-23 00:00:00
C106176,Returning,18-24,East of England,2023-11-07 00:00:00
C106177,New,35-44,West Midlands,2024-01-28 00:00:00
C106178,New,45-54,London,2024-07-28 00:00:00
C106179,Returning,45-54,London,2025-02-16 00:00:00
C106180,New,25-34,South East,2024-08-02 00:00:00
C106181,Returning,25-34,West Midlands,2024-09-24 00:00:00
C106182,Returning,35-44,North West,2023-11-15 00:00:00
C106183,Returning,45-54,Scotland,2024-12-29 00:00:00
C106184,New,35-44,South East,2023-03-19 00:00:00
C106185,Returning,25-34,South East,2023-04-07 00:00:00
C106186,Returning,25-34,London,2023-06-25 00:00:00
C106187,New,35-44,South East,2025-08-20 00:00:00
C106188,Returning,35-44,Yorkshire,2024-11-05 00:00:00
C106189,Returning,45-54,Scotland,2024-01-19 00:00:00
C106190,Returning,55+,South West,2024-11-18 00:00:00
C106191,New,18-24,London,2023-10-24 00:00:00
C106192,New,25-34,East of England,2025-03-16 00:00:00
C106193,Returning,25-34,East of England,2024-03-05 00:00:00
C106194,New,25-34,London,2024-11-11 00:00:00
C106195,Returning,25-34,Scotland,2023-09-30 00:00:00
C106196,Returning,18-24,Yorkshire,2023-02-08 00:00:00
C106197,New,18-24,South West,2025-12-29 00:00:00
C106198,Returning,45-54,West Midlands,2024-12-19 00:00:00
C106199,Returning,18-24,London,2024-12-11 00:00:00
C106200,Returning,45-54,South West,2024-10-25 00:00:00
C106201,Returning,25-34,West Midlands,2025-09-13 00:00:00
C106202,Returning,25-34,Scotland,2023-01-21 00:00:00
C106203,New,18-24,London,2025-11-12 00:00:00
C106204,New,18-24,South East,2024-05-20 00:00:00
C106205,Returning,25-34,Yorkshire,2024-10-01 00:00:00
C106206,Returning,45-54,North West,2025-10-28 00:00:00
C106207,New,55+,West Midlands,2025-05-30 00:00:00
C106208,New,18-24,Yorkshire,2024-01-21 00:00:00
C106209,Returning,18-24,Yorkshire,2025-09-22 00:00:00
C106210,New,25-34,North West,2023-04-02 00:00:00
C106211,Returning,45-54,South East,2023-06-15 00:00:00
C106212,Returning,25-34,North West,2023-09-07 00:00:00
C106213,Returning,25-34,North West,2023-10-24 00:00:00
C106214,New,55+,South West,2025-01-10 00:00:00
C106215,New,55+,Yorkshire,2024-03-17 00:00:00
C106216,Returning,35-44,West Midlands,2025-07-24 00:00:00
C106217,Returning,25-34,London,2024-11-16 00:00:00
C106218,New,25-34,London,2024-10-27 00:00:00
C106219,Returning,25-34,South East,2025-04-25 00:00:00
C106220,Returning,35-44,North West,2024-03-27 00:00:00
C106221,New,45-54,South West,2024-01-15 00:00:00
C106222,Returning,25-34,Scotland,2023-04-29 00:00:00
C106223,New,55+,North West,2025-07-15 00:00:00
C106224,Returning,35-44,Yorkshire,2023-09-14 00:00:00
C106225,New,45-54,North West,2024-12-20 00:00:00
C106226,Returning,18-24,West Midlands,2025-05-19 00:00:00
C106227,New,25-34,North West,2024-02-14 00:00:00
C106228,Returning,18-24,West Midlands,2023-06-29 00:00:00
C106229,Returning,45-54,West Midlands,2025-01-18 00:00:00
C106230,Returning,18-24,East of England,2023-12-24 00:00:00
C106231,Returning,25-34,North West,2025-07-26 00:00:00
C106232,Returning,45-54,London,2024-05-05 00:00:00
C106233,New,45-54,North West,2024-01-05 00:00:00
C106234,New,35-44,Scotland,2025-03-10 00:00:00
C106235,New,45-54,London,2024-03-01 00:00:00
C106236,Returning,35-44,Scotland,2025-05-26 00:00:00
C106237,Returning,35-44,Scotland,2025-01-31 00:00:00
C106238,Returning,25-34,North West,2025-08-30 00:00:00
C106239,Returning,18-24,South East,2024-04-17 00:00:00
C106240,Returning,35-44,London,2023-04-06 00:00:00
C106241,New,18-24,London,2023-07-15 00:00:00
C106242,New,35-44,South East,2023-01-06 00:00:00
C106243,Returning,35-44,South West,2025-07-28 00:00:00
C106244,New,25-34,Scotland,2023-09-25 00:00:00
C106245,New,45-54,London,2023-08-10 00:00:00
C106246,Returning,45-54,West Midlands,2024-10-28 00:00:00
C106247,Returning,35-44,West Midlands,2023-09-28 00:00:00
C106248,Returning,55+,South East,2025-12-13 00:00:00
C106249,New,25-34,North West,2025-08-12 00:00:00
C106250,Returning,25-34,East of England,2024-05-10 00:00:00
C106251,New,25-34,West Midlands,2024-12-07 00:00:00
C106252,Returning,35-44,London,2024-03-01 00:00:00
C106253,New,25-34,Yorkshire,2024-04-19 00:00:00
C106254,Returning,45-54,London,2024-06-12 00:00:00
C106255,Returning,25-34,Scotland,2024-02-24 00:00:00
C106256,Returning,35-44,Scotland,2024-04-25 00:00:00
C106257,New,35-44,London,2023-07-21 00:00:00
C106258,Returning,25-34,North West,2024-12-17 00:00:00
C106259,New,45-54,South West,2023-03-16 00:00:00
C106260,Returning,45-54,West Midlands,2025-09-27 00:00:00
C106261,New,45-54,West Midlands,2025-09-27 00:00:00
C106262,New,35-44,Scotland,2023-08-17 00:00:00
C106263,Returning,35-44,London,2023-02-19 00:00:00
C106264,Returning,35-44,North West,2024-06-11 00:00:00
C106265,Returning,45-54,London,2023-03-09 00:00:00
C106266,New,25-34,South East,2024-03-19 00:00:00
C106267,Returning,35-44,East of England,2025-04-07 00:00:00
C106268,New,25-34,Yorkshire,2023-12-07 00:00:00
C106269,New,35-44,North West,2025-09-10 00:00:00
C106270,Returning,18-24,London,2023-01-16 00:00:00
C106271,New,55+,East of England,2025-02-19 00:00:00
C106272,Returning,25-34,South East,2024-07-07 00:00:00
C106273,New,25-34,North West,2023-09-24 00:00:00
C106274,New,25-34,London,2024-04-18 00:00:00
C106275,Returning,25-34,North West,2023-10-25 00:00:00
C106276,New,25-34,North West,2024-11-13 00:00:00
C106277,Returning,45-54,South East,2025-11-23 00:00:00
C106278,Returning,25-34,West Midlands,2024-07-05 00:00:00
C106279,New,25-34,West Midlands,2025-02-09 00:00:00
C106280,Returning,18-24,Yorkshire,2024-11-03 00:00:00
C106281,New,25-34,North West,2025-06-29 00:00:00
C106282,Returning,55+,East of England,2024-09-10 00:00:00
C106283,New,25-34,London,2024-05-06 00:00:00
C106284,Returning,45-54,London,2023-05-12 00:00:00
C106285,Returning,35-44,London,2025-05-04 00:00:00
C106286,Returning,35-44,London,2025-09-14 00:00:00
C106287,Returning,45-54,North West,2025-12-14 00:00:00
C106288,New,18-24,London,2025-03-13 00:00:00
C106289,Returning,45-54,London,2024-01-28 00:00:00
C106290,Returning,35-44,South East,2025-02-12 00:00:00
C106291,Returning,25-34,West Midlands,2023-12-19 00:00:00
C106292,Returning,55+,Yorkshire,2025-09-15 00:00:00
C106293,Returning,25-34,West Midlands,2023-02-17 00:00:00
C106294,New,55+,Scotland,2025-09-15 00:00:00
C106295,Returning,55+,London,2025-03-21 00:00:00
C106296,Returning,25-34,North West,2025-09-05 00:00:00
C106297,Returning,25-34,South East,2023-09-22 00:00:00
C106298,New,45-54,South West,2024-07-12 00:00:00
C106299,Returning,25-34,London,2023-10-07 00:00:00
C106300,New,45-54,Scotland,2025-02-20 00:00:00
C106301,Returning,25-34,Yorkshire,2024-11-26 00:00:00
C106302,Returning,25-34,North West,2025-01-30 00:00:00
C106303,New,35-44,North West,2025-03-23 00:00:00
C106304,Returning,45-54,South East,2023-02-19 00:00:00
C106305,New,45-54,London,2024-03-24 00:00:00
C106306,Returning,35-44,East of England,2023-10-05 00:00:00
C106307,Returning,25-34,South West,2025-11-04 00:00:00
C106308,New,25-34,London,2024-08-05 00:00:00
C106309,Returning,25-34,London,2023-06-27 00:00:00
C106310,New,25-34,South East,2024-03-07 00:00:00
C106311,Returning,25-34,South West,2024-08-03 00:00:00
C106312,Returning,35-44,West Midlands,2023-12-24 00:00:00
C106313,New,25-34,Yorkshire,2024-11-10 00:00:00
C106314,Returning,18-24,London,2025-04-26 00:00:00
C106315,Returning,45-54,East of England,2024-11-10 00:00:00
C106316,Returning,18-24,London,2024-09-28 00:00:00
C106317,Returning,55+,South East,2024-12-23 00:00:00
C106318,Returning,25-34,Scotland,2023-11-13 00:00:00
C106319,Returning,18-24,Yorkshire,2024-11-28 00:00:00
C106320,New,55+,North West,2023-02-26 00:00:00
C106321,New,35-44,East of England,2025-05-20 00:00:00
C106322,Returning,45-54,London,2024-02-23 00:00:00
C106323,New,35-44,London,2025-06-14 00:00:00
C106324,Returning,25-34,London,2023-10-07 00:00:00
C106325,New,35-44,South East,2025-12-11 00:00:00
C106326,Returning,25-34,Yorkshire,2024-07-26 00:00:00
C106327,Returning,35-44,North West,2025-10-30 00:00:00
C106328,Returning,25-34,West Midlands,2023-11-18 00:00:00
C106329,New,25-34,South West,2024-07-25 00:00:00
C106330,Returning,18-24,South East,2025-02-24 00:00:00
C106331,Returning,45-54,London,2025-02-15 00:00:00
C106332,Returning,25-34,West Midlands,2023-10-06 00:00:00
C106333,Returning,55+,South West,2024-03-18 00:00:00
C106334,Returning,25-34,West Midlands,2023-09-11 00:00:00
C106335,New,35-44,Scotland,2024-12-16 00:00:00
C106336,Returning,25-34,East of England,2024-04-01 00:00:00
C106337,New,45-54,South West,2023-01-09 00:00:00
C106338,New,45-54,South West,2023-11-18 00:00:00
C106339,Returning,35-44,North West,2024-02-09 00:00:00
C106340,Returning,25-34,East of England,2024-09-08 00:00:00
C106341,Returning,45-54,North West,2025-10-02 00:00:00
C106342,Returning,25-34,South East,2025-12-17 00:00:00
C106343,Returning,35-44,London,2025-01-12 00:00:00
C106344,New,45-54,South West,2025-09-21 00:00:00
C106345,Returning,25-34,South East,2023-01-20 00:00:00
C106346,Returning,35-44,South West,2025-08-04 00:00:00
C106347,Returning,45-54,Scotland,2024-07-28 00:00:00
C106348,Returning,18-24,West Midlands,2024-02-14 00:00:00
C106349,Returning,25-34,South East,2024-02-07 00:00:00
C106350,Returning,25-34,London,2024-01-20 00:00:00
C106351,Returning,45-54,West Midlands,2025-06-08 00:00:00
C106352,Returning,35-44,Yorkshire,2024-05-19 00:00:00
C106353,Returning,35-44,South East,2023-05-07 00:00:00
C106354,New,25-34,West Midlands,2025-09-18 00:00:00
C106355,Returning,18-24,North West,2024-10-26 00:00:00
C106356,New,18-24,South East,2024-03-06 00:00:00
C106357,Returning,25-34,London,2025-02-22 00:00:00
C106358,Returning,18-24,London,2024-01-21 00:00:00
C106359,Returning,18-24,South West,2024-10-17 00:00:00
C106360,New,35-44,South East,2023-01-09 00:00:00
C106361,Returning,35-44,London,2023-10-29 00:00:00
C106362,Returning,18-24,West Midlands,2024-01-12 00:00:00
C106363,New,35-44,Yorkshire,2025-05-22 00:00:00
C106364,Returning,25-34,South West,2025-04-09 00:00:00
C106365,New,25-34,West Midlands,2025-05-22 00:00:00
C106366,Returning,55+,North West,2024-06-10 00:00:00
C106367,New,35-44,South West,2024-02-02 00:00:00
C106368,Returning,18-24,East of England,2024-08-04 00:00:00
C106369,Returning,25-34,North West,2023-10-21 00:00:00
C106370,Returning,35-44,Yorkshire,2024-08-04 00:00:00
C106371,New,25-34,London,2024-12-31 00:00:00
C106372,Returning,55+,West Midlands,2025-12-02 00:00:00
C106373,Returning,25-34,East of England,2024-02-09 00:00:00
C106374,New,18-24,London,2023-05-05 00:00:00
C106375,New,35-44,South East,2024-01-15 00:00:00
C106376,New,35-44,Yorkshire,2025-06-28 00:00:00
C106377,Returning,35-44,East of England,2024-05-10 00:00:00
C106378,New,55+,London,2024-04-03 00:00:00
C106379,Returning,55+,East of England,2024-05-18 00:00:00
C106380,Returning,25-34,London,2023-10-06 00:00:00
C106381,Returning,18-24,East of England,2025-07-01 00:00:00
C106382,Returning,25-34,East of England,2025-01-08 00:00:00
C106383,Returning,35-44,South West,2025-11-14 00:00:00
C106384,New,35-44,East of England,2023-04-18 00:00:00
C106385,Returning,25-34,Scotland,2025-02-23 00:00:00
C106386,New,55+,East of England,2023-03-30 00:00:00
C106387,New,25-34,North West,2023-04-08 00:00:00
C106388,Returning,45-54,West Midlands,2025-07-19 00:00:00
C106389,New,45-54,London,2024-01-07 00:00:00
C106390,New,18-24,London,2023-12-14 00:00:00
C106391,Returning,25-34,Yorkshire,2023-07-28 00:00:00
C106392,New,25-34,London,2023-04-30 00:00:00
C106393,New,55+,Scotland,2024-12-30 00:00:00
C106394,Returning,25-34,London,2024-07-29 00:00:00
C106395,Returning,45-54,London,2024-10-19 00:00:00
C106396,Returning,35-44,London,2023-06-19 00:00:00
C106397,New,35-44,London,2025-12-16 00:00:00
C106398,Returning,55+,London,2023-01-09 00:00:00
C106399,Returning,35-44,North West,2024-05-07 00:00:00
C106400,New,45-54,South East,2024-07-28 00:00:00
C106401,New,25-34,South West,2023-04-27 00:00:00
C106402,New,18-24,West Midlands,2024-09-28 00:00:00
C106403,Returning,18-24,Yorkshire,2024-10-20 00:00:00
C106404,New,25-34,Yorkshire,2024-08-06 00:00:00
C106405,Returning,45-54,London,2024-02-08 00:00:00
C106406,Returning,25-34,London,2025-10-19 00:00:00
C106407,New,35-44,East of England,2023-07-15 00:00:00
C106408,Returning,18-24,Yorkshire,2025-03-29 00:00:00
C106409,New,35-44,London,2024-02-13 00:00:00
C106410,New,45-54,Yorkshire,2024-03-01 00:00:00
C106411,Returning,35-44,South East,2023-09-20 00:00:00
C106412,Returning,55+,London,2025-01-12 00:00:00
C106413,Returning,18-24,London,2023-08-05 00:00:00
C106414,Returning,18-24,South West,2024-02-15 00:00:00
C106415,New,35-44,West Midlands,2024-06-16 00:00:00
C106416,Returning,25-34,North West,2023-01-11 00:00:00
C106417,New,45-54,London,2025-06-10 00:00:00
C106418,Returning,45-54,London,2023-12-31 00:00:00
C106419,Returning,18-24,London,2025-09-01 00:00:00
C106420,New,55+,West Midlands,2024-12-14 00:00:00
C106421,Returning,18-24,East of England,2023-10-14 00:00:00
C106422,Returning,45-54,South West,2024-12-29 00:00:00
C106423,Returning,25-34,London,2024-05-08 00:00:00
C106424,New,35-44,London,2024-06-19 00:00:00
C106425,New,18-24,London,2025-07-16 00:00:00
C106426,New,55+,East of England,2024-12-06 00:00:00
C106427,Returning,55+,North West,2025-12-23 00:00:00
C106428,Returning,35-44,South West,2025-10-17 00:00:00
C106429,New,35-44,South East,2025-07-23 00:00:00
C106430,Returning,35-44,North West,2024-05-27 00:00:00
C106431,Returning,35-44,North West,2024-06-27 00:00:00
C106432,New,35-44,North West,2025-08-28 00:00:00
C106433,Returning,35-44,West Midlands,2025-08-15 00:00:00
C106434,Returning,45-54,London,2024-02-12 00:00:00
C106435,Returning,35-44,West Midlands,2025-02-16 00:00:00
C106436,Returning,25-34,Scotland,2024-10-21 00:00:00
C106437,New,55+,South East,2023-05-05 00:00:00
C106438,Returning,25-34,Yorkshire,2023-05-16 00:00:00
C106439,Returning,25-34,Scotland,2023-04-03 00:00:00
C106440,Returning,55+,North West,2023-10-09 00:00:00
C106441,Returning,25-34,West Midlands,2025-10-26 00:00:00
C106442,Returning,18-24,London,2023-12-15 00:00:00
C106443,Returning,35-44,South West,2025-10-13 00:00:00
C106444,New,45-54,East of England,2024-04-29 00:00:00
C106445,New,18-24,Scotland,2024-05-19 00:00:00
C106446,Returning,35-44,London,2023-10-09 00:00:00
C106447,Returning,18-24,East of England,2024-12-29 00:00:00
C106448,Returning,25-34,South East,2024-10-10 00:00:00
C106449,Returning,25-34,North West,2023-12-02 00:00:00
C106450,New,25-34,London,2025-05-13 00:00:00
C106451,New,55+,South East,2025-02-10 00:00:00
C106452,Returning,35-44,North West,2025-02-21 00:00:00
C106453,New,45-54,West Midlands,2024-05-05 00:00:00
C106454,Returning,55+,Scotland,2024-12-13 00:00:00
C106455,Returning,55+,South East,2024-01-19 00:00:00
C106456,Returning,45-54,East of England,2026-01-04 00:00:00
C106457,Returning,25-34,West Midlands,2024-04-29 00:00:00
C106458,Returning,45-54,London,2023-10-29 00:00:00
C106459,Returning,35-44,London,2024-05-16 00:00:00
C106460,New,25-34,South West,2025-11-01 00:00:00
C106461,Returning,25-34,South West,2025-11-03 00:00:00
C106462,Returning,25-34,London,2024-01-27 00:00:00
C106463,New,35-44,West Midlands,2025-08-31 00:00:00
C106464,Returning,45-54,West Midlands,2023-12-03 00:00:00
C106465,Returning,35-44,North West,2023-08-02 00:00:00
C106466,New,25-34,Yorkshire,2023-09-01 00:00:00
C106467,Returning,18-24,East of England,2023-11-03 00:00:00
C106468,Returning,45-54,South East,2023-11-19 00:00:00
C106469,Returning,25-34,London,2023-11-26 00:00:00
C106470,Returning,35-44,London,2024-02-26 00:00:00
C106471,Returning,45-54,Scotland,2023-01-13 00:00:00
C106472,Returning,45-54,North West,2024-02-20 00:00:00
C106473,Returning,35-44,London,2024-08-06 00:00:00
C106474,New,35-44,South West,2024-03-16 00:00:00
C106475,New,25-34,North West,2024-06-14 00:00:00
C106476,Returning,55+,South East,2023-09-05 00:00:00
C106477,Returning,35-44,London,2023-05-18 00:00:00
C106478,New,45-54,South West,2025-09-17 00:00:00
C106479,New,18-24,Yorkshire,2025-12-25 00:00:00
C106480,Returning,35-44,South East,2024-03-24 00:00:00
C106481,Returning,25-34,South East,2025-04-17 00:00:00
C106482,Returning,35-44,South East,2023-06-04 00:00:00
C106483,Returning,45-54,Yorkshire,2023-07-21 00:00:00
C106484,Returning,45-54,South East,2024-07-25 00:00:00
C106485,Returning,25-34,South East,2025-02-14 00:00:00
C106486,New,55+,South East,2025-02-10 00:00:00
C106487,Returning,25-34,Scotland,2024-01-10 00:00:00
C106488,New,35-44,West Midlands,2025-08-22 00:00:00
C106489,Returning,25-34,South East,2024-11-27 00:00:00
C106490,New,25-34,West Midlands,2023-12-15 00:00:00
C106491,Returning,55+,Yorkshire,2024-06-01 00:00:00
C106492,Returning,18-24,East of England,2023-11-24 00:00:00
C106493,New,55+,Scotland,2023-06-02 00:00:00
C106494,Returning,25-34,West Midlands,2023-01-07 00:00:00
C106495,New,45-54,West Midlands,2024-05-21 00:00:00
C106496,Returning,18-24,South East,2023-01-07 00:00:00
C106497,Returning,35-44,South West,2025-11-23 00:00:00
C106498,New,55+,Yorkshire,2025-08-23 00:00:00
C106499,Returning,35-44,South East,2025-04-02 00:00:00
C106500,Returning,25-34,North West,2025-04-05 00:00:00
C106501,New,45-54,London,2024-11-20 00:00:00
C106502,Returning,45-54,Yorkshire,2025-03-16 00:00:00
C106503,Returning,18-24,South East,2025-07-16 00:00:00
C106504,Returning,35-44,South East,2024-07-17 00:00:00
C106505,New,35-44,London,2025-06-30 00:00:00
C106506,Returning,45-54,London,2023-09-19 00:00:00
C106507,New,25-34,London,2025-09-04 00:00:00
C106508,Returning,25-34,Yorkshire,2025-02-16 00:00:00
C106509,Returning,55+,Yorkshire,2023-04-30 00:00:00
C106510,Returning,35-44,North West,2023-07-20 00:00:00
C106511,New,35-44,South East,2023-05-23 00:00:00
C106512,New,55+,East of England,2023-09-24 00:00:00
C106513,Returning,25-34,East of England,2025-05-28 00:00:00
C106514,New,25-34,North West,2025-06-28 00:00:00
C106515,Returning,45-54,Yorkshire,2025-12-30 00:00:00
C106516,Returning,45-54,South West,2023-05-22 00:00:00
C106517,Returning,55+,Yorkshire,2024-09-10 00:00:00
C106518,New,35-44,London,2025-06-22 00:00:00
C106519,New,25-34,West Midlands,2025-11-26 00:00:00
C106520,Returning,25-34,London,2023-04-18 00:00:00
C106521,Returning,18-24,South West,2024-12-30 00:00:00
C106522,New,55+,Yorkshire,2023-03-29 00:00:00
C106523,New,25-34,Scotland,2023-04-04 00:00:00
C106524,New,35-44,London,2025-07-07 00:00:00
C106525,Returning,25-34,North West,2025-10-15 00:00:00
C106526,New,25-34,Yorkshire,2023-07-23 00:00:00
C106527,New,25-34,East of England,2025-07-12 00:00:00
C106528,Returning,35-44,East of England,2025-09-29 00:00:00
C106529,New,18-24,London,2024-08-12 00:00:00
C106530,New,55+,Scotland,2023-07-08 00:00:00
C106531,Returning,55+,Scotland,2025-03-29 00:00:00
C106532,Returning,18-24,Scotland,2024-08-26 00:00:00
C106533,New,45-54,North West,2024-01-22 00:00:00
C106534,Returning,25-34,East of England,2025-08-09 00:00:00
C106535,New,18-24,London,2024-11-08 00:00:00
C106536,New,25-34,South East,2023-10-18 00:00:00
C106537,Returning,45-54,London,2024-03-30 00:00:00
C106538,Returning,35-44,West Midlands,2023-12-07 00:00:00
C106539,Returning,25-34,Scotland,2024-08-02 00:00:00
C106540,Returning,45-54,Yorkshire,2023-10-26 00:00:00
C106541,New,45-54,West Midlands,2024-12-01 00:00:00
C106542,Returning,45-54,South West,2024-05-07 00:00:00
C106543,Returning,35-44,North West,2023-03-01 00:00:00
C106544,New,45-54,West Midlands,2023-01-07 00:00:00
C106545,Returning,35-44,North West,2023-04-16 00:00:00
C106546,New,25-34,North West,2023-06-26 00:00:00
C106547,Returning,45-54,Yorkshire,2023-04-01 00:00:00
C106548,Returning,25-34,South West,2024-12-28 00:00:00
C106549,New,45-54,West Midlands,2024-10-16 00:00:00
C106550,Returning,35-44,West Midlands,2023-01-24 00:00:00
C106551,New,25-34,North West,2024-03-30 00:00:00
C106552,Returning,25-34,East of England,2023-11-20 00:00:00
C106553,New,45-54,West Midlands,2024-07-04 00:00:00
C106554,New,45-54,East of England,2024-10-05 00:00:00
C106555,Returning,45-54,North West,2024-07-04 00:00:00
C106556,Returning,35-44,London,2024-03-14 00:00:00
C106557,New,25-34,West Midlands,2023-02-14 00:00:00
C106558,Returning,25-34,London,2025-05-21 00:00:00
C106559,New,45-54,London,2025-05-25 00:00:00
C106560,Returning,25-34,London,2025-08-03 00:00:00
C106561,New,45-54,Yorkshire,2025-02-09 00:00:00
C106562,New,25-34,North West,2023-12-27 00:00:00
C106563,Returning,18-24,North West,2025-01-26 00:00:00
C106564,Returning,35-44,West Midlands,2025-09-18 00:00:00
C106565,Returning,35-44,South East,2023-02-07 00:00:00
C106566,Returning,35-44,East of England,2024-07-11 00:00:00
C106567,Returning,25-34,Scotland,2024-12-17 00:00:00
C106568,Returning,45-54,South West,2025-12-19 00:00:00
C106569,Returning,35-44,South East,2024-07-04 00:00:00
C106570,Returning,45-54,East of England,2025-08-25 00:00:00
C106571,Returning,35-44,South West,2025-04-16 00:00:00
C106572,Returning,25-34,London,2025-05-18 00:00:00
C106573,Returning,35-44,South East,2023-04-17 00:00:00
C106574,Returning,35-44,South East,2024-07-08 00:00:00
C106575,Returning,35-44,Yorkshire,2025-04-01 00:00:00
C106576,Returning,35-44,North West,2023-05-18 00:00:00
C106577,Returning,18-24,South East,2025-11-23 00:00:00
C106578,Returning,55+,London,2025-01-22 00:00:00
C106579,Returning,25-34,West Midlands,2025-07-25 00:00:00
C106580,Returning,25-34,Yorkshire,2024-11-27 00:00:00
C106581,Returning,45-54,West Midlands,2025-09-10 00:00:00
C106582,Returning,25-34,South East,2025-09-17 00:00:00
C106583,New,55+,North West,2023-03-25 00:00:00
C106584,Returning,25-34,Scotland,2025-10-27 00:00:00
C106585,New,25-34,London,2024-08-05 00:00:00
C106586,New,18-24,North West,2024-06-21 00:00:00
C106587,Returning,18-24,South East,2023-09-29 00:00:00
C106588,Returning,18-24,London,2024-03-20 00:00:00
C106589,Returning,18-24,East of England,2024-08-22 00:00:00
C106590,New,25-34,Scotland,2024-08-09 00:00:00
C106591,Returning,25-34,South East,2025-02-16 00:00:00
C106592,Returning,35-44,South East,2025-01-17 00:00:00
C106593,Returning,25-34,London,2025-04-01 00:00:00
C106594,Returning,18-24,North West,2024-09-28 00:00:00
C106595,New,18-24,London,2025-12-26 00:00:00
C106596,New,25-34,West Midlands,2025-08-24 00:00:00
C106597,New,25-34,London,2025-11-19 00:00:00
C106598,New,25-34,Yorkshire,2025-03-07 00:00:00
C106599,Returning,25-34,East of England,2023-09-29 00:00:00
C106600,New,55+,London,2025-11-27 00:00:00
C106601,New,25-34,South West,2025-10-04 00:00:00
C106602,New,25-34,East of England,2023-11-23 00:00:00
C106603,New,35-44,London,2025-08-30 00:00:00
C106604,Returning,35-44,East of England,2024-07-28 00:00:00
C106605,New,18-24,North West,2025-03-06 00:00:00
C106606,Returning,45-54,North West,2024-01-12 00:00:00
C106607,New,45-54,Yorkshire,2023-10-11 00:00:00
C106608,New,55+,South East,2024-03-18 00:00:00
C106609,New,55+,London,2023-07-27 00:00:00
C106610,Returning,35-44,West Midlands,2023-06-05 00:00:00
C106611,New,45-54,South West,2024-04-24 00:00:00
C106612,Returning,25-34,East of England,2025-11-08 00:00:00
C106613,New,55+,West Midlands,2023-02-12 00:00:00
C106614,Returning,35-44,South East,2023-12-26 00:00:00
C106615,New,25-34,London,2023-11-09 00:00:00
C106616,Returning,18-24,Scotland,2023-08-17 00:00:00
C106617,Returning,35-44,London,2023-03-22 00:00:00
C106618,New,35-44,East of England,2023-07-13 00:00:00
C106619,New,45-54,London,2024-07-30 00:00:00
C106620,Returning,25-34,London,2024-04-14 00:00:00
C106621,New,45-54,London,2024-11-09 00:00:00
C106622,New,18-24,West Midlands,2025-07-30 00:00:00
C106623,Returning,35-44,South East,2023-05-03 00:00:00
C106624,New,25-34,East of England,2023-12-30 00:00:00
C106625,Returning,25-34,North West,2025-08-19 00:00:00
C106626,Returning,35-44,London,2023-09-17 00:00:00
C106627,Returning,25-34,North West,2023-04-17 00:00:00
C106628,New,25-34,South East,2023-09-21 00:00:00
C106629,Returning,45-54,Yorkshire,2024-03-11 00:00:00
C106630,Returning,25-34,South West,2023-10-09 00:00:00
C106631,New,45-54,Scotland,2024-07-05 00:00:00
C106632,Returning,45-54,North West,2023-08-13 00:00:00
C106633,Returning,18-24,South East,2024-10-02 00:00:00
C106634,Returning,55+,West Midlands,2025-08-10 00:00:00
C106635,New,45-54,West Midlands,2023-12-18 00:00:00
C106636,New,45-54,West Midlands,2024-08-19 00:00:00
C106637,Returning,45-54,London,2025-02-23 00:00:00
C106638,Returning,35-44,South East,2023-03-14 00:00:00
C106639,Returning,55+,Scotland,2024-01-11 00:00:00
C106640,New,25-34,East of England,2024-11-28 00:00:00
C106641,Returning,18-24,London,2023-10-05 00:00:00
C106642,New,45-54,Scotland,2024-03-29 00:00:00
C106643,New,25-34,South West,2024-05-13 00:00:00
C106644,Returning,35-44,London,2025-10-27 00:00:00
C106645,New,25-34,East of England,2023-05-05 00:00:00
C106646,New,25-34,Scotland,2024-11-28 00:00:00
C106647,New,55+,North West,2025-11-28 00:00:00
C106648,Returning,25-34,South West,2025-09-22 00:00:00
C106649,New,25-34,South East,2024-08-28 00:00:00
C106650,Returning,35-44,North West,2024-03-03 00:00:00
C106651,Returning,45-54,Yorkshire,2023-06-08 00:00:00
C106652,Returning,45-54,North West,2023-10-15 00:00:00
C106653,Returning,25-34,South East,2025-05-25 00:00:00
C106654,Returning,55+,Yorkshire,2023-01-30 00:00:00
C106655,New,35-44,East of England,2025-03-03 00:00:00
C106656,Returning,45-54,East of England,2025-10-19 00:00:00
C106657,Returning,18-24,London,2024-04-18 00:00:00
C106658,Returning,25-34,West Midlands,2025-06-09 00:00:00
C106659,Returning,35-44,London,2025-12-18 00:00:00
C106660,New,35-44,North West,2025-04-17 00:00:00
C106661,Returning,18-24,South East,2024-07-04 00:00:00
C106662,New,35-44,Scotland,2024-09-12 00:00:00
C106663,Returning,35-44,North West,2023-08-23 00:00:00
C106664,New,25-34,West Midlands,2023-05-26 00:00:00
C106665,Returning,35-44,Yorkshire,2025-05-20 00:00:00
C106666,Returning,25-34,London,2024-07-25 00:00:00
C106667,Returning,55+,London,2025-10-18 00:00:00
C106668,New,35-44,London,2025-03-28 00:00:00
C106669,Returning,35-44,North West,2023-10-16 00:00:00
C106670,New,55+,East of England,2025-11-24 00:00:00
C106671,New,35-44,London,2023-01-08 00:00:00
C106672,Returning,25-34,South West,2023-04-16 00:00:00
C106673,Returning,35-44,London,2024-11-01 00:00:00
C106674,Returning,55+,South East,2024-10-26 00:00:00
C106675,New,18-24,Yorkshire,2025-03-17 00:00:00
C106676,Returning,35-44,South West,2024-12-12 00:00:00
C106677,Returning,25-34,Scotland,2023-10-14 00:00:00
C106678,New,45-54,North West,2023-06-13 00:00:00
C106679,Returning,35-44,West Midlands,2025-11-26 00:00:00
C106680,Returning,55+,London,2024-01-08 00:00:00
C106681,Returning,35-44,South East,2023-07-04 00:00:00
C106682,Returning,18-24,East of England,2023-03-18 00:00:00
C106683,Returning,35-44,North West,2025-05-31 00:00:00
C106684,New,55+,South East,2025-07-18 00:00:00
C106685,New,25-34,South East,2025-08-21 00:00:00
C106686,Returning,18-24,London,2025-07-26 00:00:00
C106687,Returning,45-54,South West,2023-07-07 00:00:00
C106688,Returning,35-44,West Midlands,2023-01-16 00:00:00
C106689,Returning,18-24,Scotland,2024-07-05 00:00:00
C106690,Returning,25-34,West Midlands,2024-07-12 00:00:00
C106691,New,25-34,South West,2023-01-31 00:00:00
C106692,Returning,35-44,London,2025-08-22 00:00:00
C106693,Returning,35-44,London,2024-12-07 00:00:00
C106694,Returning,35-44,South East,2025-01-19 00:00:00
C106695,New,45-54,London,2024-08-24 00:00:00
C106696,New,25-34,Scotland,2025-12-28 00:00:00
C106697,New,35-44,South West,2025-05-06 00:00:00
C106698,Returning,25-34,South East,2024-09-28 00:00:00
C106699,Returning,25-34,North West,2024-07-05 00:00:00
C106700,New,35-44,North West,2025-07-07 00:00:00
C106701,Returning,45-54,North West,2024-01-25 00:00:00
C106702,Returning,55+,London,2025-08-05 00:00:00
C106703,New,25-34,South East,2023-05-31 00:00:00
C106704,Returning,18-24,London,2023-02-09 00:00:00
C106705,Returning,25-34,East of England,2023-02-26 00:00:00
C106706,New,35-44,West Midlands,2024-02-08 00:00:00
C106707,Returning,25-34,Yorkshire,2024-08-04 00:00:00
C106708,Returning,55+,East of England,2025-09-12 00:00:00
C106709,New,45-54,South East,2025-10-07 00:00:00
C106710,New,35-44,London,2023-02-04 00:00:00
C106711,Returning,35-44,South East,2025-04-22 00:00:00
C106712,New,18-24,Yorkshire,2023-08-10 00:00:00
C106713,Returning,35-44,West Midlands,2024-03-08 00:00:00
C106714,Returning,35-44,London,2025-08-02 00:00:00
C106715,Returning,55+,London,2025-12-18 00:00:00
C106716,Returning,35-44,Yorkshire,2025-05-23 00:00:00
C106717,Returning,25-34,Yorkshire,2023-07-22 00:00:00
C106718,Returning,25-34,London,2023-02-11 00:00:00
C106719,Returning,25-34,South West,2026-01-02 00:00:00
C106720,Returning,55+,South East,2023-09-16 00:00:00
C106721,New,45-54,London,2023-09-11 00:00:00
C106722,Returning,45-54,South East,2024-07-27 00:00:00
C106723,New,45-54,Yorkshire,2023-07-05 00:00:00
C106724,Returning,18-24,Yorkshire,2025-01-02 00:00:00
C106725,Returning,45-54,West Midlands,2025-08-02 00:00:00
C106726,New,45-54,South East,2024-01-16 00:00:00
C106727,New,25-34,West Midlands,2024-05-30 00:00:00
C106728,Returning,35-44,South East,2025-09-16 00:00:00
C106729,Returning,35-44,West Midlands,2025-09-08 00:00:00
C106730,Returning,55+,West Midlands,2023-04-13 00:00:00
C106731,Returning,18-24,West Midlands,2025-04-02 00:00:00
C106732,Returning,55+,London,2023-01-22 00:00:00
C106733,Returning,55+,South East,2023-06-22 00:00:00
C106734,New,55+,London,2024-11-21 00:00:00
C106735,Returning,18-24,North West,2023-05-15 00:00:00
C106736,New,25-34,West Midlands,2023-07-22 00:00:00
C106737,Returning,45-54,Yorkshire,2024-05-06 00:00:00
C106738,Returning,25-34,London,2024-04-02 00:00:00
C106739,New,18-24,South East,2024-09-09 00:00:00
C106740,Returning,45-54,London,2025-10-09 00:00:00
C106741,New,18-24,London,2024-04-10 00:00:00
C106742,New,35-44,South West,2023-12-03 00:00:00
C106743,New,55+,London,2023-08-22 00:00:00
C106744,New,35-44,London,2025-08-22 00:00:00
C106745,New,55+,South East,2023-08-28 00:00:00
C106746,Returning,25-34,South East,2023-01-05 00:00:00
C106747,Returning,25-34,East of England,2024-07-14 00:00:00
C106748,Returning,18-24,Scotland,2025-03-15 00:00:00
C106749,Returning,25-34,West Midlands,2023-01-16 00:00:00
C106750,New,25-34,London,2024-12-01 00:00:00
C106751,New,45-54,West Midlands,2024-04-27 00:00:00
C106752,Returning,55+,West Midlands,2025-05-04 00:00:00
C106753,Returning,18-24,West Midlands,2023-02-06 00:00:00
C106754,Returning,18-24,London,2025-09-13 00:00:00
C106755,New,35-44,London,2025-08-18 00:00:00
C106756,Returning,35-44,London,2025-01-25 00:00:00
C106757,Returning,25-34,South East,2024-11-13 00:00:00
C106758,Returning,25-34,North West,2025-02-13 00:00:00
C106759,New,25-34,East of England,2023-06-26 00:00:00
C106760,New,35-44,London,2025-09-13 00:00:00
C106761,Returning,18-24,South West,2025-04-25 00:00:00
C106762,Returning,45-54,London,2025-04-10 00:00:00
C106763,Returning,25-34,London,2024-06-25 00:00:00
C106764,New,25-34,Yorkshire,2023-06-04 00:00:00
C106765,Returning,35-44,London,2024-07-15 00:00:00
C106766,Returning,25-34,East of England,2024-08-22 00:00:00
C106767,Returning,55+,Scotland,2023-10-09 00:00:00
C106768,Returning,45-54,London,2025-10-13 00:00:00
C106769,Returning,55+,London,2024-03-09 00:00:00
C106770,New,35-44,London,2025-11-15 00:00:00
C106771,Returning,35-44,East of England,2025-08-23 00:00:00
C106772,Returning,25-34,London,2023-03-24 00:00:00
C106773,Returning,35-44,South West,2023-06-11 00:00:00
C106774,Returning,35-44,South East,2024-03-07 00:00:00
C106775,Returning,25-34,North West,2024-11-17 00:00:00
C106776,Returning,25-34,London,2023-05-05 00:00:00
C106777,Returning,25-34,South West,2023-08-27 00:00:00
C106778,New,18-24,Yorkshire,2025-07-30 00:00:00
C106779,Returning,25-34,London,2024-05-04 00:00:00
C106780,Returning,35-44,London,2024-09-03 00:00:00
C106781,Returning,55+,West Midlands,2024-08-09 00:00:00
C106782,Returning,25-34,North West,2025-12-01 00:00:00
C106783,New,18-24,South West,2023-05-14 00:00:00
C106784,Returning,25-34,South East,2024-07-27 00:00:00
C106785,Returning,25-34,East of England,2023-03-28 00:00:00
C106786,Returning,45-54,London,2023-02-21 00:00:00
C106787,Returning,18-24,East of England,2024-06-16 00:00:00
C106788,Returning,55+,East of England,2025-09-20 00:00:00
C106789,Returning,45-54,North West,2024-03-26 00:00:00
C106790,New,35-44,Scotland,2025-02-27 00:00:00
C106791,New,55+,West Midlands,2025-10-10 00:00:00
C106792,Returning,35-44,Yorkshire,2023-01-07 00:00:00
C106793,Returning,55+,London,2025-02-06 00:00:00
C106794,Returning,25-34,South East,2025-09-15 00:00:00
C106795,Returning,55+,North West,2025-09-13 00:00:00
C106796,Returning,25-34,East of England,2025-03-20 00:00:00
C106797,New,25-34,Scotland,2025-10-18 00:00:00
C106798,Returning,55+,North West,2024-10-24 00:00:00
C106799,New,25-34,East of England,2023-01-21 00:00:00
C106800,Returning,25-34,South West,2025-12-16 00:00:00
C106801,Returning,18-24,South West,2025-08-25 00:00:00
C106802,Returning,25-34,London,2023-07-29 00:00:00
C106803,New,25-34,West Midlands,2025-11-20 00:00:00
C106804,Returning,25-34,West Midlands,2024-12-17 00:00:00
C106805,Returning,35-44,South West,2024-05-12 00:00:00
C106806,Returning,45-54,North West,2025-06-19 00:00:00
C106807,Returning,18-24,South West,2024-11-30 00:00:00
C106808,Returning,45-54,Scotland,2025-05-17 00:00:00
C106809,Returning,35-44,North West,2024-01-16 00:00:00
C106810,New,45-54,South West,2024-03-04 00:00:00
C106811,New,45-54,North West,2023-04-19 00:00:00
C106812,New,55+,North West,2025-09-05 00:00:00
C106813,New,18-24,West Midlands,2023-10-16 00:00:00
C106814,Returning,35-44,Scotland,2023-06-01 00:00:00
C106815,New,55+,South West,2023-03-30 00:00:00
C106816,Returning,45-54,South West,2024-02-29 00:00:00
C106817,New,18-24,South East,2024-06-19 00:00:00
C106818,New,35-44,West Midlands,2025-07-06 00:00:00
C106819,Returning,45-54,East of England,2024-12-19 00:00:00
C106820,Returning,25-34,Scotland,2025-06-05 00:00:00
C106821,Returning,35-44,Scotland,2023-01-06 00:00:00
C106822,Returning,45-54,Yorkshire,2023-02-02 00:00:00
C106823,New,35-44,Yorkshire,2023-09-09 00:00:00
C106824,Returning,25-34,London,2024-02-29 00:00:00
C106825,Returning,35-44,South West,2023-03-23 00:00:00
C106826,New,35-44,South East,2025-08-12 00:00:00
C106827,Returning,25-34,East of England,2025-11-28 00:00:00
C106828,Returning,35-44,London,2024-06-17 00:00:00
C106829,Returning,35-44,Scotland,2025-06-02 00:00:00
C106830,Returning,55+,West Midlands,2023-07-29 00:00:00
C106831,Returning,45-54,London,2023-02-04 00:00:00
C106832,New,45-54,North West,2025-09-15 00:00:00
C106833,Returning,35-44,Yorkshire,2025-06-14 00:00:00
C106834,Returning,25-34,South West,2025-04-13 00:00:00
C106835,New,45-54,Yorkshire,2025-06-28 00:00:00
C106836,New,18-24,North West,2025-02-20 00:00:00
C106837,Returning,35-44,London,2025-06-04 00:00:00
C106838,Returning,18-24,East of England,2025-11-29 00:00:00
C106839,Returning,35-44,Scotland,2025-08-24 00:00:00
C106840,Returning,45-54,South West,2025-09-06 00:00:00
C106841,Returning,25-34,London,2024-05-30 00:00:00
C106842,Returning,25-34,South West,2025-06-19 00:00:00
C106843,New,25-34,South East,2023-09-21 00:00:00
C106844,Returning,25-34,Scotland,2023-12-12 00:00:00
C106845,New,35-44,London,2025-08-15 00:00:00
C106846,New,45-54,London,2024-02-04 00:00:00
C106847,Returning,55+,London,2025-07-07 00:00:00
C106848,New,55+,South West,2024-06-28 00:00:00
C106849,Returning,18-24,Yorkshire,2023-10-30 00:00:00
C106850,Returning,25-34,Yorkshire,2024-03-28 00:00:00
C106851,New,35-44,South East,2024-09-30 00:00:00
C106852,Returning,35-44,East of England,2023-03-11 00:00:00
C106853,Returning,45-54,West Midlands,2024-09-04 00:00:00
C106854,New,45-54,London,2023-04-26 00:00:00
C106855,New,35-44,South West,2024-06-20 00:00:00
C106856,New,35-44,North West,2023-12-22 00:00:00
C106857,New,55+,North West,2024-10-31 00:00:00
C106858,New,25-34,South East,2025-07-12 00:00:00
C106859,New,45-54,Yorkshire,2023-04-03 00:00:00
C106860,New,45-54,London,2023-04-04 00:00:00
C106861,Returning,25-34,West Midlands,2024-05-15 00:00:00
C106862,New,55+,West Midlands,2025-04-09 00:00:00
C106863,New,45-54,South West,2023-11-04 00:00:00
C106864,Returning,45-54,South East,2025-05-10 00:00:00
C106865,New,25-34,London,2023-01-03 00:00:00
C106866,Returning,25-34,South East,2023-11-21 00:00:00
C106867,New,45-54,West Midlands,2024-07-25 00:00:00
C106868,Returning,18-24,London,2024-11-19 00:00:00
C106869,Returning,18-24,Yorkshire,2024-02-06 00:00:00
C106870,Returning,25-34,South East,2025-08-28 00:00:00
C106871,Returning,18-24,West Midlands,2024-04-19 00:00:00
C106872,Returning,45-54,North West,2024-11-30 00:00:00
C106873,New,35-44,South East,2023-05-03 00:00:00
C106874,New,18-24,Yorkshire,2025-10-19 00:00:00
C106875,Returning,35-44,Yorkshire,2024-07-10 00:00:00
C106876,New,18-24,South West,2024-06-01 00:00:00
C106877,New,18-24,North West,2023-10-25 00:00:00
C106878,Returning,35-44,South East,2024-10-30 00:00:00
C106879,New,35-44,London,2023-01-01 00:00:00
C106880,New,25-34,West Midlands,2024-05-12 00:00:00
C106881,Returning,35-44,East of England,2025-05-08 00:00:00
C106882,Returning,25-34,London,2025-05-05 00:00:00
C106883,Returning,35-44,London,2024-11-21 00:00:00
C106884,Returning,25-34,Yorkshire,2024-02-16 00:00:00
C106885,Returning,45-54,North West,2024-08-03 00:00:00
C106886,Returning,35-44,East of England,2023-07-05 00:00:00
C106887,New,25-34,London,2024-11-15 00:00:00
C106888,Returning,45-54,East of England,2023-08-26 00:00:00
C106889,Returning,45-54,Yorkshire,2023-12-23 00:00:00
C106890,Returning,18-24,South West,2025-03-18 00:00:00
C106891,New,35-44,South East,2023-05-16 00:00:00
C106892,New,45-54,South East,2023-12-30 00:00:00
C106893,New,18-24,London,2024-01-28 00:00:00
C106894,New,55+,South West,2025-11-06 00:00:00
C106895,New,25-34,London,2025-05-17 00:00:00
C106896,Returning,45-54,London,2024-02-14 00:00:00
C106897,New,55+,South East,2024-10-31 00:00:00
C106898,Returning,55+,East of England,2023-09-21 00:00:00
C106899,Returning,35-44,South East,2025-05-20 00:00:00
C106900,New,45-54,West Midlands,2024-01-15 00:00:00
C106901,Returning,25-34,South West,2025-09-19 00:00:00
C106902,Returning,25-34,East of England,2025-09-06 00:00:00
C106903,New,45-54,South West,2023-10-02 00:00:00
C106904,Returning,25-34,North West,2024-03-26 00:00:00
C106905,Returning,45-54,London,2025-10-02 00:00:00
C106906,Returning,18-24,London,2023-04-16 00:00:00
C106907,Returning,25-34,South East,2024-12-29 00:00:00
C106908,Returning,25-34,West Midlands,2024-07-21 00:00:00
C106909,New,35-44,South East,2024-09-08 00:00:00
C106910,Returning,18-24,North West,2024-09-21 00:00:00
C106911,Returning,25-34,West Midlands,2024-07-07 00:00:00
C106912,Returning,55+,Yorkshire,2024-01-13 00:00:00
C106913,Returning,45-54,London,2024-05-30 00:00:00
C106914,Returning,45-54,Scotland,2025-12-12 00:00:00
C106915,Returning,25-34,East of England,2023-03-23 00:00:00
C106916,New,25-34,South East,2023-06-26 00:00:00
C106917,Returning,45-54,West Midlands,2023-03-02 00:00:00
C106918,New,18-24,Scotland,2024-11-19 00:00:00
C106919,Returning,35-44,Scotland,2023-12-31 00:00:00
C106920,Returning,55+,West Midlands,2023-02-19 00:00:00
C106921,Returning,18-24,London,2023-08-12 00:00:00
C106922,Returning,55+,Scotland,2023-10-14 00:00:00
C106923,Returning,25-34,Yorkshire,2023-04-06 00:00:00
C106924,New,25-34,Yorkshire,2025-04-23 00:00:00
C106925,New,25-34,South East,2023-01-27 00:00:00
C106926,New,55+,South West,2025-08-29 00:00:00
C106927,Returning,35-44,North West,2025-12-12 00:00:00
C106928,New,45-54,West Midlands,2025-10-05 00:00:00
C106929,Returning,25-34,South West,2023-08-22 00:00:00
C106930,New,55+,South East,2023-09-09 00:00:00
C106931,Returning,35-44,West Midlands,2025-12-19 00:00:00
C106932,Returning,35-44,Yorkshire,2024-11-16 00:00:00
C106933,Returning,45-54,North West,2024-08-21 00:00:00
C106934,Returning,45-54,Scotland,2025-08-09 00:00:00
C106935,Returning,45-54,North West,2023-07-31 00:00:00
C106936,Returning,18-24,South East,2024-03-22 00:00:00
C106937,Returning,45-54,South East,2023-06-09 00:00:00
C106938,New,25-34,North West,2025-05-28 00:00:00
C106939,New,55+,London,2023-08-09 00:00:00
C106940,Returning,25-34,North West,2023-05-25 00:00:00
C106941,Returning,18-24,West Midlands,2024-02-05 00:00:00
C106942,Returning,25-34,South East,2024-09-12 00:00:00
C106943,Returning,35-44,London,2023-08-14 00:00:00
C106944,Returning,25-34,West Midlands,2025-09-17 00:00:00
C106945,Returning,45-54,London,2025-06-29 00:00:00
C106946,Returning,45-54,North West,2025-10-08 00:00:00
C106947,Returning,25-34,South East,2024-02-08 00:00:00
C106948,Returning,35-44,East of England,2024-03-03 00:00:00
C106949,Returning,45-54,North West,2024-08-02 00:00:00
C106950,Returning,55+,South West,2025-09-27 00:00:00
C106951,Returning,25-34,East of England,2024-07-05 00:00:00
C106952,New,55+,East of England,2024-03-03 00:00:00
C106953,Returning,18-24,East of England,2024-12-26 00:00:00
C106954,Returning,35-44,London,2023-05-26 00:00:00
C106955,Returning,45-54,South East,2026-01-02 00:00:00
C106956,New,25-34,Yorkshire,2025-01-27 00:00:00
C106957,Returning,18-24,North West,2024-05-02 00:00:00
C106958,New,45-54,North West,2023-04-10 00:00:00
C106959,Returning,25-34,Yorkshire,2023-12-21 00:00:00
C106960,New,25-34,London,2024-09-22 00:00:00
C106961,New,25-34,London,2025-12-07 00:00:00
C106962,Returning,45-54,North West,2024-06-19 00:00:00
C106963,Returning,25-34,North West,2026-01-02 00:00:00
C106964,New,35-44,South West,2024-07-23 00:00:00
C106965,Returning,55+,Yorkshire,2025-05-09 00:00:00
C106966,Returning,45-54,London,2023-04-18 00:00:00
C106967,New,35-44,London,2025-05-27 00:00:00
C106968,Returning,35-44,West Midlands,2023-09-24 00:00:00
C106969,Returning,25-34,South East,2024-03-24 00:00:00
C106970,Returning,35-44,South West,2023-12-22 00:00:00
C106971,New,25-34,Yorkshire,2024-08-15 00:00:00
C106972,New,18-24,East of England,2024-11-06 00:00:00
C106973,Returning,18-24,West Midlands,2024-01-22 00:00:00
C106974,Returning,35-44,South East,2023-03-05 00:00:00
C106975,New,25-34,West Midlands,2024-11-11 00:00:00
C106976,Returning,25-34,London,2024-04-07 00:00:00
C106977,New,45-54,London,2025-06-27 00:00:00
C106978,Returning,25-34,West Midlands,2025-02-03 00:00:00
C106979,Returning,45-54,West Midlands,2024-02-16 00:00:00
C106980,Returning,25-34,London,2023-02-27 00:00:00
C106981,Returning,35-44,Yorkshire,2024-08-11 00:00:00
C106982,New,18-24,Yorkshire,2025-05-24 00:00:00
C106983,Returning,18-24,London,2025-05-02 00:00:00
C106984,New,45-54,Yorkshire,2024-01-04 00:00:00
C106985,Returning,35-44,London,2023-08-18 00:00:00
C106986,Returning,18-24,North West,2023-03-22 00:00:00
C106987,New,25-34,North West,2024-11-02 00:00:00
C106988,New,35-44,West Midlands,2023-10-16 00:00:00
C106989,New,25-34,South West,2025-05-03 00:00:00
C106990,New,35-44,South East,2024-10-18 00:00:00
C106991,New,35-44,London,2023-02-27 00:00:00
C106992,Returning,35-44,West Midlands,2025-01-30 00:00:00
C106993,Returning,45-54,South East,2023-10-07 00:00:00
C106994,Returning,25-34,London,2025-08-17 00:00:00
C106995,Returning,55+,West Midlands,2023-01-28 00:00:00
C106996,Returning,35-44,London,2024-02-08 00:00:00
C106997,Returning,35-44,West Midlands,2023-01-08 00:00:00
C106998,Returning,35-44,North West,2024-11-27 00:00:00
C106999,Returning,35-44,South West,2024-06-09 00:00:00
C107000,Returning,18-24,East of England,2024-08-09 00:00:00
C107001,Returning,55+,Yorkshire,2025-02-09 00:00:00
C107002,Returning,55+,East of England,2025-09-12 00:00:00
C107003,Returning,25-34,North West,2024-02-26 00:00:00
C107004,Returning,35-44,Yorkshire,2024-09-19 00:00:00
C107005,Returning,45-54,South West,2024-11-14 00:00:00
C107006,Returning,55+,South West,2025-08-27 00:00:00
C107007,New,35-44,South West,2023-07-30 00:00:00
C107008,New,18-24,East of England,2024-07-29 00:00:00
C107009,Returning,45-54,West Midlands,2025-07-09 00:00:00
C107010,New,18-24,Scotland,2023-11-06 00:00:00
C107011,Returning,35-44,West Midlands,2024-02-03 00:00:00
C107012,New,35-44,London,2024-05-08 00:00:00
C107013,Returning,35-44,London,2025-02-16 00:00:00
C107014,New,25-34,North West,2025-01-07 00:00:00
C107015,Returning,35-44,London,2023-05-23 00:00:00
C107016,Returning,35-44,London,2023-08-15 00:00:00
C107017,New,25-34,South East,2025-06-18 00:00:00
C107018,New,25-34,North West,2025-01-11 00:00:00
C107019,Returning,25-34,London,2024-07-23 00:00:00
C107020,Returning,45-54,North West,2024-04-07 00:00:00
C107021,Returning,35-44,Yorkshire,2025-12-03 00:00:00
C107022,New,35-44,South West,2025-08-28 00:00:00
C107023,Returning,35-44,Yorkshire,2024-03-21 00:00:00
C107024,New,45-54,South East,2024-01-22 00:00:00
C107025,Returning,35-44,Scotland,2025-08-18 00:00:00
C107026,Returning,18-24,East of England,2024-01-16 00:00:00
C107027,New,25-34,South East,2024-03-29 00:00:00
C107028,Returning,18-24,London,2025-10-05 00:00:00
C107029,Returning,45-54,North West,2023-04-29 00:00:00
C107030,New,35-44,East of England,2025-02-12 00:00:00
C107031,New,45-54,South West,2025-01-26 00:00:00
C107032,New,45-54,East of England,2024-02-22 00:00:00
C107033,New,45-54,Scotland,2023-07-21 00:00:00
C107034,New,55+,Yorkshire,2025-08-05 00:00:00
C107035,Returning,35-44,London,2025-05-29 00:00:00
C107036,New,25-34,London,2025-08-02 00:00:00
C107037,Returning,18-24,London,2024-01-04 00:00:00
C107038,Returning,35-44,London,2025-11-25 00:00:00
C107039,Returning,45-54,London,2025-04-12 00:00:00
C107040,Returning,35-44,West Midlands,2023-09-21 00:00:00
C107041,New,25-34,South West,2024-06-13 00:00:00
C107042,New,45-54,London,2023-12-15 00:00:00
C107043,New,35-44,South West,2024-08-13 00:00:00
C107044,Returning,25-34,East of England,2023-07-27 00:00:00
C107045,Returning,45-54,London,2025-03-19 00:00:00
C107046,Returning,35-44,London,2024-05-20 00:00:00
C107047,New,25-34,West Midlands,2025-01-01 00:00:00
C107048,Returning,25-34,East of England,2024-12-06 00:00:00
C107049,New,35-44,Yorkshire,2024-12-31 00:00:00
C107050,Returning,25-34,London,2025-04-15 00:00:00
C107051,New,25-34,Yorkshire,2024-12-25 00:00:00
C107052,New,35-44,South West,2024-07-21 00:00:00
C107053,Returning,45-54,South East,2024-10-05 00:00:00
C107054,New,18-24,Yorkshire,2024-11-25 00:00:00
C107055,Returning,35-44,West Midlands,2025-06-06 00:00:00
C107056,Returning,35-44,London,2024-06-07 00:00:00
C107057,New,25-34,East of England,2023-11-27 00:00:00
C107058,Returning,25-34,London,2023-10-05 00:00:00
C107059,Returning,25-34,East of England,2023-07-19 00:00:00
C107060,New,35-44,Yorkshire,2024-10-24 00:00:00
C107061,New,45-54,London,2025-03-19 00:00:00
C107062,New,35-44,Yorkshire,2023-12-15 00:00:00
C107063,New,55+,London,2024-08-16 00:00:00
C107064,New,25-34,London,2024-02-14 00:00:00
C107065,Returning,45-54,South East,2025-09-17 00:00:00
C107066,Returning,35-44,East of England,2025-09-23 00:00:00
C107067,Returning,45-54,East of England,2025-11-27 00:00:00
C107068,Returning,55+,South East,2025-08-05 00:00:00
C107069,Returning,35-44,West Midlands,2025-08-11 00:00:00
C107070,Returning,35-44,Scotland,2024-09-04 00:00:00
C107071,New,55+,Yorkshire,2024-08-25 00:00:00
C107072,New,55+,London,2023-11-28 00:00:00
C107073,Returning,55+,West Midlands,2025-04-09 00:00:00
C107074,Returning,25-34,West Midlands,2023-12-19 00:00:00
C107075,Returning,18-24,South East,2024-01-03 00:00:00
C107076,New,35-44,North West,2025-11-06 00:00:00
C107077,Returning,45-54,Yorkshire,2023-01-17 00:00:00
C107078,New,18-24,Yorkshire,2023-05-10 00:00:00
C107079,Returning,25-34,South East,2025-05-08 00:00:00
C107080,Returning,35-44,Yorkshire,2025-01-23 00:00:00
C107081,Returning,25-34,North West,2025-05-09 00:00:00
C107082,Returning,45-54,South West,2024-05-28 00:00:00
C107083,New,25-34,London,2023-01-09 00:00:00
C107084,Returning,45-54,West Midlands,2023-11-24 00:00:00
C107085,Returning,25-34,West Midlands,2025-08-07 00:00:00
C107086,Returning,35-44,South East,2025-01-02 00:00:00
C107087,New,35-44,Yorkshire,2025-08-27 00:00:00
C107088,New,25-34,North West,2023-01-11 00:00:00
C107089,New,35-44,South East,2023-12-19 00:00:00
C107090,Returning,45-54,North West,2025-01-25 00:00:00
C107091,Returning,35-44,Yorkshire,2023-01-19 00:00:00
C107092,Returning,18-24,Yorkshire,2024-05-09 00:00:00
C107093,Returning,45-54,South West,2025-08-21 00:00:00
C107094,Returning,25-34,East of England,2023-06-27 00:00:00
C107095,New,35-44,Yorkshire,2023-03-19 00:00:00
C107096,Returning,35-44,London,2024-12-01 00:00:00
C107097,New,35-44,East of England,2023-09-13 00:00:00
C107098,New,18-24,South East,2023-07-22 00:00:00
C107099,New,25-34,Yorkshire,2024-08-19 00:00:00
C107100,New,18-24,Scotland,2024-10-28 00:00:00
C107101,New,25-34,South East,2025-06-17 00:00:00
C107102,Returning,35-44,South East,2023-04-25 00:00:00
C107103,New,35-44,London,2025-05-09 00:00:00
C107104,New,18-24,Scotland,2025-01-07 00:00:00
C107105,New,18-24,West Midlands,2025-01-19 00:00:00
C107106,Returning,35-44,South West,2023-09-20 00:00:00
C107107,Returning,35-44,London,2025-06-30 00:00:00
C107108,New,45-54,London,2023-05-16 00:00:00
C107109,New,25-34,London,2025-01-23 00:00:00
C107110,Returning,25-34,South West,2023-05-29 00:00:00
C107111,Returning,25-34,London,2024-12-02 00:00:00
C107112,Returning,35-44,East of England,2024-05-11 00:00:00
C107113,Returning,35-44,Yorkshire,2023-07-04 00:00:00
C107114,Returning,18-24,East of England,2023-08-02 00:00:00
C107115,Returning,18-24,West Midlands,2024-04-28 00:00:00
C107116,Returning,35-44,North West,2024-02-07 00:00:00
C107117,Returning,25-34,London,2024-05-11 00:00:00
C107118,New,35-44,West Midlands,2024-04-21 00:00:00
C107119,Returning,25-34,North West,2023-01-21 00:00:00
C107120,Returning,25-34,London,2024-04-17 00:00:00
C107121,New,25-34,Scotland,2024-03-22 00:00:00
C107122,Returning,55+,London,2024-03-06 00:00:00
C107123,Returning,18-24,South East,2023-09-07 00:00:00
C107124,New,25-34,North West,2023-07-31 00:00:00
C107125,Returning,45-54,West Midlands,2023-04-09 00:00:00
C107126,New,25-34,London,2024-11-18 00:00:00
C107127,Returning,25-34,Scotland,2024-08-23 00:00:00
C107128,Returning,25-34,London,2025-06-12 00:00:00
C107129,New,45-54,North West,2023-09-18 00:00:00
C107130,Returning,25-34,London,2024-03-24 00:00:00
C107131,Returning,45-54,London,2023-07-29 00:00:00
C107132,New,45-54,West Midlands,2025-10-31 00:00:00
C107133,Returning,35-44,South West,2025-05-15 00:00:00
C107134,New,25-34,North West,2023-06-13 00:00:00
C107135,Returning,45-54,South East,2025-06-10 00:00:00
C107136,New,45-54,London,2025-10-12 00:00:00
C107137,New,45-54,Scotland,2024-12-27 00:00:00
C107138,Returning,18-24,London,2025-12-25 00:00:00
C107139,New,45-54,North West,2023-07-28 00:00:00
C107140,Returning,45-54,London,2023-11-14 00:00:00
C107141,Returning,55+,London,2024-11-26 00:00:00
C107142,Returning,25-34,London,2024-08-15 00:00:00
C107143,New,45-54,London,2025-02-23 00:00:00
C107144,Returning,45-54,North West,2025-11-28 00:00:00
C107145,Returning,55+,West Midlands,2023-09-14 00:00:00
C107146,New,45-54,South West,2025-08-17 00:00:00
C107147,Returning,45-54,London,2023-05-27 00:00:00
C107148,Returning,25-34,West Midlands,2024-05-20 00:00:00
C107149,Returning,25-34,West Midlands,2024-04-21 00:00:00
C107150,Returning,25-34,London,2025-06-05 00:00:00
C107151,Returning,45-54,London,2024-04-11 00:00:00
C107152,Returning,25-34,London,2025-07-02 00:00:00
C107153,Returning,35-44,London,2023-06-18 00:00:00
C107154,Returning,55+,West Midlands,2025-12-28 00:00:00
C107155,Returning,55+,London,2023-07-30 00:00:00
C107156,Returning,35-44,West Midlands,2024-10-12 00:00:00
C107157,Returning,45-54,West Midlands,2024-07-03 00:00:00
C107158,New,18-24,West Midlands,2023-04-10 00:00:00
C107159,New,35-44,London,2024-08-03 00:00:00
C107160,Returning,35-44,West Midlands,2025-08-18 00:00:00
C107161,Returning,45-54,West Midlands,2024-08-14 00:00:00
C107162,Returning,25-34,Scotland,2025-02-12 00:00:00
C107163,Returning,18-24,London,2025-12-16 00:00:00
C107164,Returning,45-54,London,2023-11-30 00:00:00
C107165,Returning,35-44,South West,2023-02-13 00:00:00
C107166,Returning,45-54,South East,2025-01-28 00:00:00
C107167,New,35-44,London,2025-05-14 00:00:00
C107168,Returning,45-54,East of England,2023-06-06 00:00:00
C107169,New,35-44,North West,2024-01-22 00:00:00
C107170,Returning,45-54,North West,2024-01-30 00:00:00
C107171,Returning,45-54,London,2025-04-08 00:00:00
C107172,Returning,25-34,South East,2025-08-21 00:00:00
C107173,Returning,25-34,South East,2025-03-19 00:00:00
C107174,New,55+,South West,2023-11-23 00:00:00
C107175,New,25-34,South East,2024-11-12 00:00:00
C107176,New,45-54,North West,2023-10-23 00:00:00
C107177,Returning,25-34,Scotland,2024-11-25 00:00:00
C107178,Returning,45-54,Scotland,2025-11-27 00:00:00
C107179,New,25-34,London,2024-12-30 00:00:00
C107180,New,35-44,North West,2025-05-13 00:00:00
C107181,Returning,35-44,Yorkshire,2025-04-02 00:00:00
C107182,Returning,25-34,South West,2024-06-08 00:00:00
C107183,New,35-44,East of England,2023-05-25 00:00:00
C107184,New,55+,Yorkshire,2025-12-09 00:00:00
C107185,Returning,45-54,Yorkshire,2024-02-01 00:00:00
C107186,New,55+,London,2025-09-02 00:00:00
C107187,New,45-54,North West,2025-07-15 00:00:00
C107188,New,35-44,North West,2025-01-22 00:00:00
C107189,Returning,35-44,Yorkshire,2024-08-25 00:00:00
C107190,Returning,55+,North West,2023-10-29 00:00:00
C107191,New,35-44,West Midlands,2023-05-31 00:00:00
C107192,Returning,25-34,West Midlands,2025-08-18 00:00:00
C107193,Returning,45-54,Scotland,2025-11-23 00:00:00
C107194,Returning,55+,South East,2025-01-10 00:00:00
C107195,Returning,35-44,South West,2025-12-22 00:00:00
C107196,New,25-34,North West,2023-08-27 00:00:00
C107197,Returning,35-44,West Midlands,2024-07-17 00:00:00
C107198,Returning,45-54,West Midlands,2023-07-12 00:00:00
C107199,Returning,25-34,North West,2024-08-09 00:00:00
C107200,New,45-54,South West,2025-09-07 00:00:00
C107201,New,35-44,London,2023-11-18 00:00:00
C107202,New,25-34,East of England,2024-04-08 00:00:00
C107203,Returning,35-44,South West,2024-07-21 00:00:00
C107204,Returning,25-34,South East,2024-05-25 00:00:00
C107205,Returning,45-54,London,2025-12-01 00:00:00
C107206,Returning,18-24,London,2024-04-14 00:00:00
C107207,New,45-54,London,2023-10-08 00:00:00
C107208,New,25-34,London,2023-12-27 00:00:00
C107209,Returning,55+,London,2023-12-02 00:00:00
C107210,Returning,45-54,Scotland,2023-12-13 00:00:00
C107211,Returning,25-34,Yorkshire,2025-09-14 00:00:00
C107212,Returning,55+,South West,2024-07-18 00:00:00
C107213,Returning,35-44,North West,2024-02-27 00:00:00
C107214,Returning,35-44,North West,2023-06-05 00:00:00
C107215,New,55+,East of England,2025-12-05 00:00:00
C107216,Returning,55+,South East,2023-06-18 00:00:00
C107217,Returning,45-54,Yorkshire,2024-01-20 00:00:00
C107218,New,55+,East of England,2025-02-08 00:00:00
C107219,New,25-34,Scotland,2023-01-06 00:00:00
C107220,New,25-34,West Midlands,2023-12-14 00:00:00
C107221,New,18-24,East of England,2025-11-15 00:00:00
C107222,Returning,25-34,West Midlands,2023-01-27 00:00:00
C107223,New,35-44,South East,2023-09-18 00:00:00
C107224,Returning,25-34,South East,2023-04-05 00:00:00
C107225,New,35-44,West Midlands,2025-02-02 00:00:00
C107226,New,18-24,South East,2023-01-13 00:00:00
C107227,New,25-34,London,2023-02-22 00:00:00
C107228,New,45-54,London,2024-06-03 00:00:00
C107229,Returning,18-24,East of England,2025-04-03 00:00:00
C107230,New,45-54,East of England,2025-09-22 00:00:00
C107231,New,45-54,East of England,2023-08-31 00:00:00
C107232,New,35-44,North West,2024-09-21 00:00:00
C107233,New,55+,Scotland,2025-05-30 00:00:00
C107234,Returning,55+,West Midlands,2025-03-13 00:00:00
C107235,Returning,18-24,West Midlands,2025-11-29 00:00:00
C107236,New,35-44,West Midlands,2023-03-25 00:00:00
C107237,Returning,25-34,South East,2023-02-19 00:00:00
C107238,Returning,25-34,North West,2025-01-24 00:00:00
C107239,Returning,35-44,West Midlands,2024-02-09 00:00:00
C107240,Returning,45-54,Scotland,2025-03-23 00:00:00
C107241,New,45-54,London,2025-02-26 00:00:00
C107242,Returning,45-54,London,2024-05-01 00:00:00
C107243,Returning,45-54,South East,2026-01-01 00:00:00
C107244,Returning,35-44,London,2025-08-27 00:00:00
C107245,Returning,18-24,Scotland,2024-02-04 00:00:00
C107246,Returning,18-24,North West,2023-01-06 00:00:00
C107247,New,35-44,South East,2025-12-30 00:00:00
C107248,Returning,45-54,Yorkshire,2025-12-01 00:00:00
C107249,Returning,18-24,West Midlands,2025-09-16 00:00:00
C107250,Returning,25-34,London,2023-03-03 00:00:00
C107251,Returning,25-34,West Midlands,2025-03-02 00:00:00
C107252,Returning,35-44,South East,2025-11-22 00:00:00
C107253,Returning,25-34,North West,2024-02-25 00:00:00
C107254,Returning,25-34,South West,2025-04-09 00:00:00
C107255,New,18-24,South East,2024-08-13 00:00:00
C107256,Returning,25-34,North West,2024-05-24 00:00:00
C107257,Returning,35-44,Yorkshire,2025-03-03 00:00:00
C107258,Returning,55+,South East,2024-09-30 00:00:00
C107259,New,25-34,West Midlands,2025-01-24 00:00:00
C107260,Returning,35-44,South East,2023-09-04 00:00:00
C107261,Returning,35-44,South East,2023-11-14 00:00:00
C107262,Returning,35-44,West Midlands,2024-12-04 00:00:00
C107263,New,25-34,South East,2024-09-04 00:00:00
C107264,Returning,18-24,West Midlands,2024-02-26 00:00:00
C107265,New,55+,South West,2025-07-07 00:00:00
C107266,New,55+,West Midlands,2024-01-11 00:00:00
C107267,Returning,35-44,Scotland,2024-06-06 00:00:00
C107268,Returning,35-44,London,2023-12-14 00:00:00
C107269,New,18-24,West Midlands,2024-09-14 00:00:00
C107270,Returning,18-24,North West,2024-09-10 00:00:00
C107271,Returning,18-24,North West,2023-12-27 00:00:00
C107272,New,45-54,Scotland,2025-05-01 00:00:00
C107273,New,25-34,South East,2023-06-26 00:00:00
C107274,Returning,25-34,South East,2025-04-27 00:00:00
C107275,Returning,18-24,North West,2023-03-14 00:00:00
C107276,Returning,18-24,North West,2023-10-03 00:00:00
C107277,Returning,25-34,South West,2024-03-22 00:00:00
C107278,Returning,35-44,South West,2024-04-10 00:00:00
C107279,Returning,35-44,London,2024-11-25 00:00:00
C107280,Returning,35-44,South West,2025-10-29 00:00:00
C107281,New,35-44,Yorkshire,2025-04-16 00:00:00
C107282,New,45-54,North West,2024-08-21 00:00:00
C107283,New,25-34,South East,2023-04-03 00:00:00
C107284,Returning,25-34,East of England,2025-12-27 00:00:00
C107285,Returning,45-54,Yorkshire,2023-12-17 00:00:00
C107286,Returning,45-54,South East,2024-11-13 00:00:00
C107287,New,35-44,South East,2025-06-07 00:00:00
C107288,Returning,25-34,Yorkshire,2025-02-08 00:00:00
C107289,New,25-34,East of England,2023-05-04 00:00:00
C107290,New,18-24,West Midlands,2023-10-13 00:00:00
C107291,New,45-54,East of England,2025-12-28 00:00:00
C107292,Returning,35-44,South East,2025-04-24 00:00:00
C107293,New,18-24,West Midlands,2024-11-26 00:00:00
C107294,Returning,25-34,Yorkshire,2024-05-05 00:00:00
C107295,Returning,25-34,London,2025-10-31 00:00:00
C107296,Returning,25-34,London,2025-03-10 00:00:00
C107297,New,35-44,Yorkshire,2025-03-14 00:00:00
C107298,Returning,25-34,South East,2025-10-04 00:00:00
C107299,Returning,55+,London,2025-11-26 00:00:00
C107300,Returning,45-54,London,2025-08-03 00:00:00
C107301,Returning,55+,London,2025-01-01 00:00:00
C107302,Returning,45-54,South East,2023-09-09 00:00:00
C107303,Returning,55+,South East,2023-10-22 00:00:00
C107304,Returning,55+,Scotland,2023-06-19 00:00:00
C107305,Returning,25-34,Yorkshire,2025-05-30 00:00:00
C107306,New,25-34,Yorkshire,2024-01-04 00:00:00
C107307,Returning,25-34,London,2023-09-06 00:00:00
C107308,New,35-44,London,2025-03-09 00:00:00
C107309,Returning,45-54,East of England,2024-09-13 00:00:00
C107310,Returning,18-24,North West,2023-09-28 00:00:00
C107311,New,45-54,South West,2024-02-15 00:00:00
C107312,Returning,45-54,South East,2024-06-13 00:00:00
C107313,Returning,35-44,North West,2025-05-29 00:00:00
C107314,New,35-44,West Midlands,2023-01-08 00:00:00
C107315,New,25-34,London,2025-04-15 00:00:00
C107316,Returning,35-44,South West,2023-03-28 00:00:00
C107317,Returning,25-34,South East,2025-08-08 00:00:00
C107318,Returning,35-44,West Midlands,2023-05-10 00:00:00
C107319,New,25-34,London,2023-09-29 00:00:00
C107320,New,25-34,North West,2024-02-11 00:00:00
C107321,New,35-44,South West,2026-01-02 00:00:00
C107322,Returning,35-44,West Midlands,2024-03-13 00:00:00
C107323,Returning,25-34,Scotland,2025-06-04 00:00:00
C107324,Returning,55+,South East,2023-10-10 00:00:00
C107325,New,18-24,East of England,2024-03-01 00:00:00
C107326,Returning,55+,Yorkshire,2024-07-22 00:00:00
C107327,Returning,18-24,East of England,2023-05-21 00:00:00
C107328,New,25-34,South West,2023-02-03 00:00:00
C107329,Returning,55+,West Midlands,2024-01-20 00:00:00
C107330,New,45-54,West Midlands,2025-05-14 00:00:00
C107331,Returning,35-44,South West,2023-04-27 00:00:00
C107332,New,45-54,East of England,2025-06-19 00:00:00
C107333,Returning,25-34,North West,2024-11-07 00:00:00
C107334,Returning,45-54,Yorkshire,2023-10-29 00:00:00
C107335,Returning,25-34,West Midlands,2023-05-05 00:00:00
C107336,Returning,45-54,London,2024-08-28 00:00:00
C107337,Returning,55+,London,2024-04-18 00:00:00
C107338,New,45-54,Yorkshire,2023-04-30 00:00:00
C107339,Returning,45-54,Yorkshire,2025-01-04 00:00:00
C107340,Returning,35-44,Yorkshire,2025-07-09 00:00:00
C107341,New,35-44,North West,2024-05-13 00:00:00
C107342,Returning,25-34,South East,2024-05-11 00:00:00
C107343,New,45-54,South East,2025-08-27 00:00:00
C107344,New,35-44,London,2024-03-02 00:00:00
C107345,Returning,35-44,London,2023-09-23 00:00:00
C107346,New,45-54,North West,2025-07-20 00:00:00
C107347,Returning,18-24,South West,2024-07-30 00:00:00
C107348,New,45-54,East of England,2025-10-28 00:00:00
C107349,New,45-54,London,2025-10-01 00:00:00
C107350,New,25-34,South West,2025-06-11 00:00:00
C107351,New,18-24,North West,2024-01-24 00:00:00
C107352,Returning,45-54,South East,2025-02-28 00:00:00
C107353,Returning,25-34,Yorkshire,2024-06-03 00:00:00
C107354,Returning,55+,Scotland,2025-04-20 00:00:00
C107355,Returning,18-24,South East,2025-10-23 00:00:00
C107356,Returning,25-34,North West,2025-03-16 00:00:00
C107357,New,18-24,South East,2024-07-03 00:00:00
C107358,New,45-54,London,2025-12-27 00:00:00
C107359,Returning,35-44,London,2025-08-08 00:00:00
C107360,Returning,45-54,London,2023-09-27 00:00:00
C107361,Returning,55+,Yorkshire,2025-10-31 00:00:00
C107362,Returning,35-44,London,2024-06-11 00:00:00
C107363,Returning,25-34,Yorkshire,2023-10-09 00:00:00
C107364,New,18-24,East of England,2023-11-21 00:00:00
C107365,New,45-54,East of England,2025-05-14 00:00:00
C107366,New,25-34,South East,2024-02-28 00:00:00
C107367,Returning,55+,London,2024-12-20 00:00:00
C107368,Returning,55+,West Midlands,2024-05-04 00:00:00
C107369,Returning,35-44,London,2025-12-21 00:00:00
C107370,New,35-44,South East,2023-05-31 00:00:00
C107371,Returning,55+,North West,2024-10-06 00:00:00
C107372,Returning,45-54,Yorkshire,2024-01-27 00:00:00
C107373,Returning,45-54,London,2025-05-22 00:00:00
C107374,Returning,35-44,London,2025-11-03 00:00:00
C107375,New,35-44,East of England,2024-01-16 00:00:00
C107376,New,25-34,Scotland,2025-09-25 00:00:00
C107377,Returning,55+,Yorkshire,2024-10-29 00:00:00
C107378,Returning,35-44,North West,2023-03-02 00:00:00
C107379,New,45-54,Yorkshire,2025-05-06 00:00:00
C107380,New,18-24,London,2024-08-29 00:00:00
C107381,New,45-54,East of England,2025-11-29 00:00:00
C107382,Returning,25-34,London,2024-05-19 00:00:00
C107383,New,45-54,Yorkshire,2023-10-05 00:00:00
C107384,New,18-24,London,2023-07-10 00:00:00
C107385,Returning,55+,Yorkshire,2023-03-28 00:00:00
C107386,Returning,35-44,South West,2025-02-15 00:00:00
C107387,New,35-44,South West,2025-12-09 00:00:00
C107388,New,25-34,West Midlands,2024-12-12 00:00:00
C107389,New,25-34,North West,2024-10-24 00:00:00
C107390,New,25-34,North West,2023-02-01 00:00:00
C107391,New,25-34,Yorkshire,2023-01-19 00:00:00
C107392,New,35-44,West Midlands,2024-07-03 00:00:00
C107393,Returning,35-44,West Midlands,2024-07-25 00:00:00
C107394,Returning,25-34,Yorkshire,2024-04-13 00:00:00
C107395,Returning,45-54,London,2025-10-26 00:00:00
C107396,Returning,25-34,Yorkshire,2023-12-30 00:00:00
C107397,New,18-24,London,2025-12-18 00:00:00
C107398,Returning,45-54,Yorkshire,2023-10-17 00:00:00
C107399,Returning,25-34,South East,2023-12-25 00:00:00
C107400,Returning,35-44,East of England,2023-11-26 00:00:00
C107401,New,55+,London,2025-05-10 00:00:00
C107402,New,45-54,West Midlands,2023-12-31 00:00:00
C107403,Returning,35-44,London,2024-05-19 00:00:00
C107404,Returning,35-44,East of England,2023-05-03 00:00:00
C107405,New,45-54,London,2024-03-13 00:00:00
C107406,Returning,45-54,West Midlands,2023-08-08 00:00:00
C107407,Returning,25-34,London,2025-04-14 00:00:00
C107408,Returning,35-44,South West,2025-06-13 00:00:00
C107409,New,45-54,South East,2023-10-24 00:00:00
C107410,Returning,45-54,North West,2025-12-22 00:00:00
C107411,Returning,25-34,London,2024-04-14 00:00:00
C107412,New,35-44,South East,2025-07-07 00:00:00
C107413,Returning,35-44,London,2023-09-29 00:00:00
C107414,Returning,25-34,North West,2025-08-02 00:00:00
C107415,Returning,35-44,London,2023-06-06 00:00:00
C107416,New,35-44,Scotland,2024-02-02 00:00:00
C107417,Returning,25-34,West Midlands,2024-02-22 00:00:00
C107418,Returning,25-34,North West,2023-07-24 00:00:00
C107419,New,45-54,South East,2025-11-21 00:00:00
C107420,New,45-54,South East,2023-11-20 00:00:00
C107421,New,45-54,East of England,2024-04-05 00:00:00
C107422,New,55+,South West,2023-01-19 00:00:00
C107423,Returning,55+,Yorkshire,2025-01-21 00:00:00
C107424,Returning,35-44,South West,2023-07-17 00:00:00
C107425,New,18-24,London,2023-11-10 00:00:00
C107426,Returning,45-54,Scotland,2025-10-05 00:00:00
C107427,New,35-44,West Midlands,2025-08-09 00:00:00
C107428,Returning,25-34,East of England,2023-05-07 00:00:00
C107429,Returning,55+,Yorkshire,2024-11-18 00:00:00
C107430,Returning,25-34,South East,2025-04-02 00:00:00
C107431,Returning,55+,North West,2025-11-11 00:00:00
C107432,Returning,35-44,Scotland,2023-09-22 00:00:00
C107433,New,18-24,London,2023-12-25 00:00:00
C107434,New,45-54,West Midlands,2023-09-18 00:00:00
C107435,Returning,45-54,North West,2024-08-14 00:00:00
C107436,New,35-44,South East,2024-10-25 00:00:00
C107437,New,35-44,South East,2023-07-30 00:00:00
C107438,New,25-34,South West,2023-01-25 00:00:00
C107439,Returning,25-34,East of England,2023-05-30 00:00:00
C107440,Returning,18-24,North West,2023-08-18 00:00:00
C107441,Returning,25-34,Scotland,2024-10-05 00:00:00
C107442,Returning,25-34,London,2023-08-09 00:00:00
C107443,New,35-44,London,2025-06-02 00:00:00
C107444,New,25-34,London,2024-12-07 00:00:00
C107445,Returning,35-44,West Midlands,2023-08-08 00:00:00
C107446,Returning,25-34,North West,2025-12-25 00:00:00
C107447,New,25-34,London,2025-02-12 00:00:00
C107448,Returning,55+,West Midlands,2025-08-15 00:00:00
C107449,Returning,55+,Yorkshire,2025-01-08 00:00:00
C107450,New,45-54,North West,2024-12-27 00:00:00
C107451,New,18-24,North West,2024-06-14 00:00:00
C107452,Returning,45-54,North West,2024-12-22 00:00:00
C107453,Returning,25-34,Scotland,2025-04-23 00:00:00
C107454,Returning,35-44,Yorkshire,2025-12-20 00:00:00
C107455,Returning,55+,East of England,2024-10-15 00:00:00
C107456,Returning,25-34,Scotland,2025-04-09 00:00:00
C107457,Returning,55+,East of England,2025-11-07 00:00:00
C107458,New,45-54,London,2024-11-02 00:00:00
C107459,Returning,25-34,North West,2025-04-20 00:00:00
C107460,Returning,18-24,South East,2023-07-27 00:00:00
C107461,Returning,45-54,London,2025-09-02 00:00:00
C107462,New,35-44,North West,2025-12-12 00:00:00
C107463,Returning,18-24,London,2024-02-02 00:00:00
C107464,Returning,18-24,North West,2025-09-03 00:00:00
C107465,New,55+,South West,2025-06-11 00:00:00
C107466,New,25-34,West Midlands,2023-09-14 00:00:00
C107467,New,55+,Scotland,2025-12-27 00:00:00
C107468,Returning,45-54,South West,2024-10-05 00:00:00
C107469,Returning,25-34,South West,2023-06-29 00:00:00
C107470,New,25-34,London,2023-04-29 00:00:00
C107471,Returning,45-54,Scotland,2024-07-16 00:00:00
C107472,New,35-44,London,2024-07-26 00:00:00
C107473,Returning,18-24,East of England,2025-08-06 00:00:00
C107474,Returning,25-34,London,2024-07-15 00:00:00
C107475,Returning,45-54,London,2024-03-12 00:00:00
C107476,Returning,45-54,South East,2023-12-15 00:00:00
C107477,New,35-44,Yorkshire,2024-07-13 00:00:00
C107478,Returning,25-34,East of England,2023-10-20 00:00:00
C107479,Returning,35-44,Yorkshire,2025-04-02 00:00:00
C107480,Returning,45-54,Yorkshire,2023-05-30 00:00:00
C107481,Returning,18-24,South East,2025-06-26 00:00:00
C107482,Returning,55+,Scotland,2023-08-26 00:00:00
C107483,Returning,45-54,West Midlands,2023-08-08 00:00:00
C107484,New,25-34,East of England,2025-12-07 00:00:00
C107485,Returning,55+,South West,2024-03-06 00:00:00
C107486,New,45-54,South East,2025-01-18 00:00:00
C107487,New,35-44,South East,2024-03-09 00:00:00
C107488,New,25-34,Yorkshire,2025-12-16 00:00:00
C107489,New,55+,Scotland,2023-06-18 00:00:00
C107490,Returning,35-44,Yorkshire,2024-05-27 00:00:00
C107491,Returning,45-54,East of England,2023-04-11 00:00:00
C107492,Returning,25-34,Scotland,2024-09-20 00:00:00
C107493,New,25-34,South East,2025-03-30 00:00:00
C107494,Returning,55+,North West,2024-05-30 00:00:00
C107495,Returning,35-44,North West,2025-07-26 00:00:00
C107496,New,18-24,London,2025-04-25 00:00:00
C107497,Returning,45-54,South West,2025-11-13 00:00:00
C107498,Returning,25-34,South East,2025-12-31 00:00:00
C107499,New,55+,Yorkshire,2025-11-17 00:00:00
C107500,Returning,55+,North West,2024-04-21 00:00:00
C107501,Returning,18-24,East of England,2025-12-30 00:00:00
C107502,New,35-44,North West,2024-12-28 00:00:00
C107503,Returning,55+,North West,2023-04-02 00:00:00
C107504,Returning,55+,London,2023-04-01 00:00:00
C107505,Returning,35-44,South West,2024-03-12 00:00:00
C107506,Returning,45-54,West Midlands,2024-09-04 00:00:00
C107507,Returning,35-44,North West,2023-04-01 00:00:00
C107508,Returning,25-34,East of England,2024-09-26 00:00:00
C107509,Returning,35-44,West Midlands,2025-01-15 00:00:00
C107510,Returning,25-34,South East,2025-02-01 00:00:00
C107511,Returning,25-34,South East,2025-12-05 00:00:00
C107512,New,25-34,North West,2024-02-05 00:00:00
C107513,Returning,45-54,South East,2023-02-10 00:00:00
C107514,Returning,25-34,South East,2025-11-19 00:00:00
C107515,Returning,25-34,London,2024-08-01 00:00:00
C107516,Returning,18-24,West Midlands,2024-11-24 00:00:00
C107517,Returning,25-34,West Midlands,2024-08-09 00:00:00
C107518,New,55+,North West,2024-06-19 00:00:00
C107519,New,35-44,North West,2023-06-29 00:00:00
C107520,New,25-34,North West,2024-09-12 00:00:00
C107521,New,55+,South East,2025-07-05 00:00:00
C107522,Returning,18-24,East of England,2023-05-05 00:00:00
C107523,New,35-44,North West,2024-03-10 00:00:00
C107524,New,45-54,East of England,2025-10-25 00:00:00
C107525,New,45-54,North West,2024-04-07 00:00:00
C107526,Returning,25-34,South East,2023-06-27 00:00:00
C107527,Returning,45-54,Yorkshire,2025-11-24 00:00:00
C107528,Returning,35-44,London,2023-05-31 00:00:00
C107529,New,35-44,Scotland,2023-09-30 00:00:00
C107530,New,25-34,North West,2024-05-26 00:00:00
C107531,New,45-54,London,2024-02-29 00:00:00
C107532,Returning,35-44,West Midlands,2024-04-03 00:00:00
C107533,New,45-54,Yorkshire,2025-04-27 00:00:00
C107534,New,55+,London,2024-09-04 00:00:00
C107535,Returning,45-54,South East,2024-06-11 00:00:00
C107536,Returning,45-54,East of England,2025-02-12 00:00:00
C107537,Returning,25-34,South East,2024-10-25 00:00:00
C107538,New,18-24,London,2024-11-22 00:00:00
C107539,New,35-44,London,2024-06-09 00:00:00
C107540,Returning,18-24,North West,2024-09-01 00:00:00
C107541,Returning,45-54,North West,2023-11-08 00:00:00
C107542,Returning,45-54,Yorkshire,2024-03-31 00:00:00
C107543,Returning,35-44,Scotland,2023-06-28 00:00:00
C107544,Returning,25-34,London,2023-04-01 00:00:00
C107545,New,55+,London,2025-07-24 00:00:00
C107546,Returning,35-44,London,2025-06-06 00:00:00
C107547,New,35-44,West Midlands,2023-10-30 00:00:00
C107548,New,35-44,London,2024-05-22 00:00:00
C107549,New,18-24,West Midlands,2026-01-02 00:00:00
C107550,Returning,45-54,South West,2024-08-07 00:00:00
C107551,Returning,18-24,London,2023-01-12 00:00:00
C107552,New,35-44,East of England,2024-09-27 00:00:00
C107553,New,25-34,East of England,2025-08-28 00:00:00
C107554,Returning,25-34,North West,2023-09-11 00:00:00
C107555,Returning,25-34,East of England,2025-11-08 00:00:00
C107556,New,18-24,Yorkshire,2025-04-19 00:00:00
C107557,New,55+,South East,2023-03-06 00:00:00
C107558,Returning,45-54,North West,2025-12-22 00:00:00
C107559,Returning,18-24,London,2024-11-21 00:00:00
C107560,Returning,18-24,West Midlands,2023-08-26 00:00:00
C107561,New,45-54,South West,2025-05-10 00:00:00
C107562,New,18-24,North West,2025-06-22 00:00:00
C107563,Returning,35-44,South East,2024-11-07 00:00:00
C107564,New,18-24,Yorkshire,2025-11-26 00:00:00
C107565,Returning,35-44,Scotland,2025-08-26 00:00:00
C107566,New,55+,London,2023-12-09 00:00:00
C107567,Returning,25-34,South East,2023-05-26 00:00:00
C107568,Returning,55+,London,2025-06-07 00:00:00
C107569,Returning,45-54,Scotland,2025-11-09 00:00:00
C107570,Returning,55+,North West,2023-11-20 00:00:00
C107571,Returning,45-54,London,2024-08-28 00:00:00
C107572,New,45-54,North West,2024-07-15 00:00:00
C107573,New,35-44,West Midlands,2024-01-14 00:00:00
C107574,New,45-54,London,2024-08-15 00:00:00
C107575,Returning,18-24,East of England,2024-07-31 00:00:00
C107576,Returning,45-54,Yorkshire,2025-12-19 00:00:00
C107577,New,35-44,London,2024-01-09 00:00:00
C107578,New,18-24,Scotland,2023-06-13 00:00:00
C107579,New,25-34,London,2024-05-15 00:00:00
C107580,New,25-34,London,2023-06-05 00:00:00
C107581,Returning,25-34,West Midlands,2023-06-22 00:00:00
C107582,New,25-34,London,2024-11-29 00:00:00
C107583,Returning,25-34,North West,2025-07-18 00:00:00
C107584,Returning,25-34,South East,2023-05-08 00:00:00
C107585,New,35-44,London,2024-03-04 00:00:00
C107586,New,25-34,Scotland,2023-07-21 00:00:00
C107587,Returning,25-34,South East,2024-05-28 00:00:00
C107588,Returning,25-34,West Midlands,2024-10-11 00:00:00
C107589,Returning,35-44,South East,2025-09-27 00:00:00
C107590,New,18-24,East of England,2025-09-10 00:00:00
C107591,Returning,55+,London,2025-09-24 00:00:00
C107592,Returning,25-34,London,2024-04-09 00:00:00
C107593,Returning,25-34,East of England,2025-05-16 00:00:00
C107594,Returning,35-44,London,2023-11-16 00:00:00
C107595,Returning,45-54,East of England,2023-02-03 00:00:00
C107596,New,35-44,North West,2025-10-19 00:00:00
C107597,Returning,25-34,South West,2025-09-24 00:00:00
C107598,Returning,35-44,London,2023-07-19 00:00:00
C107599,Returning,35-44,Scotland,2023-07-27 00:00:00
C107600,Returning,25-34,South East,2025-09-24 00:00:00
C107601,Returning,55+,London,2024-04-27 00:00:00
C107602,Returning,55+,South West,2025-05-18 00:00:00
C107603,Returning,35-44,London,2025-09-20 00:00:00
C107604,Returning,18-24,South East,2024-08-23 00:00:00
C107605,Returning,35-44,North West,2023-04-15 00:00:00
C107606,Returning,55+,London,2024-10-22 00:00:00
C107607,New,55+,London,2023-05-27 00:00:00
C107608,New,25-34,West Midlands,2025-01-26 00:00:00
C107609,Returning,25-34,West Midlands,2024-09-25 00:00:00
C107610,Returning,25-34,North West,2024-04-26 00:00:00
C107611,Returning,45-54,Yorkshire,2024-05-29 00:00:00
C107612,Returning,35-44,South East,2025-11-24 00:00:00
C107613,Returning,25-34,West Midlands,2024-03-04 00:00:00
C107614,Returning,25-34,South East,2025-07-22 00:00:00
C107615,Returning,25-34,South East,2025-06-09 00:00:00
C107616,New,55+,London,2025-12-31 00:00:00
C107617,Returning,25-34,North West,2025-09-11 00:00:00
C107618,Returning,25-34,London,2024-11-14 00:00:00
C107619,Returning,45-54,Yorkshire,2025-12-26 00:00:00
C107620,New,35-44,London,2025-02-09 00:00:00
C107621,Returning,45-54,London,2023-05-16 00:00:00
C107622,New,45-54,South East,2023-04-16 00:00:00
C107623,New,18-24,West Midlands,2025-01-13 00:00:00
C107624,Returning,18-24,Yorkshire,2024-08-05 00:00:00
C107625,New,18-24,Yorkshire,2025-08-16 00:00:00
C107626,Returning,45-54,Scotland,2024-08-14 00:00:00
C107627,Returning,55+,South East,2023-09-22 00:00:00
C107628,New,25-34,London,2025-07-31 00:00:00
C107629,Returning,45-54,East of England,2024-06-12 00:00:00
C107630,Returning,45-54,Yorkshire,2025-11-15 00:00:00
C107631,Returning,55+,London,2023-01-08 00:00:00
C107632,Returning,35-44,London,2023-01-21 00:00:00
C107633,Returning,25-34,West Midlands,2023-05-29 00:00:00
C107634,New,45-54,South East,2025-11-18 00:00:00
C107635,New,45-54,North West,2023-05-19 00:00:00
C107636,Returning,45-54,London,2025-02-22 00:00:00
C107637,Returning,45-54,Scotland,2025-02-17 00:00:00
C107638,Returning,25-34,North West,2025-08-25 00:00:00
C107639,New,45-54,South West,2024-11-15 00:00:00
C107640,New,25-34,London,2023-01-24 00:00:00
C107641,Returning,35-44,North West,2023-02-12 00:00:00
C107642,New,25-34,East of England,2023-01-16 00:00:00
C107643,Returning,25-34,London,2024-10-17 00:00:00
C107644,Returning,18-24,North West,2024-04-18 00:00:00
C107645,New,35-44,South East,2023-03-16 00:00:00
C107646,New,55+,West Midlands,2023-01-23 00:00:00
C107647,Returning,25-34,South West,2023-08-11 00:00:00
C107648,New,25-34,Yorkshire,2024-06-11 00:00:00
C107649,Returning,18-24,South West,2025-09-18 00:00:00
C107650,Returning,25-34,London,2025-06-28 00:00:00
C107651,New,25-34,East of England,2024-05-06 00:00:00
C107652,Returning,35-44,North West,2023-11-12 00:00:00
C107653,New,55+,London,2025-05-09 00:00:00
C107654,New,35-44,East of England,2025-10-27 00:00:00
C107655,Returning,35-44,London,2023-12-12 00:00:00
C107656,Returning,45-54,London,2024-07-01 00:00:00
C107657,Returning,25-34,East of England,2023-05-02 00:00:00
C107658,New,25-34,London,2023-05-23 00:00:00
C107659,Returning,18-24,London,2025-09-04 00:00:00
C107660,Returning,35-44,London,2023-09-06 00:00:00
C107661,Returning,55+,East of England,2023-06-30 00:00:00
C107662,Returning,35-44,London,2023-12-17 00:00:00
C107663,Returning,35-44,South East,2024-01-20 00:00:00
C107664,New,25-34,London,2023-08-13 00:00:00
C107665,Returning,25-34,South East,2025-02-10 00:00:00
C107666,Returning,55+,South East,2024-09-23 00:00:00
C107667,New,25-34,East of England,2024-10-12 00:00:00
C107668,Returning,45-54,South West,2025-12-20 00:00:00
C107669,Returning,18-24,East of England,2025-10-17 00:00:00
C107670,Returning,25-34,Yorkshire,2023-11-07 00:00:00
C107671,New,25-34,South East,2025-12-22 00:00:00
C107672,Returning,55+,London,2025-01-16 00:00:00
C107673,Returning,25-34,North West,2023-06-11 00:00:00
C107674,Returning,45-54,South East,2023-12-18 00:00:00
C107675,Returning,25-34,Yorkshire,2023-09-07 00:00:00
C107676,New,35-44,London,2025-05-29 00:00:00
C107677,Returning,35-44,Yorkshire,2024-12-04 00:00:00
C107678,Returning,35-44,South East,2025-05-06 00:00:00
C107679,Returning,25-34,West Midlands,2023-06-11 00:00:00
C107680,Returning,25-34,Scotland,2024-07-21 00:00:00
C107681,Returning,55+,London,2024-08-19 00:00:00
C107682,Returning,35-44,London,2025-01-18 00:00:00
C107683,Returning,25-34,London,2024-02-15 00:00:00
C107684,New,25-34,South East,2023-03-11 00:00:00
C107685,Returning,18-24,North West,2025-09-03 00:00:00
C107686,Returning,35-44,Scotland,2024-04-13 00:00:00
C107687,Returning,25-34,East of England,2025-10-06 00:00:00
C107688,New,25-34,Yorkshire,2024-03-31 00:00:00
C107689,New,35-44,Yorkshire,2023-10-12 00:00:00
C107690,New,35-44,South East,2024-05-25 00:00:00
C107691,Returning,55+,East of England,2023-04-16 00:00:00
C107692,Returning,45-54,North West,2024-09-06 00:00:00
C107693,New,35-44,London,2025-12-26 00:00:00
C107694,New,45-54,Scotland,2023-10-09 00:00:00
C107695,Returning,25-34,West Midlands,2023-06-14 00:00:00
C107696,New,35-44,London,2023-05-31 00:00:00
C107697,Returning,18-24,Yorkshire,2023-07-10 00:00:00
C107698,New,18-24,London,2024-03-08 00:00:00
C107699,Returning,35-44,London,2023-10-05 00:00:00
C107700,New,25-34,South East,2025-02-24 00:00:00
C107701,Returning,45-54,North West,2024-01-10 00:00:00
C107702,Returning,35-44,South East,2024-02-04 00:00:00
C107703,Returning,18-24,London,2023-06-12 00:00:00
C107704,Returning,25-34,South East,2024-09-22 00:00:00
C107705,Returning,35-44,London,2023-12-21 00:00:00
C107706,New,45-54,North West,2025-02-15 00:00:00
C107707,Returning,45-54,West Midlands,2023-01-25 00:00:00
C107708,New,25-34,London,2024-12-08 00:00:00
C107709,Returning,45-54,South East,2025-05-31 00:00:00
C107710,Returning,25-34,South East,2025-02-21 00:00:00
C107711,Returning,18-24,West Midlands,2023-10-17 00:00:00
C107712,Returning,35-44,South West,2025-02-05 00:00:00
C107713,New,25-34,London,2025-06-18 00:00:00
C107714,New,25-34,London,2024-08-02 00:00:00
C107715,New,25-34,London,2024-12-12 00:00:00
C107716,Returning,45-54,North West,2025-06-16 00:00:00
C107717,Returning,55+,South East,2024-06-12 00:00:00
C107718,Returning,55+,Yorkshire,2023-06-13 00:00:00
C107719,Returning,25-34,Yorkshire,2025-12-05 00:00:00
C107720,New,35-44,London,2023-12-26 00:00:00
C107721,Returning,45-54,West Midlands,2024-03-01 00:00:00
C107722,New,25-34,Scotland,2024-11-05 00:00:00
C107723,Returning,25-34,South East,2023-07-16 00:00:00
C107724,Returning,25-34,North West,2024-01-17 00:00:00
C107725,Returning,35-44,North West,2024-09-27 00:00:00
C107726,New,35-44,South East,2025-03-17 00:00:00
C107727,New,25-34,South West,2023-06-04 00:00:00
C107728,Returning,18-24,London,2025-06-29 00:00:00
C107729,New,45-54,London,2023-11-01 00:00:00
C107730,Returning,35-44,North West,2025-10-01 00:00:00
C107731,Returning,25-34,East of England,2025-09-25 00:00:00
C107732,New,25-34,London,2025-02-21 00:00:00
C107733,New,55+,North West,2025-09-08 00:00:00
C107734,Returning,35-44,London,2023-06-25 00:00:00
C107735,Returning,35-44,North West,2024-05-27 00:00:00
C107736,Returning,35-44,West Midlands,2023-06-05 00:00:00
C107737,Returning,55+,West Midlands,2024-06-10 00:00:00
C107738,New,25-34,Scotland,2024-10-02 00:00:00
C107739,Returning,25-34,Yorkshire,2024-09-15 00:00:00
C107740,Returning,25-34,London,2023-03-25 00:00:00
C107741,Returning,45-54,Scotland,2023-04-03 00:00:00
C107742,Returning,25-34,South East,2026-01-02 00:00:00
C107743,Returning,25-34,Yorkshire,2023-10-06 00:00:00
C107744,Returning,25-34,Yorkshire,2024-06-28 00:00:00
C107745,Returning,35-44,East of England,2024-09-29 00:00:00
C107746,Returning,35-44,West Midlands,2023-06-25 00:00:00
C107747,Returning,25-34,Yorkshire,2023-12-20 00:00:00
C107748,New,25-34,North West,2024-10-23 00:00:00
C107749,Returning,45-54,West Midlands,2023-08-23 00:00:00
C107750,Returning,18-24,East of England,2025-05-21 00:00:00
C107751,New,45-54,South East,2024-12-13 00:00:00
C107752,Returning,25-34,London,2025-12-23 00:00:00
C107753,Returning,55+,North West,2024-09-15 00:00:00
C107754,Returning,25-34,London,2025-05-30 00:00:00
C107755,Returning,35-44,South West,2023-12-26 00:00:00
C107756,New,25-34,South East,2025-02-02 00:00:00
C107757,New,25-34,West Midlands,2025-10-28 00:00:00
C107758,New,45-54,Yorkshire,2025-06-23 00:00:00
C107759,Returning,35-44,East of England,2025-05-05 00:00:00
C107760,New,45-54,Yorkshire,2024-05-10 00:00:00
C107761,Returning,35-44,London,2024-10-17 00:00:00
C107762,New,35-44,South East,2024-10-13 00:00:00
C107763,New,45-54,South West,2023-08-19 00:00:00
C107764,Returning,25-34,East of England,2023-10-17 00:00:00
C107765,New,55+,North West,2024-12-13 00:00:00
C107766,Returning,25-34,North West,2024-12-01 00:00:00
C107767,New,25-34,South East,2025-01-26 00:00:00
C107768,Returning,45-54,West Midlands,2024-10-26 00:00:00
C107769,Returning,18-24,West Midlands,2024-10-01 00:00:00
C107770,New,25-34,London,2024-07-25 00:00:00
C107771,New,18-24,London,2024-12-02 00:00:00
C107772,New,35-44,North West,2024-02-03 00:00:00
C107773,Returning,35-44,West Midlands,2023-06-28 00:00:00
C107774,Returning,18-24,South East,2025-01-14 00:00:00
C107775,Returning,25-34,East of England,2024-01-04 00:00:00
C107776,New,25-34,London,2025-04-13 00:00:00
C107777,Returning,25-34,Yorkshire,2025-09-06 00:00:00
C107778,New,18-24,South West,2024-03-06 00:00:00
C107779,Returning,25-34,East of England,2023-05-31 00:00:00
C107780,Returning,45-54,East of England,2023-01-02 00:00:00
C107781,New,45-54,South West,2024-10-10 00:00:00
C107782,Returning,25-34,West Midlands,2025-08-28 00:00:00
C107783,New,25-34,North West,2025-09-14 00:00:00
C107784,New,18-24,East of England,2025-09-15 00:00:00
C107785,Returning,25-34,West Midlands,2023-01-16 00:00:00
C107786,Returning,25-34,Yorkshire,2023-03-01 00:00:00
C107787,Returning,55+,London,2025-11-29 00:00:00
C107788,Returning,45-54,North West,2025-01-11 00:00:00
C107789,New,35-44,London,2025-08-29 00:00:00
C107790,Returning,25-34,Yorkshire,2025-12-14 00:00:00
C107791,Returning,35-44,South East,2025-02-25 00:00:00
C107792,New,55+,London,2024-03-17 00:00:00
C107793,Returning,18-24,South East,2025-02-19 00:00:00
C107794,Returning,45-54,Yorkshire,2024-11-20 00:00:00
C107795,Returning,25-34,East of England,2025-08-12 00:00:00
C107796,New,45-54,London,2025-08-05 00:00:00
C107797,Returning,25-34,London,2023-07-08 00:00:00
C107798,New,35-44,Yorkshire,2025-08-26 00:00:00
C107799,New,25-34,North West,2025-02-08 00:00:00
C107800,New,35-44,South East,2025-03-19 00:00:00
C107801,Returning,35-44,Yorkshire,2024-01-13 00:00:00
C107802,New,35-44,East of England,2024-06-18 00:00:00
C107803,Returning,45-54,South East,2025-08-21 00:00:00
C107804,New,18-24,West Midlands,2023-06-02 00:00:00
C107805,Returning,45-54,London,2024-08-09 00:00:00
C107806,Returning,25-34,Scotland,2025-11-29 00:00:00
C107807,New,35-44,South West,2025-04-22 00:00:00
C107808,Returning,25-34,West Midlands,2023-06-13 00:00:00
C107809,New,35-44,Scotland,2023-07-03 00:00:00
C107810,New,25-34,London,2024-07-08 00:00:00
C107811,Returning,55+,South West,2023-09-24 00:00:00
C107812,Returning,35-44,South West,2025-08-27 00:00:00
C107813,New,18-24,East of England,2025-07-10 00:00:00
C107814,Returning,45-54,Yorkshire,2025-11-15 00:00:00
C107815,New,25-34,London,2024-03-10 00:00:00
C107816,Returning,25-34,London,2023-11-11 00:00:00
C107817,Returning,25-34,London,2024-08-03 00:00:00
C107818,Returning,45-54,East of England,2023-05-07 00:00:00
C107819,Returning,55+,West Midlands,2025-03-09 00:00:00
C107820,Returning,55+,North West,2025-08-14 00:00:00
C107821,Returning,25-34,London,2023-07-06 00:00:00
C107822,New,18-24,West Midlands,2023-08-06 00:00:00
C107823,New,45-54,West Midlands,2023-11-29 00:00:00
C107824,Returning,25-34,North West,2025-05-30 00:00:00
C107825,New,35-44,South East,2023-12-25 00:00:00
C107826,Returning,55+,London,2025-03-13 00:00:00
C107827,New,25-34,London,2025-10-05 00:00:00
C107828,Returning,25-34,Scotland,2024-04-27 00:00:00
C107829,New,45-54,North West,2023-06-01 00:00:00
C107830,Returning,35-44,Yorkshire,2025-10-04 00:00:00
C107831,Returning,55+,East of England,2024-02-13 00:00:00
C107832,New,35-44,North West,2024-10-20 00:00:00
C107833,Returning,25-34,North West,2025-11-21 00:00:00
C107834,Returning,45-54,North West,2025-09-14 00:00:00
C107835,New,45-54,London,2025-07-07 00:00:00
C107836,New,55+,South East,2024-01-24 00:00:00
C107837,Returning,35-44,East of England,2025-01-07 00:00:00
C107838,Returning,35-44,West Midlands,2024-01-03 00:00:00
C107839,New,25-34,London,2024-08-26 00:00:00
C107840,Returning,25-34,South West,2024-01-07 00:00:00
C107841,New,55+,London,2025-07-11 00:00:00
C107842,New,55+,North West,2025-04-06 00:00:00
C107843,Returning,35-44,Yorkshire,2025-11-07 00:00:00
C107844,New,55+,South East,2023-10-20 00:00:00
C107845,New,25-34,London,2025-10-13 00:00:00
C107846,Returning,45-54,West Midlands,2023-09-30 00:00:00
C107847,New,35-44,South West,2024-12-04 00:00:00
C107848,New,45-54,East of England,2023-07-11 00:00:00
C107849,Returning,45-54,South West,2025-03-11 00:00:00
C107850,Returning,35-44,London,2025-05-02 00:00:00
C107851,Returning,45-54,London,2025-05-02 00:00:00
C107852,Returning,25-34,North West,2023-11-02 00:00:00
C107853,Returning,45-54,Yorkshire,2025-06-09 00:00:00
C107854,New,25-34,London,2023-06-24 00:00:00
C107855,Returning,25-34,London,2025-03-17 00:00:00
C107856,New,45-54,London,2024-06-01 00:00:00
C107857,New,45-54,South East,2023-07-17 00:00:00
C107858,Returning,55+,Yorkshire,2025-12-07 00:00:00
C107859,Returning,25-34,Scotland,2025-04-15 00:00:00
C107860,Returning,18-24,London,2023-06-10 00:00:00
C107861,New,35-44,West Midlands,2024-03-05 00:00:00
C107862,New,55+,South East,2025-03-22 00:00:00
C107863,Returning,55+,West Midlands,2023-08-08 00:00:00
C107864,Returning,45-54,London,2024-06-04 00:00:00
C107865,Returning,35-44,South East,2023-04-23 00:00:00
C107866,New,45-54,South East,2023-01-25 00:00:00
C107867,New,25-34,Yorkshire,2023-09-22 00:00:00
C107868,Returning,55+,Yorkshire,2025-02-21 00:00:00
C107869,Returning,35-44,North West,2024-07-12 00:00:00
C107870,New,25-34,North West,2023-12-06 00:00:00
C107871,New,35-44,South East,2023-09-29 00:00:00
C107872,New,45-54,South East,2025-06-03 00:00:00
C107873,New,25-34,London,2025-01-02 00:00:00
C107874,Returning,18-24,London,2025-08-07 00:00:00
C107875,New,45-54,London,2025-11-26 00:00:00
C107876,Returning,55+,Scotland,2024-11-26 00:00:00
C107877,Returning,35-44,Scotland,2023-02-18 00:00:00
C107878,Returning,25-34,South West,2025-10-28 00:00:00
C107879,Returning,35-44,North West,2023-05-24 00:00:00
C107880,New,18-24,Yorkshire,2025-02-18 00:00:00
C107881,New,25-34,North West,2023-09-30 00:00:00
C107882,New,18-24,Yorkshire,2025-04-23 00:00:00
C107883,Returning,35-44,London,2025-06-03 00:00:00
C107884,New,25-34,Scotland,2025-05-22 00:00:00
C107885,New,18-24,South West,2023-10-26 00:00:00
C107886,New,25-34,London,2024-12-06 00:00:00
C107887,New,35-44,North West,2023-07-30 00:00:00
C107888,Returning,25-34,South West,2025-09-02 00:00:00
C107889,Returning,25-34,East of England,2023-06-18 00:00:00
C107890,Returning,35-44,South East,2025-07-14 00:00:00
C107891,Returning,45-54,West Midlands,2023-06-14 00:00:00
C107892,New,45-54,South East,2023-11-14 00:00:00
C107893,New,35-44,South East,2025-03-02 00:00:00
C107894,Returning,45-54,London,2025-11-20 00:00:00
C107895,Returning,45-54,London,2025-02-17 00:00:00
C107896,Returning,35-44,West Midlands,2024-01-13 00:00:00
C107897,New,35-44,West Midlands,2023-12-09 00:00:00
C107898,Returning,18-24,South West,2024-11-24 00:00:00
C107899,New,25-34,North West,2024-05-09 00:00:00
C107900,New,25-34,South East,2023-08-16 00:00:00
C107901,Returning,25-34,West Midlands,2024-11-22 00:00:00
C107902,Returning,55+,South West,2024-04-22 00:00:00
C107903,Returning,25-34,West Midlands,2025-12-08 00:00:00
C107904,Returning,35-44,North West,2023-02-02 00:00:00
C107905,New,55+,London,2025-03-28 00:00:00
C107906,Returning,35-44,London,2025-05-27 00:00:00
C107907,Returning,25-34,East of England,2025-06-02 00:00:00
C107908,Returning,55+,South East,2025-02-09 00:00:00
C107909,New,25-34,South East,2025-12-11 00:00:00
C107910,Returning,18-24,London,2023-12-07 00:00:00
C107911,New,35-44,North West,2024-02-24 00:00:00
C107912,Returning,25-34,Yorkshire,2025-10-24 00:00:00
C107913,Returning,45-54,Yorkshire,2023-03-18 00:00:00
C107914,Returning,25-34,East of England,2025-06-28 00:00:00
C107915,Returning,45-54,South East,2025-04-01 00:00:00
C107916,Returning,18-24,South East,2024-10-09 00:00:00
C107917,New,55+,Scotland,2023-05-14 00:00:00
C107918,Returning,18-24,West Midlands,2024-11-03 00:00:00
C107919,Returning,55+,East of England,2024-04-27 00:00:00
C107920,Returning,18-24,North West,2023-04-07 00:00:00
C107921,Returning,55+,London,2025-03-23 00:00:00
C107922,Returning,45-54,Scotland,2025-06-12 00:00:00
C107923,Returning,35-44,South East,2024-09-06 00:00:00
C107924,Returning,18-24,Yorkshire,2023-06-29 00:00:00
C107925,New,35-44,South East,2024-02-08 00:00:00
C107926,New,35-44,North West,2024-08-17 00:00:00
C107927,Returning,35-44,North West,2024-07-19 00:00:00
C107928,New,35-44,South East,2024-10-12 00:00:00
C107929,Returning,55+,Scotland,2023-09-27 00:00:00
C107930,New,55+,London,2025-05-25 00:00:00
C107931,Returning,35-44,West Midlands,2023-03-23 00:00:00
C107932,New,18-24,London,2025-12-21 00:00:00
C107933,New,25-34,Yorkshire,2024-03-29 00:00:00
C107934,Returning,45-54,West Midlands,2025-06-30 00:00:00
C107935,New,55+,North West,2023-03-06 00:00:00
C107936,New,35-44,Yorkshire,2025-01-06 00:00:00
C107937,New,18-24,South West,2025-12-13 00:00:00
C107938,New,25-34,Scotland,2025-11-22 00:00:00
C107939,Returning,25-34,East of England,2024-05-07 00:00:00
C107940,New,55+,South East,2024-02-16 00:00:00
C107941,New,45-54,Yorkshire,2025-08-28 00:00:00
C107942,Returning,18-24,London,2024-12-02 00:00:00
C107943,Returning,25-34,London,2025-11-12 00:00:00
C107944,Returning,18-24,West Midlands,2023-09-15 00:00:00
C107945,New,35-44,West Midlands,2024-05-09 00:00:00
C107946,Returning,35-44,West Midlands,2023-12-11 00:00:00
C107947,Returning,18-24,West Midlands,2024-04-07 00:00:00
C107948,New,25-34,Yorkshire,2025-08-18 00:00:00
C107949,Returning,55+,Scotland,2025-09-09 00:00:00
C107950,Returning,45-54,London,2024-10-16 00:00:00
C107951,Returning,35-44,South East,2023-02-08 00:00:00
C107952,Returning,35-44,London,2024-04-30 00:00:00
C107953,New,55+,London,2024-06-19 00:00:00
C107954,Returning,45-54,Scotland,2025-02-24 00:00:00
C107955,Returning,55+,London,2023-10-23 00:00:00
C107956,New,18-24,London,2024-09-28 00:00:00
C107957,New,25-34,West Midlands,2025-04-08 00:00:00
C107958,New,18-24,South East,2024-09-18 00:00:00
C107959,Returning,45-54,North West,2025-07-09 00:00:00
C107960,New,45-54,Scotland,2023-10-05 00:00:00
C107961,New,25-34,Yorkshire,2024-11-13 00:00:00
C107962,Returning,55+,West Midlands,2024-05-16 00:00:00
C107963,Returning,55+,Yorkshire,2024-03-23 00:00:00
C107964,New,25-34,East of England,2024-04-11 00:00:00
C107965,Returning,35-44,London,2024-09-02 00:00:00
C107966,Returning,35-44,Yorkshire,2024-07-18 00:00:00
C107967,Returning,18-24,North West,2024-09-23 00:00:00
C107968,New,45-54,Yorkshire,2025-11-22 00:00:00
C107969,New,25-34,London,2024-11-29 00:00:00
C107970,Returning,55+,Yorkshire,2024-08-24 00:00:00
C107971,New,45-54,South West,2025-10-11 00:00:00
C107972,Returning,55+,Yorkshire,2023-09-19 00:00:00
C107973,New,45-54,London,2023-10-02 00:00:00
C107974,Returning,25-34,London,2023-05-09 00:00:00
C107975,Returning,25-34,Yorkshire,2023-08-10 00:00:00
C107976,Returning,45-54,Yorkshire,2023-03-27 00:00:00
C107977,Returning,25-34,Scotland,2023-07-29 00:00:00
C107978,Returning,45-54,West Midlands,2024-12-22 00:00:00
C107979,Returning,25-34,London,2025-02-05 00:00:00
C107980,Returning,25-34,South West,2024-12-13 00:00:00
C107981,Returning,35-44,South West,2025-09-22 00:00:00
C107982,Returning,45-54,North West,2025-08-01 00:00:00
C107983,Returning,35-44,South West,2023-12-26 00:00:00
C107984,Returning,35-44,South East,2023-07-28 00:00:00
C107985,New,35-44,London,2024-04-07 00:00:00
C107986,Returning,45-54,London,2025-10-17 00:00:00
C107987,Returning,35-44,South East,2025-12-01 00:00:00
C107988,Returning,35-44,Yorkshire,2023-08-14 00:00:00
C107989,Returning,35-44,South East,2023-06-09 00:00:00
C107990,Returning,35-44,East of England,2025-03-22 00:00:00
C107991,Returning,18-24,South East,2025-08-25 00:00:00
C107992,New,35-44,Yorkshire,2025-11-11 00:00:00
C107993,Returning,25-34,North West,2025-11-21 00:00:00
C107994,New,45-54,London,2023-11-08 00:00:00
C107995,New,45-54,North West,2025-05-29 00:00:00
C107996,New,35-44,Scotland,2025-01-11 00:00:00
C107997,Returning,45-54,Scotland,2024-01-06 00:00:00
C107998,New,35-44,South East,2023-01-18 00:00:00
C107999,Returning,25-34,North West,2024-12-19 00:00:00
C108000,Returning,45-54,London,2024-02-02 00:00:00
C108001,Returning,55+,West Midlands,2023-11-17 00:00:00
C108002,New,18-24,South East,2023-01-11 00:00:00
C108003,New,25-34,East of England,2023-05-13 00:00:00
C108004,Returning,35-44,North West,2023-07-29 00:00:00
C108005,Returning,25-34,London,2023-04-29 00:00:00
C108006,Returning,35-44,Scotland,2025-11-10 00:00:00
C108007,Returning,35-44,Yorkshire,2023-01-11 00:00:00
C108008,Returning,45-54,London,2024-03-03 00:00:00
C108009,Returning,18-24,South West,2025-12-12 00:00:00
C108010,Returning,35-44,North West,2023-05-10 00:00:00
C108011,Returning,45-54,West Midlands,2024-12-21 00:00:00
C108012,Returning,25-34,London,2023-10-03 00:00:00
C108013,New,35-44,South East,2023-12-20 00:00:00
C108014,New,18-24,London,2024-05-03 00:00:00
C108015,New,25-34,South West,2024-09-28 00:00:00
C108016,Returning,35-44,South East,2025-04-16 00:00:00
C108017,Returning,25-34,West Midlands,2024-11-11 00:00:00
C108018,New,45-54,Scotland,2023-01-23 00:00:00
C108019,Returning,35-44,Scotland,2023-07-21 00:00:00
C108020,New,55+,South West,2024-11-21 00:00:00
C108021,New,45-54,South West,2023-11-14 00:00:00
C108022,Returning,25-34,Scotland,2023-03-07 00:00:00
C108023,Returning,18-24,South West,2024-08-25 00:00:00
C108024,New,45-54,West Midlands,2023-12-15 00:00:00
C108025,Returning,25-34,London,2025-07-12 00:00:00
C108026,Returning,25-34,London,2025-09-05 00:00:00
C108027,Returning,25-34,West Midlands,2023-05-23 00:00:00
C108028,Returning,45-54,South East,2025-05-04 00:00:00
C108029,Returning,25-34,South East,2025-08-02 00:00:00
C108030,Returning,25-34,London,2024-12-05 00:00:00
C108031,New,35-44,North West,2024-10-31 00:00:00
C108032,Returning,45-54,South East,2024-05-25 00:00:00
C108033,New,25-34,South East,2024-06-22 00:00:00
C108034,New,45-54,North West,2023-03-28 00:00:00
C108035,Returning,35-44,South East,2023-06-08 00:00:00
C108036,Returning,25-34,West Midlands,2025-01-22 00:00:00
C108037,Returning,25-34,South East,2024-08-27 00:00:00
C108038,New,25-34,Yorkshire,2023-07-11 00:00:00
C108039,Returning,25-34,East of England,2024-01-24 00:00:00
C108040,New,55+,London,2024-12-11 00:00:00
C108041,Returning,18-24,South West,2023-07-27 00:00:00
C108042,Returning,55+,East of England,2023-08-20 00:00:00
C108043,Returning,18-24,Scotland,2025-08-25 00:00:00
C108044,Returning,25-34,South West,2024-05-18 00:00:00
C108045,New,35-44,North West,2024-05-21 00:00:00
C108046,Returning,45-54,London,2023-03-22 00:00:00
C108047,Returning,25-34,London,2023-03-29 00:00:00
C108048,Returning,25-34,London,2024-12-15 00:00:00
C108049,Returning,35-44,West Midlands,2023-11-29 00:00:00
C108050,Returning,25-34,Scotland,2023-11-04 00:00:00
C108051,Returning,35-44,London,2023-07-19 00:00:00
C108052,Returning,45-54,North West,2025-04-08 00:00:00
C108053,Returning,18-24,Scotland,2025-10-30 00:00:00
C108054,Returning,45-54,London,2023-10-14 00:00:00
C108055,Returning,18-24,London,2023-09-25 00:00:00
C108056,Returning,55+,South East,2025-05-07 00:00:00
C108057,New,55+,London,2024-07-11 00:00:00
C108058,Returning,35-44,West Midlands,2025-05-23 00:00:00
C108059,Returning,55+,West Midlands,2025-03-31 00:00:00
C108060,Returning,45-54,North West,2025-05-25 00:00:00
C108061,New,18-24,London,2023-06-24 00:00:00
C108062,Returning,18-24,Yorkshire,2024-08-11 00:00:00
C108063,Returning,18-24,London,2024-04-26 00:00:00
C108064,Returning,35-44,West Midlands,2025-08-11 00:00:00
C108065,New,35-44,London,2024-12-19 00:00:00
C108066,New,35-44,South West,2025-03-30 00:00:00
C108067,Returning,35-44,North West,2025-08-28 00:00:00
C108068,New,35-44,London,2025-01-29 00:00:00
C108069,Returning,18-24,North West,2024-12-20 00:00:00
C108070,Returning,25-34,West Midlands,2024-08-05 00:00:00
C108071,Returning,55+,South West,2023-03-30 00:00:00
C108072,New,25-34,Scotland,2025-03-03 00:00:00
C108073,Returning,25-34,London,2023-12-20 00:00:00
C108074,Returning,25-34,West Midlands,2023-05-16 00:00:00
C108075,Returning,55+,South East,2024-01-22 00:00:00
C108076,New,25-34,South West,2024-01-17 00:00:00
C108077,New,35-44,London,2024-03-03 00:00:00
C108078,Returning,18-24,North West,2023-11-05 00:00:00
C108079,Returning,18-24,East of England,2025-11-01 00:00:00
C108080,New,45-54,South East,2025-08-29 00:00:00
C108081,Returning,35-44,East of England,2023-02-09 00:00:00
C108082,New,45-54,London,2024-06-30 00:00:00
C108083,Returning,25-34,East of England,2023-11-29 00:00:00
C108084,New,55+,South West,2025-07-22 00:00:00
C108085,Returning,35-44,West Midlands,2024-06-25 00:00:00
C108086,Returning,55+,London,2024-11-28 00:00:00
C108087,New,25-34,North West,2023-04-06 00:00:00
C108088,Returning,25-34,Yorkshire,2025-02-23 00:00:00
C108089,New,25-34,London,2024-06-15 00:00:00
C108090,New,45-54,Scotland,2025-08-20 00:00:00
C108091,New,45-54,South West,2023-04-28 00:00:00
C108092,New,35-44,Scotland,2023-11-30 00:00:00
C108093,Returning,18-24,South East,2025-07-10 00:00:00
C108094,New,25-34,West Midlands,2023-09-15 00:00:00
C108095,Returning,18-24,South East,2023-10-25 00:00:00
C108096,New,45-54,South East,2023-11-29 00:00:00
C108097,Returning,25-34,London,2024-07-29 00:00:00
C108098,Returning,18-24,London,2023-03-02 00:00:00
C108099,Returning,25-34,Yorkshire,2024-11-11 00:00:00
C108100,New,18-24,London,2025-06-09 00:00:00
C108101,New,55+,London,2023-12-03 00:00:00
C108102,Returning,25-34,North West,2023-07-08 00:00:00
C108103,Returning,55+,Yorkshire,2024-01-22 00:00:00
C108104,Returning,45-54,South West,2024-12-10 00:00:00
C108105,New,35-44,North West,2024-07-15 00:00:00
C108106,New,35-44,London,2024-10-26 00:00:00
C108107,Returning,45-54,North West,2025-06-04 00:00:00
C108108,Returning,45-54,North West,2025-11-08 00:00:00
C108109,Returning,18-24,South East,2024-05-12 00:00:00
C108110,New,55+,London,2025-04-16 00:00:00
C108111,New,25-34,East of England,2024-06-23 00:00:00
C108112,Returning,25-34,London,2023-06-02 00:00:00
C108113,Returning,25-34,South East,2024-10-17 00:00:00
C108114,New,45-54,London,2025-11-14 00:00:00
C108115,Returning,25-34,East of England,2024-04-12 00:00:00
C108116,Returning,25-34,West Midlands,2024-08-17 00:00:00
C108117,New,18-24,Scotland,2025-03-09 00:00:00
C108118,Returning,25-34,South West,2025-07-01 00:00:00
C108119,Returning,25-34,South West,2023-01-06 00:00:00
C108120,New,45-54,London,2023-03-04 00:00:00
C108121,Returning,25-34,South East,2024-06-15 00:00:00
C108122,Returning,55+,South West,2023-05-04 00:00:00
C108123,New,45-54,Scotland,2025-10-12 00:00:00
C108124,Returning,45-54,East of England,2025-02-14 00:00:00
C108125,New,55+,Scotland,2024-11-08 00:00:00
C108126,Returning,25-34,Yorkshire,2024-10-04 00:00:00
C108127,Returning,35-44,West Midlands,2024-06-19 00:00:00
C108128,Returning,18-24,North West,2023-02-24 00:00:00
C108129,Returning,18-24,West Midlands,2025-04-29 00:00:00
C108130,Returning,25-34,London,2024-06-10 00:00:00
C108131,Returning,45-54,South East,2024-03-08 00:00:00
C108132,Returning,45-54,London,2024-04-25 00:00:00
C108133,Returning,25-34,London,2024-05-28 00:00:00
C108134,New,45-54,South East,2025-11-01 00:00:00
C108135,Returning,25-34,Yorkshire,2023-08-03 00:00:00
C108136,Returning,18-24,North West,2023-07-14 00:00:00
C108137,New,18-24,North West,2023-05-17 00:00:00
C108138,Returning,35-44,South West,2024-11-13 00:00:00
C108139,New,35-44,West Midlands,2023-01-29 00:00:00
C108140,New,25-34,West Midlands,2025-05-21 00:00:00
C108141,New,18-24,North West,2025-03-15 00:00:00
C108142,New,35-44,London,2025-02-18 00:00:00
C108143,New,45-54,North West,2024-05-30 00:00:00
C108144,Returning,18-24,South West,2024-03-27 00:00:00
C108145,Returning,45-54,South East,2025-10-30 00:00:00
C108146,New,35-44,East of England,2025-07-02 00:00:00
C108147,New,35-44,South East,2023-07-14 00:00:00
C108148,Returning,18-24,North West,2023-10-12 00:00:00
C108149,New,55+,East of England,2023-09-26 00:00:00
C108150,Returning,35-44,Yorkshire,2024-06-04 00:00:00
C108151,Returning,25-34,North West,2024-12-03 00:00:00
C108152,Returning,45-54,North West,2023-09-01 00:00:00
C108153,Returning,45-54,London,2023-03-02 00:00:00
C108154,Returning,45-54,Yorkshire,2024-02-28 00:00:00
C108155,Returning,45-54,North West,2024-07-07 00:00:00
C108156,Returning,25-34,London,2025-01-09 00:00:00
C108157,New,45-54,London,2023-05-16 00:00:00
C108158,New,25-34,Scotland,2025-01-28 00:00:00
C108159,New,45-54,London,2023-06-27 00:00:00
C108160,Returning,25-34,East of England,2023-11-19 00:00:00
C108161,Returning,18-24,South East,2024-07-17 00:00:00
C108162,New,25-34,West Midlands,2023-04-26 00:00:00
C108163,New,45-54,North West,2024-09-17 00:00:00
C108164,Returning,35-44,North West,2023-02-12 00:00:00
C108165,Returning,45-54,West Midlands,2023-08-22 00:00:00
C108166,Returning,18-24,South East,2024-09-14 00:00:00
C108167,Returning,25-34,West Midlands,2023-10-26 00:00:00
C108168,New,35-44,Yorkshire,2024-04-20 00:00:00
C108169,Returning,25-34,West Midlands,2023-11-09 00:00:00
C108170,Returning,45-54,North West,2024-07-04 00:00:00
C108171,Returning,55+,South East,2023-06-05 00:00:00
C108172,Returning,35-44,South East,2023-06-21 00:00:00
C108173,Returning,25-34,South East,2025-11-28 00:00:00
C108174,New,35-44,London,2024-01-01 00:00:00
C108175,Returning,55+,South West,2025-01-31 00:00:00
C108176,Returning,35-44,Scotland,2023-01-10 00:00:00
C108177,Returning,45-54,London,2023-05-02 00:00:00
C108178,Returning,25-34,London,2025-05-16 00:00:00
C108179,Returning,45-54,Scotland,2024-01-28 00:00:00
C108180,New,25-34,South East,2023-11-27 00:00:00
C108181,Returning,45-54,South East,2023-07-09 00:00:00
C108182,Returning,55+,Yorkshire,2023-10-21 00:00:00
C108183,New,55+,South East,2023-09-15 00:00:00
C108184,Returning,18-24,West Midlands,2025-05-27 00:00:00
C108185,Returning,45-54,East of England,2025-10-30 00:00:00
C108186,New,18-24,North West,2023-02-08 00:00:00
C108187,Returning,35-44,Yorkshire,2023-05-31 00:00:00
C108188,Returning,45-54,London,2024-11-21 00:00:00
C108189,Returning,35-44,South East,2025-08-25 00:00:00
C108190,Returning,25-34,East of England,2023-12-15 00:00:00
C108191,Returning,45-54,East of England,2025-07-15 00:00:00
C108192,New,35-44,South West,2023-01-05 00:00:00
C108193,Returning,35-44,London,2025-03-29 00:00:00
C108194,Returning,35-44,South West,2025-11-03 00:00:00
C108195,Returning,45-54,London,2024-06-30 00:00:00
C108196,Returning,25-34,North West,2024-10-04 00:00:00
C108197,New,18-24,Yorkshire,2023-10-12 00:00:00
C108198,Returning,35-44,West Midlands,2025-05-13 00:00:00
C108199,New,45-54,West Midlands,2025-07-03 00:00:00
C108200,New,25-34,South West,2025-07-05 00:00:00
C108201,Returning,25-34,East of England,2025-07-06 00:00:00
C108202,New,55+,London,2023-03-27 00:00:00
C108203,Returning,45-54,London,2024-07-31 00:00:00
C108204,New,35-44,North West,2024-07-14 00:00:00
C108205,New,45-54,London,2023-02-22 00:00:00
C108206,Returning,55+,London,2025-05-31 00:00:00
C108207,New,35-44,London,2023-08-01 00:00:00
C108208,Returning,25-34,London,2024-04-12 00:00:00
C108209,Returning,35-44,West Midlands,2023-03-03 00:00:00
C108210,Returning,55+,Scotland,2025-05-18 00:00:00
C108211,Returning,45-54,South West,2023-07-17 00:00:00
C108212,Returning,18-24,North West,2024-07-22 00:00:00
C108213,Returning,55+,London,2024-07-13 00:00:00
C108214,New,45-54,Yorkshire,2023-04-16 00:00:00
C108215,New,25-34,West Midlands,2025-07-28 00:00:00
C108216,Returning,55+,South West,2023-01-08 00:00:00
C108217,Returning,45-54,West Midlands,2024-12-19 00:00:00
C108218,Returning,45-54,Yorkshire,2023-07-09 00:00:00
C108219,Returning,55+,London,2024-10-22 00:00:00
C108220,New,18-24,East of England,2023-09-06 00:00:00
C108221,Returning,45-54,South West,2025-04-02 00:00:00
C108222,New,25-34,South East,2024-09-12 00:00:00
C108223,Returning,45-54,Scotland,2024-12-04 00:00:00
C108224,New,55+,London,2025-12-21 00:00:00
C108225,New,45-54,London,2024-05-02 00:00:00
C108226,Returning,45-54,South West,2025-04-14 00:00:00
C108227,New,45-54,North West,2025-06-15 00:00:00
C108228,Returning,25-34,London,2023-12-24 00:00:00
C108229,Returning,25-34,London,2023-12-08 00:00:00
C108230,New,18-24,London,2025-02-15 00:00:00
C108231,New,45-54,London,2025-10-17 00:00:00
C108232,Returning,35-44,West Midlands,2023-01-17 00:00:00
C108233,Returning,35-44,London,2023-05-08 00:00:00
C108234,Returning,25-34,North West,2023-07-05 00:00:00
C108235,New,35-44,North West,2024-12-02 00:00:00
C108236,Returning,35-44,Yorkshire,2024-04-07 00:00:00
C108237,Returning,55+,Scotland,2024-07-04 00:00:00
C108238,Returning,45-54,London,2023-12-15 00:00:00
C108239,New,35-44,London,2024-04-13 00:00:00
C108240,New,45-54,London,2025-05-02 00:00:00
C108241,Returning,25-34,South East,2024-04-17 00:00:00
C108242,Returning,18-24,North West,2024-03-08 00:00:00
C108243,New,35-44,London,2023-02-16 00:00:00
C108244,Returning,45-54,Yorkshire,2024-02-21 00:00:00
C108245,New,18-24,Scotland,2025-04-06 00:00:00
C108246,New,25-34,South East,2023-05-31 00:00:00
C108247,New,35-44,London,2024-01-23 00:00:00
C108248,Returning,18-24,South West,2023-11-10 00:00:00
C108249,New,25-34,South West,2024-06-08 00:00:00
C108250,Returning,35-44,London,2025-06-22 00:00:00
C108251,New,55+,North West,2025-07-21 00:00:00
C108252,Returning,25-34,South East,2024-02-27 00:00:00
C108253,Returning,25-34,North West,2024-09-26 00:00:00
C108254,Returning,18-24,Yorkshire,2025-06-18 00:00:00
C108255,New,25-34,London,2025-07-25 00:00:00
C108256,Returning,45-54,South East,2024-10-24 00:00:00
C108257,New,35-44,North West,2023-05-31 00:00:00
C108258,Returning,25-34,North West,2024-02-19 00:00:00
C108259,Returning,55+,East of England,2023-11-06 00:00:00
C108260,New,45-54,North West,2025-01-18 00:00:00
C108261,New,18-24,South West,2023-09-08 00:00:00
C108262,Returning,25-34,Yorkshire,2023-02-07 00:00:00
C108263,Returning,45-54,Yorkshire,2025-09-01 00:00:00
C108264,Returning,45-54,London,2023-05-02 00:00:00
C108265,Returning,55+,South East,2025-05-09 00:00:00
C108266,Returning,18-24,North West,2025-11-16 00:00:00
C108267,New,45-54,London,2025-07-06 00:00:00
C108268,Returning,18-24,London,2024-06-21 00:00:00
C108269,New,25-34,London,2024-09-17 00:00:00
C108270,Returning,45-54,East of England,2025-02-28 00:00:00
C108271,New,45-54,Yorkshire,2023-08-31 00:00:00
C108272,Returning,18-24,East of England,2024-04-10 00:00:00
C108273,Returning,25-34,Scotland,2024-02-19 00:00:00
C108274,New,45-54,Yorkshire,2023-10-28 00:00:00
C108275,New,25-34,North West,2024-08-28 00:00:00
C108276,Returning,25-34,West Midlands,2024-04-07 00:00:00
C108277,Returning,25-34,South West,2023-01-21 00:00:00
C108278,Returning,18-24,East of England,2023-04-11 00:00:00
C108279,New,45-54,South West,2024-12-04 00:00:00
C108280,Returning,18-24,West Midlands,2024-08-29 00:00:00
C108281,Returning,35-44,South West,2025-07-29 00:00:00
C108282,Returning,45-54,West Midlands,2023-03-22 00:00:00
C108283,Returning,18-24,South East,2023-12-25 00:00:00
C108284,New,35-44,South East,2024-03-02 00:00:00
C108285,New,25-34,London,2025-01-17 00:00:00
C108286,Returning,45-54,London,2024-04-25 00:00:00
C108287,Returning,45-54,Yorkshire,2024-06-15 00:00:00
C108288,New,45-54,London,2025-10-09 00:00:00
C108289,New,25-34,East of England,2023-01-05 00:00:00
C108290,Returning,45-54,London,2025-09-09 00:00:00
C108291,Returning,35-44,London,2023-11-09 00:00:00
C108292,Returning,25-34,West Midlands,2023-02-14 00:00:00
C108293,New,18-24,London,2024-08-03 00:00:00
C108294,Returning,18-24,London,2023-08-22 00:00:00
C108295,Returning,25-34,London,2025-03-08 00:00:00
C108296,Returning,25-34,North West,2025-04-15 00:00:00
C108297,New,55+,South East,2024-03-18 00:00:00
C108298,New,55+,North West,2025-05-08 00:00:00
C108299,New,25-34,London,2023-07-24 00:00:00
C108300,Returning,55+,London,2024-01-05 00:00:00
C108301,Returning,45-54,London,2023-03-09 00:00:00
C108302,New,35-44,London,2024-12-06 00:00:00
C108303,Returning,55+,South West,2025-02-25 00:00:00
C108304,Returning,45-54,West Midlands,2025-04-19 00:00:00
C108305,New,35-44,North West,2024-02-06 00:00:00
C108306,Returning,25-34,East of England,2025-07-10 00:00:00
C108307,Returning,25-34,London,2024-12-12 00:00:00
C108308,New,55+,East of England,2024-09-24 00:00:00
C108309,Returning,25-34,South West,2023-09-01 00:00:00
C108310,Returning,18-24,Yorkshire,2025-07-14 00:00:00
C108311,New,25-34,East of England,2025-04-10 00:00:00
C108312,New,35-44,London,2025-08-21 00:00:00
C108313,New,25-34,North West,2024-01-14 00:00:00
C108314,New,55+,West Midlands,2024-08-29 00:00:00
C108315,Returning,25-34,Yorkshire,2023-02-27 00:00:00
C108316,Returning,55+,London,2024-10-20 00:00:00
C108317,Returning,35-44,London,2024-07-15 00:00:00
C108318,New,35-44,Scotland,2025-06-19 00:00:00
C108319,Returning,25-34,West Midlands,2025-03-15 00:00:00
C108320,New,25-34,London,2025-12-25 00:00:00
C108321,Returning,45-54,London,2025-10-22 00:00:00
C108322,New,45-54,North West,2023-07-04 00:00:00
C108323,Returning,35-44,London,2025-12-03 00:00:00
C108324,Returning,55+,London,2023-02-03 00:00:00
C108325,New,45-54,Scotland,2024-05-17 00:00:00
C108326,Returning,18-24,London,2025-10-22 00:00:00
C108327,Returning,35-44,London,2024-11-04 00:00:00
C108328,Returning,45-54,Yorkshire,2025-12-27 00:00:00
C108329,Returning,45-54,London,2024-09-04 00:00:00
C108330,New,18-24,London,2025-01-19 00:00:00
C108331,Returning,25-34,North West,2024-08-09 00:00:00
C108332,New,25-34,Yorkshire,2025-10-16 00:00:00
C108333,Returning,25-34,West Midlands,2023-05-06 00:00:00
C108334,New,18-24,South West,2024-03-04 00:00:00
C108335,Returning,35-44,South West,2025-01-07 00:00:00
C108336,Returning,35-44,North West,2024-06-26 00:00:00
C108337,New,25-34,North West,2025-11-27 00:00:00
C108338,Returning,35-44,South West,2024-10-02 00:00:00
C108339,Returning,18-24,London,2023-05-20 00:00:00
C108340,New,25-34,North West,2024-11-05 00:00:00
C108341,Returning,45-54,London,2023-12-10 00:00:00
C108342,Returning,55+,London,2024-05-31 00:00:00
C108343,New,25-34,Scotland,2023-03-26 00:00:00
C108344,Returning,45-54,London,2025-08-14 00:00:00
C108345,Returning,55+,South East,2024-03-19 00:00:00
C108346,Returning,35-44,London,2025-06-05 00:00:00
C108347,New,55+,North West,2024-06-13 00:00:00
C108348,New,25-34,East of England,2025-11-09 00:00:00
C108349,New,18-24,West Midlands,2024-01-29 00:00:00
C108350,Returning,45-54,East of England,2023-04-28 00:00:00
C108351,Returning,35-44,West Midlands,2024-06-08 00:00:00
C108352,Returning,25-34,East of England,2023-02-07 00:00:00
C108353,New,18-24,East of England,2025-06-02 00:00:00
C108354,Returning,18-24,London,2025-10-07 00:00:00
C108355,Returning,18-24,East of England,2023-08-24 00:00:00
C108356,Returning,25-34,London,2023-02-28 00:00:00
C108357,New,55+,West Midlands,2025-04-13 00:00:00
C108358,Returning,25-34,London,2025-01-27 00:00:00
C108359,New,45-54,South East,2025-05-22 00:00:00
C108360,New,18-24,Scotland,2024-09-18 00:00:00
C108361,Returning,25-34,South West,2024-10-01 00:00:00
C108362,Returning,55+,North West,2023-10-26 00:00:00
C108363,New,25-34,Scotland,2023-12-13 00:00:00
C108364,Returning,25-34,South East,2024-11-25 00:00:00
C108365,Returning,45-54,London,2025-10-27 00:00:00
C108366,New,25-34,South West,2023-12-07 00:00:00
C108367,Returning,18-24,London,2024-02-05 00:00:00
C108368,New,55+,South West,2024-10-09 00:00:00
C108369,New,25-34,London,2023-02-24 00:00:00
C108370,Returning,35-44,South East,2024-12-19 00:00:00
C108371,Returning,25-34,South East,2023-05-30 00:00:00
C108372,New,25-34,South East,2025-01-21 00:00:00
C108373,Returning,35-44,South East,2025-09-07 00:00:00
C108374,Returning,35-44,London,2025-10-04 00:00:00
C108375,Returning,25-34,London,2023-06-14 00:00:00
C108376,Returning,55+,South West,2024-10-18 00:00:00
C108377,Returning,45-54,West Midlands,2024-05-07 00:00:00
C108378,Returning,35-44,London,2024-06-23 00:00:00
C108379,Returning,35-44,London,2025-01-31 00:00:00
C108380,Returning,35-44,South East,2025-12-25 00:00:00
C108381,Returning,45-54,South East,2024-09-23 00:00:00
C108382,New,25-34,West Midlands,2024-09-01 00:00:00
C108383,New,45-54,London,2024-12-19 00:00:00
C108384,New,35-44,Scotland,2024-07-09 00:00:00
C108385,Returning,55+,South East,2024-01-19 00:00:00
C108386,Returning,55+,West Midlands,2025-06-24 00:00:00
C108387,Returning,18-24,Yorkshire,2024-12-29 00:00:00
C108388,Returning,25-34,South East,2024-09-13 00:00:00
C108389,Returning,35-44,London,2023-01-10 00:00:00
C108390,Returning,35-44,South East,2023-10-30 00:00:00
C108391,Returning,45-54,North West,2023-10-17 00:00:00
C108392,Returning,25-34,East of England,2024-12-15 00:00:00
C108393,Returning,35-44,South East,2023-05-16 00:00:00
C108394,New,55+,East of England,2024-02-25 00:00:00
C108395,Returning,55+,North West,2024-05-15 00:00:00
C108396,Returning,18-24,Yorkshire,2025-03-25 00:00:00
C108397,Returning,55+,London,2023-06-10 00:00:00
C108398,Returning,25-34,East of England,2024-10-28 00:00:00
C108399,Returning,35-44,London,2024-08-25 00:00:00
C108400,Returning,25-34,South East,2025-03-24 00:00:00
C108401,New,35-44,North West,2023-07-18 00:00:00
C108402,Returning,18-24,Scotland,2024-10-21 00:00:00
C108403,Returning,25-34,South East,2024-03-31 00:00:00
C108404,Returning,25-34,London,2023-10-13 00:00:00
C108405,Returning,55+,Scotland,2023-03-23 00:00:00
C108406,New,35-44,South West,2024-02-23 00:00:00
C108407,Returning,45-54,Yorkshire,2024-04-28 00:00:00
C108408,Returning,35-44,West Midlands,2023-02-26 00:00:00
C108409,Returning,25-34,West Midlands,2025-06-07 00:00:00
C108410,Returning,18-24,Scotland,2025-01-30 00:00:00
C108411,Returning,18-24,London,2023-12-15 00:00:00
C108412,Returning,35-44,South West,2023-02-21 00:00:00
C108413,New,55+,North West,2025-02-15 00:00:00
C108414,New,25-34,Scotland,2023-01-27 00:00:00
C108415,Returning,45-54,North West,2024-04-13 00:00:00
C108416,Returning,45-54,South East,2023-08-16 00:00:00
C108417,Returning,55+,South West,2023-09-15 00:00:00
C108418,New,25-34,Scotland,2025-04-10 00:00:00
C108419,New,55+,East of England,2023-11-30 00:00:00
C108420,New,35-44,South East,2023-09-28 00:00:00
C108421,Returning,35-44,South East,2023-11-29 00:00:00
C108422,Returning,45-54,South West,2023-06-13 00:00:00
C108423,Returning,25-34,North West,2025-03-27 00:00:00
C108424,New,45-54,London,2024-06-28 00:00:00
C108425,Returning,35-44,London,2023-08-10 00:00:00
C108426,Returning,45-54,London,2023-12-05 00:00:00
C108427,New,45-54,London,2025-12-11 00:00:00
C108428,Returning,35-44,South East,2024-09-28 00:00:00
C108429,Returning,18-24,Scotland,2025-01-26 00:00:00
C108430,New,25-34,Yorkshire,2025-07-31 00:00:00
C108431,New,55+,London,2024-03-17 00:00:00
C108432,Returning,35-44,North West,2024-01-19 00:00:00
C108433,Returning,55+,West Midlands,2026-01-02 00:00:00
C108434,Returning,25-34,South West,2024-09-14 00:00:00
C108435,Returning,35-44,East of England,2023-08-26 00:00:00
C108436,Returning,45-54,London,2025-08-02 00:00:00
C108437,Returning,45-54,Scotland,2025-04-19 00:00:00
C108438,Returning,25-34,London,2024-03-16 00:00:00
C108439,New,18-24,Yorkshire,2023-10-26 00:00:00
C108440,Returning,55+,East of England,2024-12-23 00:00:00
C108441,New,45-54,South West,2024-08-20 00:00:00
C108442,New,35-44,London,2023-09-18 00:00:00
C108443,Returning,35-44,London,2023-03-01 00:00:00
C108444,Returning,25-34,London,2025-06-20 00:00:00
C108445,New,25-34,London,2025-07-20 00:00:00
C108446,Returning,25-34,London,2025-09-24 00:00:00
C108447,Returning,25-34,London,2024-02-07 00:00:00
C108448,New,45-54,North West,2025-02-13 00:00:00
C108449,Returning,25-34,London,2024-10-04 00:00:00
C108450,Returning,45-54,West Midlands,2023-10-20 00:00:00
C108451,New,35-44,Yorkshire,2025-10-17 00:00:00
C108452,New,18-24,London,2024-01-05 00:00:00
C108453,Returning,25-34,North West,2023-02-03 00:00:00
C108454,New,25-34,South West,2023-07-02 00:00:00
C108455,New,45-54,North West,2025-11-30 00:00:00
C108456,Returning,55+,West Midlands,2023-03-17 00:00:00
C108457,Returning,45-54,Yorkshire,2024-07-31 00:00:00
C108458,Returning,45-54,North West,2024-06-17 00:00:00
C108459,Returning,45-54,West Midlands,2025-05-08 00:00:00
C108460,Returning,45-54,South West,2025-06-22 00:00:00
C108461,Returning,35-44,East of England,2024-06-04 00:00:00
C108462,Returning,45-54,South East,2024-11-25 00:00:00
C108463,Returning,25-34,West Midlands,2025-06-16 00:00:00
C108464,Returning,18-24,South West,2025-06-09 00:00:00
C108465,Returning,45-54,North West,2025-08-26 00:00:00
C108466,Returning,45-54,Yorkshire,2025-02-16 00:00:00
C108467,Returning,25-34,London,2024-02-24 00:00:00
C108468,Returning,55+,London,2024-09-06 00:00:00
C108469,New,18-24,North West,2025-03-05 00:00:00
C108470,Returning,45-54,South West,2023-11-23 00:00:00
C108471,Returning,55+,South East,2026-01-03 00:00:00
C108472,Returning,25-34,Scotland,2024-05-03 00:00:00
C108473,New,55+,South West,2025-04-12 00:00:00
C108474,New,45-54,South West,2024-07-10 00:00:00
C108475,New,45-54,East of England,2025-11-18 00:00:00
C108476,Returning,55+,South East,2025-01-04 00:00:00
C108477,Returning,35-44,South East,2025-03-21 00:00:00
C108478,New,35-44,London,2025-05-01 00:00:00
C108479,Returning,35-44,South East,2023-12-29 00:00:00
C108480,New,25-34,London,2024-01-19 00:00:00
C108481,New,25-34,South West,2025-06-28 00:00:00
C108482,Returning,18-24,South West,2024-05-23 00:00:00
C108483,Returning,25-34,London,2025-01-02 00:00:00
C108484,Returning,45-54,West Midlands,2024-07-23 00:00:00
C108485,Returning,55+,Yorkshire,2023-02-06 00:00:00
C108486,Returning,55+,South West,2024-06-02 00:00:00
C108487,New,25-34,Scotland,2023-07-09 00:00:00
C108488,Returning,35-44,London,2023-04-06 00:00:00
C108489,Returning,35-44,South East,2023-10-15 00:00:00
C108490,New,25-34,East of England,2023-11-18 00:00:00
C108491,Returning,35-44,London,2025-03-28 00:00:00
C108492,Returning,25-34,South West,2023-10-05 00:00:00
C108493,Returning,55+,London,2025-05-26 00:00:00
C108494,Returning,25-34,West Midlands,2023-08-20 00:00:00
C108495,Returning,45-54,North West,2025-06-28 00:00:00
C108496,New,55+,South West,2024-08-01 00:00:00
C108497,Returning,45-54,London,2023-03-15 00:00:00
C108498,Returning,25-34,South West,2023-05-02 00:00:00
C108499,New,25-34,East of England,2023-03-21 00:00:00
C108500,New,55+,South West,2024-03-27 00:00:00
C108501,Returning,18-24,Scotland,2023-11-26 00:00:00
C108502,New,18-24,East of England,2023-02-20 00:00:00
C108503,Returning,55+,South West,2025-01-19 00:00:00
C108504,Returning,45-54,North West,2025-07-27 00:00:00
C108505,New,45-54,South West,2025-07-15 00:00:00
C108506,Returning,25-34,Scotland,2023-06-15 00:00:00
C108507,New,35-44,North West,2025-08-14 00:00:00
C108508,Returning,45-54,South East,2024-04-13 00:00:00
C108509,Returning,25-34,South East,2023-08-17 00:00:00
C108510,New,25-34,South West,2023-05-27 00:00:00
C108511,Returning,18-24,Scotland,2025-04-24 00:00:00
C108512,Returning,35-44,London,2023-10-09 00:00:00
C108513,Returning,25-34,Scotland,2024-12-05 00:00:00
C108514,Returning,45-54,South East,2024-09-01 00:00:00
C108515,Returning,25-34,West Midlands,2025-10-16 00:00:00
C108516,Returning,25-34,East of England,2025-02-26 00:00:00
C108517,New,55+,Scotland,2025-04-30 00:00:00
C108518,Returning,55+,North West,2024-06-25 00:00:00
C108519,New,45-54,Scotland,2024-08-04 00:00:00
C108520,Returning,55+,East of England,2023-06-14 00:00:00
C108521,New,25-34,East of England,2025-05-11 00:00:00
C108522,Returning,35-44,East of England,2025-04-07 00:00:00
C108523,Returning,25-34,South East,2023-12-06 00:00:00
C108524,New,35-44,London,2023-06-03 00:00:00
C108525,Returning,45-54,London,2025-05-14 00:00:00
C108526,Returning,45-54,London,2025-04-28 00:00:00
C108527,Returning,18-24,South East,2025-05-09 00:00:00
C108528,Returning,25-34,London,2023-02-02 00:00:00
C108529,New,55+,South East,2025-07-29 00:00:00
C108530,Returning,35-44,North West,2024-01-31 00:00:00
C108531,New,25-34,London,2023-09-24 00:00:00
C108532,New,25-34,South East,2024-08-01 00:00:00
C108533,Returning,25-34,London,2025-07-22 00:00:00
C108534,Returning,35-44,London,2025-06-15 00:00:00
C108535,New,35-44,Yorkshire,2023-07-05 00:00:00
C108536,New,35-44,East of England,2025-12-10 00:00:00
C108537,Returning,35-44,Yorkshire,2025-04-29 00:00:00
C108538,New,35-44,Yorkshire,2025-10-23 00:00:00
C108539,New,18-24,Scotland,2025-10-19 00:00:00
C108540,New,18-24,Yorkshire,2024-07-31 00:00:00
C108541,New,25-34,London,2023-02-09 00:00:00
C108542,New,55+,London,2023-03-21 00:00:00
C108543,Returning,45-54,North West,2024-11-19 00:00:00
C108544,New,18-24,North West,2023-04-11 00:00:00
C108545,Returning,35-44,East of England,2024-12-26 00:00:00
C108546,Returning,35-44,London,2023-04-24 00:00:00
C108547,Returning,35-44,Scotland,2025-06-15 00:00:00
C108548,Returning,45-54,North West,2023-10-21 00:00:00
C108549,Returning,55+,East of England,2023-04-24 00:00:00
C108550,Returning,18-24,North West,2024-01-10 00:00:00
C108551,Returning,35-44,London,2025-09-27 00:00:00
C108552,Returning,35-44,South East,2024-08-30 00:00:00
C108553,Returning,35-44,London,2025-12-29 00:00:00
C108554,Returning,25-34,South East,2023-10-12 00:00:00
C108555,New,35-44,East of England,2025-01-09 00:00:00
C108556,Returning,18-24,South East,2023-07-25 00:00:00
C108557,Returning,45-54,London,2024-04-17 00:00:00
C108558,New,35-44,South East,2024-02-19 00:00:00
C108559,Returning,25-34,North West,2024-11-29 00:00:00
C108560,New,55+,London,2025-01-10 00:00:00
C108561,New,45-54,London,2023-03-02 00:00:00
C108562,Returning,35-44,East of England,2025-02-03 00:00:00
C108563,New,55+,London,2025-04-08 00:00:00
C108564,Returning,45-54,Scotland,2024-02-24 00:00:00
C108565,New,25-34,London,2023-03-18 00:00:00
C108566,Returning,35-44,Yorkshire,2024-04-09 00:00:00
C108567,Returning,35-44,Yorkshire,2023-12-21 00:00:00
C108568,Returning,35-44,London,2025-05-21 00:00:00
C108569,Returning,55+,Yorkshire,2023-06-03 00:00:00
C108570,Returning,35-44,South East,2023-11-23 00:00:00
C108571,Returning,18-24,South East,2025-03-09 00:00:00
C108572,Returning,35-44,East of England,2025-10-31 00:00:00
C108573,Returning,45-54,Scotland,2024-10-15 00:00:00
C108574,Returning,25-34,London,2023-01-03 00:00:00
C108575,Returning,18-24,Yorkshire,2025-02-08 00:00:00
C108576,New,25-34,London,2023-02-04 00:00:00
C108577,New,45-54,London,2023-03-13 00:00:00
C108578,Returning,18-24,London,2025-01-04 00:00:00
C108579,New,25-34,North West,2024-02-12 00:00:00
C108580,Returning,25-34,Yorkshire,2023-01-30 00:00:00
C108581,New,35-44,West Midlands,2024-03-22 00:00:00
C108582,Returning,25-34,Scotland,2024-02-22 00:00:00
C108583,New,18-24,South West,2024-10-24 00:00:00
C108584,Returning,45-54,London,2025-11-04 00:00:00
C108585,New,25-34,London,2023-04-23 00:00:00
C108586,New,25-34,North West,2025-01-02 00:00:00
C108587,Returning,35-44,South East,2024-12-12 00:00:00
C108588,Returning,18-24,London,2025-12-10 00:00:00
C108589,Returning,18-24,London,2024-03-10 00:00:00
C108590,Returning,35-44,West Midlands,2023-06-28 00:00:00
C108591,New,25-34,North West,2025-09-23 00:00:00
C108592,Returning,35-44,Yorkshire,2023-02-25 00:00:00
C108593,Returning,55+,South West,2024-05-09 00:00:00
C108594,New,35-44,Scotland,2024-12-19 00:00:00
C108595,Returning,35-44,East of England,2023-04-23 00:00:00
C108596,Returning,55+,South East,2023-11-23 00:00:00
C108597,Returning,35-44,North West,2023-04-24 00:00:00
C108598,Returning,45-54,London,2025-07-19 00:00:00
C108599,Returning,35-44,Scotland,2023-10-07 00:00:00
C108600,Returning,35-44,North West,2024-10-25 00:00:00
C108601,New,55+,South East,2023-09-21 00:00:00
C108602,New,18-24,Yorkshire,2025-02-02 00:00:00
C108603,Returning,55+,West Midlands,2025-05-26 00:00:00
C108604,Returning,35-44,Scotland,2023-02-14 00:00:00
C108605,Returning,35-44,London,2025-03-05 00:00:00
C108606,New,35-44,South East,2024-12-27 00:00:00
C108607,Returning,25-34,Scotland,2023-03-26 00:00:00
C108608,New,18-24,West Midlands,2023-10-18 00:00:00
C108609,New,55+,South East,2025-07-25 00:00:00
C108610,New,35-44,North West,2024-05-02 00:00:00
C108611,Returning,55+,Yorkshire,2023-04-16 00:00:00
C108612,Returning,25-34,London,2024-12-07 00:00:00
C108613,New,25-34,South East,2025-05-14 00:00:00
C108614,New,25-34,South East,2024-04-21 00:00:00
C108615,Returning,25-34,South East,2023-05-03 00:00:00
C108616,Returning,35-44,South East,2023-05-24 00:00:00
C108617,Returning,55+,South East,2024-02-18 00:00:00
C108618,New,55+,Yorkshire,2024-06-16 00:00:00
C108619,Returning,35-44,North West,2025-04-06 00:00:00
C108620,Returning,25-34,West Midlands,2025-01-19 00:00:00
C108621,Returning,35-44,London,2023-10-06 00:00:00
C108622,New,35-44,West Midlands,2025-01-28 00:00:00
C108623,Returning,45-54,London,2023-05-05 00:00:00
C108624,New,35-44,Scotland,2023-07-22 00:00:00
C108625,New,18-24,London,2025-05-15 00:00:00
C108626,New,18-24,East of England,2025-09-18 00:00:00
C108627,Returning,55+,North West,2025-01-30 00:00:00
C108628,Returning,45-54,South West,2024-05-16 00:00:00
C108629,Returning,55+,East of England,2025-09-07 00:00:00
C108630,Returning,25-34,South West,2024-01-24 00:00:00
C108631,Returning,35-44,North West,2024-12-06 00:00:00
C108632,New,25-34,South East,2025-01-24 00:00:00
C108633,Returning,55+,Yorkshire,2023-03-23 00:00:00
C108634,New,25-34,London,2025-11-20 00:00:00
C108635,Returning,45-54,South East,2024-12-03 00:00:00
C108636,New,25-34,East of England,2023-09-22 00:00:00
C108637,Returning,18-24,North West,2025-06-23 00:00:00
C108638,Returning,25-34,South East,2024-02-24 00:00:00
C108639,New,35-44,East of England,2023-04-03 00:00:00
C108640,New,45-54,London,2025-01-13 00:00:00
C108641,Returning,55+,East of England,2023-05-30 00:00:00
C108642,New,35-44,South West,2024-10-18 00:00:00
C108643,New,35-44,London,2025-01-15 00:00:00
C108644,New,45-54,London,2023-06-22 00:00:00
C108645,New,18-24,Scotland,2025-05-20 00:00:00
C108646,Returning,45-54,London,2024-05-17 00:00:00
C108647,New,45-54,Scotland,2024-01-24 00:00:00
C108648,Returning,35-44,West Midlands,2023-04-22 00:00:00
C108649,Returning,18-24,South East,2025-03-19 00:00:00
C108650,New,25-34,Yorkshire,2023-06-30 00:00:00
C108651,Returning,25-34,West Midlands,2023-07-04 00:00:00
C108652,Returning,55+,West Midlands,2023-10-20 00:00:00
C108653,New,35-44,Yorkshire,2024-05-03 00:00:00
C108654,New,35-44,South East,2025-08-24 00:00:00
C108655,New,35-44,London,2025-04-02 00:00:00
C108656,New,45-54,South West,2025-03-22 00:00:00
C108657,Returning,25-34,North West,2023-08-07 00:00:00
C108658,Returning,18-24,Yorkshire,2024-12-13 00:00:00
C108659,Returning,35-44,North West,2024-01-19 00:00:00
C108660,New,25-34,North West,2024-06-05 00:00:00
C108661,New,25-34,London,2024-11-22 00:00:00
C108662,Returning,35-44,Scotland,2023-07-03 00:00:00
C108663,Returning,25-34,West Midlands,2024-01-16 00:00:00
C108664,New,55+,East of England,2024-03-10 00:00:00
C108665,Returning,45-54,South West,2025-08-19 00:00:00
C108666,Returning,55+,Yorkshire,2025-11-29 00:00:00
C108667,Returning,55+,West Midlands,2025-11-18 00:00:00
C108668,Returning,25-34,London,2024-08-03 00:00:00
C108669,Returning,25-34,South East,2024-12-07 00:00:00
C108670,New,45-54,Yorkshire,2025-02-26 00:00:00
C108671,New,18-24,South East,2025-05-10 00:00:00
C108672,Returning,55+,London,2025-01-14 00:00:00
C108673,New,18-24,North West,2025-09-24 00:00:00
C108674,New,35-44,London,2024-02-26 00:00:00
C108675,Returning,35-44,South East,2025-02-11 00:00:00
C108676,Returning,55+,West Midlands,2024-11-02 00:00:00
C108677,Returning,35-44,London,2025-04-30 00:00:00
C108678,Returning,35-44,London,2025-10-19 00:00:00
C108679,Returning,25-34,London,2023-03-30 00:00:00
C108680,New,35-44,North West,2025-07-27 00:00:00
C108681,Returning,45-54,Scotland,2025-06-25 00:00:00
C108682,Returning,35-44,London,2025-08-15 00:00:00
C108683,Returning,45-54,Yorkshire,2023-10-30 00:00:00
C108684,New,18-24,London,2024-09-28 00:00:00
C108685,New,25-34,North West,2023-03-19 00:00:00
C108686,Returning,55+,London,2023-03-08 00:00:00
C108687,New,25-34,East of England,2024-10-10 00:00:00
C108688,New,35-44,South West,2025-12-03 00:00:00
C108689,Returning,35-44,Yorkshire,2023-09-07 00:00:00
C108690,Returning,55+,London,2025-05-19 00:00:00
C108691,New,25-34,East of England,2023-03-29 00:00:00
C108692,New,25-34,London,2023-03-13 00:00:00
C108693,New,45-54,North West,2024-11-01 00:00:00
C108694,Returning,35-44,South West,2023-11-03 00:00:00
C108695,Returning,35-44,North West,2023-04-19 00:00:00
C108696,New,25-34,South West,2025-10-03 00:00:00
C108697,New,25-34,Yorkshire,2025-09-02 00:00:00
C108698,New,55+,South West,2023-01-16 00:00:00
C108699,New,35-44,South East,2025-12-02 00:00:00
C108700,New,55+,South East,2023-01-21 00:00:00
C108701,Returning,55+,West Midlands,2025-03-23 00:00:00
C108702,New,35-44,North West,2025-05-12 00:00:00
C108703,New,35-44,Yorkshire,2023-11-13 00:00:00
C108704,Returning,35-44,North West,2023-05-30 00:00:00
C108705,Returning,45-54,Yorkshire,2024-09-10 00:00:00
C108706,New,35-44,London,2025-09-01 00:00:00
C108707,New,18-24,West Midlands,2023-02-04 00:00:00
C108708,New,55+,East of England,2025-07-25 00:00:00
C108709,New,35-44,London,2024-11-14 00:00:00
C108710,Returning,45-54,London,2025-12-21 00:00:00
C108711,New,25-34,South West,2023-10-18 00:00:00
C108712,Returning,35-44,London,2024-12-10 00:00:00
C108713,Returning,45-54,West Midlands,2024-05-15 00:00:00
C108714,New,45-54,Yorkshire,2024-11-29 00:00:00
C108715,New,18-24,West Midlands,2023-07-16 00:00:00
C108716,New,25-34,East of England,2024-07-01 00:00:00
C108717,New,45-54,East of England,2025-12-21 00:00:00
C108718,Returning,55+,West Midlands,2025-07-17 00:00:00
C108719,New,18-24,Scotland,2023-08-17 00:00:00
C108720,Returning,25-34,South East,2023-03-06 00:00:00
C108721,Returning,35-44,London,2024-04-03 00:00:00
C108722,Returning,25-34,Yorkshire,2023-09-09 00:00:00
C108723,Returning,18-24,North West,2023-10-08 00:00:00
C108724,Returning,35-44,South East,2023-07-20 00:00:00
C108725,Returning,35-44,South East,2024-08-18 00:00:00
C108726,Returning,25-34,London,2023-04-13 00:00:00
C108727,New,25-34,London,2025-09-22 00:00:00
C108728,New,55+,South East,2023-02-03 00:00:00
C108729,New,35-44,East of England,2023-06-29 00:00:00
C108730,New,45-54,East of England,2024-09-10 00:00:00
C108731,Returning,25-34,North West,2023-06-04 00:00:00
C108732,New,45-54,West Midlands,2024-07-08 00:00:00
C108733,Returning,45-54,London,2023-03-23 00:00:00
C108734,Returning,25-34,West Midlands,2025-08-14 00:00:00
C108735,New,35-44,North West,2024-10-10 00:00:00
C108736,Returning,45-54,South West,2023-11-30 00:00:00
C108737,New,35-44,South East,2024-10-24 00:00:00
C108738,Returning,45-54,East of England,2024-08-17 00:00:00
C108739,Returning,25-34,East of England,2025-06-22 00:00:00
C108740,New,35-44,London,2025-03-10 00:00:00
C108741,Returning,55+,East of England,2025-07-08 00:00:00
C108742,New,25-34,London,2025-08-08 00:00:00
C108743,Returning,25-34,East of England,2023-04-23 00:00:00
C108744,Returning,25-34,North West,2025-04-26 00:00:00
C108745,Returning,55+,West Midlands,2025-09-28 00:00:00
C108746,Returning,25-34,West Midlands,2023-08-07 00:00:00
C108747,Returning,25-34,North West,2025-07-01 00:00:00
C108748,Returning,45-54,East of England,2024-11-02 00:00:00
C108749,Returning,45-54,East of England,2024-12-12 00:00:00
C108750,Returning,35-44,West Midlands,2025-02-23 00:00:00
C108751,Returning,55+,East of England,2024-01-17 00:00:00
C108752,Returning,18-24,West Midlands,2025-09-14 00:00:00
C108753,Returning,35-44,West Midlands,2025-03-31 00:00:00
C108754,New,35-44,South East,2024-04-27 00:00:00
C108755,New,25-34,South West,2024-11-13 00:00:00
C108756,New,55+,North West,2025-11-15 00:00:00
C108757,New,35-44,West Midlands,2024-01-24 00:00:00
C108758,Returning,25-34,Yorkshire,2025-09-09 00:00:00
C108759,New,18-24,East of England,2023-01-15 00:00:00
C108760,Returning,18-24,London,2025-05-23 00:00:00
C108761,New,55+,West Midlands,2024-10-13 00:00:00
C108762,New,25-34,South East,2025-02-20 00:00:00
C108763,Returning,55+,London,2024-09-26 00:00:00
C108764,Returning,25-34,South East,2024-06-10 00:00:00
C108765,Returning,55+,South West,2023-06-20 00:00:00
C108766,Returning,45-54,South East,2023-09-25 00:00:00
C108767,Returning,18-24,South West,2025-09-23 00:00:00
C108768,Returning,18-24,Scotland,2024-03-23 00:00:00
C108769,New,45-54,London,2023-06-25 00:00:00
C108770,New,18-24,West Midlands,2023-05-22 00:00:00
C108771,Returning,25-34,London,2023-11-12 00:00:00
C108772,Returning,45-54,Yorkshire,2025-03-15 00:00:00
C108773,Returning,55+,West Midlands,2024-02-14 00:00:00
C108774,Returning,45-54,North West,2024-04-18 00:00:00
C108775,New,55+,South West,2025-01-21 00:00:00
C108776,Returning,35-44,South West,2024-10-27 00:00:00
C108777,Returning,45-54,North West,2023-03-31 00:00:00
C108778,Returning,25-34,East of England,2024-03-06 00:00:00
C108779,New,45-54,Scotland,2025-02-11 00:00:00
C108780,Returning,35-44,North West,2025-02-19 00:00:00
C108781,New,35-44,London,2024-03-31 00:00:00
C108782,Returning,55+,South West,2023-08-24 00:00:00
C108783,New,35-44,East of England,2023-07-21 00:00:00
C108784,Returning,35-44,North West,2023-04-10 00:00:00
C108785,New,35-44,Yorkshire,2023-05-04 00:00:00
C108786,Returning,25-34,South East,2025-12-02 00:00:00
C108787,Returning,25-34,West Midlands,2024-03-29 00:00:00
C108788,New,55+,South West,2023-12-19 00:00:00
C108789,Returning,25-34,East of England,2024-05-05 00:00:00
C108790,Returning,35-44,London,2024-07-23 00:00:00
C108791,Returning,35-44,London,2023-06-01 00:00:00
C108792,New,55+,South East,2025-09-21 00:00:00
C108793,Returning,45-54,West Midlands,2024-06-14 00:00:00
C108794,Returning,18-24,South West,2024-09-10 00:00:00
C108795,Returning,25-34,London,2024-07-06 00:00:00
C108796,Returning,45-54,South West,2025-10-28 00:00:00
C108797,Returning,25-34,North West,2025-12-15 00:00:00
C108798,New,35-44,Yorkshire,2023-05-19 00:00:00
C108799,Returning,25-34,West Midlands,2025-02-23 00:00:00
C108800,New,18-24,South West,2023-06-29 00:00:00
C108801,New,55+,West Midlands,2023-01-14 00:00:00
C108802,New,55+,South East,2024-08-30 00:00:00
C108803,New,45-54,North West,2024-06-08 00:00:00
C108804,Returning,25-34,West Midlands,2024-06-25 00:00:00
C108805,Returning,55+,South East,2023-01-24 00:00:00
C108806,New,35-44,East of England,2024-12-08 00:00:00
C108807,Returning,55+,Yorkshire,2024-07-16 00:00:00
C108808,Returning,18-24,London,2023-03-05 00:00:00
C108809,Returning,25-34,South West,2024-01-07 00:00:00
C108810,Returning,35-44,South East,2023-05-29 00:00:00
C108811,Returning,55+,West Midlands,2025-09-20 00:00:00
C108812,Returning,25-34,London,2025-03-27 00:00:00
C108813,Returning,25-34,London,2024-06-26 00:00:00
C108814,Returning,35-44,West Midlands,2023-04-06 00:00:00
C108815,New,55+,North West,2025-07-23 00:00:00
C108816,Returning,45-54,South East,2024-01-26 00:00:00
C108817,Returning,55+,London,2024-10-04 00:00:00
C108818,Returning,35-44,South East,2025-03-03 00:00:00
C108819,Returning,55+,South East,2024-03-12 00:00:00
C108820,Returning,35-44,North West,2025-12-05 00:00:00
C108821,Returning,25-34,South East,2023-09-10 00:00:00
C108822,Returning,45-54,North West,2024-01-13 00:00:00
C108823,Returning,35-44,West Midlands,2023-07-21 00:00:00
C108824,Returning,35-44,South East,2024-01-13 00:00:00
C108825,Returning,25-34,South West,2025-05-24 00:00:00
C108826,Returning,45-54,Yorkshire,2024-06-02 00:00:00
C108827,Returning,45-54,Yorkshire,2025-08-29 00:00:00
C108828,New,25-34,West Midlands,2025-09-06 00:00:00
C108829,Returning,55+,South East,2023-12-23 00:00:00
C108830,New,25-34,North West,2025-05-24 00:00:00
C108831,Returning,18-24,Scotland,2024-06-28 00:00:00
C108832,New,25-34,West Midlands,2024-04-10 00:00:00
C108833,Returning,35-44,Yorkshire,2023-11-13 00:00:00
C108834,Returning,18-24,West Midlands,2023-03-15 00:00:00
C108835,New,45-54,Scotland,2024-05-15 00:00:00
C108836,Returning,45-54,South East,2025-01-05 00:00:00
C108837,Returning,35-44,West Midlands,2025-08-14 00:00:00
C108838,New,55+,West Midlands,2024-03-29 00:00:00
C108839,Returning,55+,Yorkshire,2023-06-01 00:00:00
C108840,New,35-44,Yorkshire,2024-05-30 00:00:00
C108841,New,18-24,Yorkshire,2023-11-17 00:00:00
C108842,New,25-34,Yorkshire,2025-10-07 00:00:00
C108843,Returning,35-44,West Midlands,2025-02-03 00:00:00
C108844,Returning,25-34,London,2025-09-23 00:00:00
C108845,Returning,45-54,East of England,2023-12-08 00:00:00
C108846,Returning,35-44,South East,2024-05-04 00:00:00
C108847,Returning,35-44,London,2023-03-31 00:00:00
C108848,Returning,25-34,London,2023-05-29 00:00:00
C108849,Returning,25-34,West Midlands,2024-02-16 00:00:00
C108850,Returning,25-34,West Midlands,2024-03-12 00:00:00
C108851,New,45-54,Yorkshire,2025-01-14 00:00:00
C108852,New,45-54,North West,2023-08-25 00:00:00
C108853,Returning,35-44,London,2025-12-18 00:00:00
C108854,Returning,35-44,South East,2025-05-08 00:00:00
C108855,New,35-44,East of England,2025-09-08 00:00:00
C108856,Returning,18-24,South West,2023-12-04 00:00:00
C108857,Returning,25-34,East of England,2024-09-10 00:00:00
C108858,New,25-34,London,2024-07-23 00:00:00
C108859,New,18-24,East of England,2025-05-05 00:00:00
C108860,New,25-34,East of England,2025-07-21 00:00:00
C108861,Returning,45-54,West Midlands,2024-09-20 00:00:00
C108862,Returning,18-24,Yorkshire,2025-12-07 00:00:00
C108863,Returning,18-24,South East,2024-06-27 00:00:00
C108864,New,25-34,Yorkshire,2023-10-29 00:00:00
C108865,Returning,25-34,South West,2023-07-07 00:00:00
C108866,New,25-34,West Midlands,2024-02-20 00:00:00
C108867,Returning,18-24,London,2023-11-18 00:00:00
C108868,Returning,25-34,West Midlands,2023-08-09 00:00:00
C108869,Returning,55+,Yorkshire,2024-05-12 00:00:00
C108870,Returning,25-34,Yorkshire,2023-10-15 00:00:00
C108871,Returning,25-34,West Midlands,2025-12-20 00:00:00
C108872,New,35-44,Scotland,2023-12-02 00:00:00
C108873,Returning,25-34,London,2024-10-31 00:00:00
C108874,New,35-44,London,2025-04-07 00:00:00
C108875,New,25-34,South East,2025-11-05 00:00:00
C108876,Returning,55+,South West,2025-01-25 00:00:00
C108877,Returning,55+,South West,2023-10-12 00:00:00
C108878,New,45-54,South West,2024-09-03 00:00:00
C108879,Returning,25-34,East of England,2023-03-17 00:00:00
C108880,Returning,35-44,West Midlands,2023-10-25 00:00:00
C108881,Returning,25-34,South East,2025-12-12 00:00:00
C108882,Returning,45-54,North West,2023-01-06 00:00:00
C108883,New,18-24,West Midlands,2023-12-29 00:00:00
C108884,Returning,35-44,North West,2023-02-28 00:00:00
C108885,New,25-34,London,2024-08-11 00:00:00
C108886,New,35-44,West Midlands,2025-04-06 00:00:00
C108887,Returning,25-34,West Midlands,2023-03-20 00:00:00
C108888,Returning,25-34,London,2023-05-22 00:00:00
C108889,New,35-44,Scotland,2025-08-04 00:00:00
C108890,Returning,35-44,London,2023-11-03 00:00:00
C108891,Returning,25-34,East of England,2023-01-01 00:00:00
C108892,Returning,18-24,London,2023-04-18 00:00:00
C108893,New,45-54,East of England,2025-09-23 00:00:00
C108894,Returning,35-44,North West,2025-10-12 00:00:00
C108895,New,35-44,London,2023-07-01 00:00:00
C108896,New,35-44,London,2023-11-05 00:00:00
C108897,New,35-44,South East,2023-07-21 00:00:00
C108898,New,35-44,South West,2024-06-25 00:00:00
C108899,New,18-24,London,2025-06-27 00:00:00
C108900,New,35-44,South East,2025-04-15 00:00:00
C108901,Returning,35-44,Yorkshire,2024-02-29 00:00:00
C108902,Returning,18-24,North West,2025-02-03 00:00:00
C108903,New,45-54,West Midlands,2023-10-09 00:00:00
C108904,Returning,25-34,London,2025-09-27 00:00:00
C108905,New,18-24,North West,2024-10-18 00:00:00
C108906,Returning,45-54,London,2025-10-05 00:00:00
C108907,Returning,45-54,North West,2023-10-07 00:00:00
C108908,Returning,25-34,South East,2025-11-11 00:00:00
C108909,New,45-54,Scotland,2023-11-12 00:00:00
C108910,New,18-24,North West,2025-01-22 00:00:00
C108911,Returning,45-54,North West,2023-02-20 00:00:00
C108912,Returning,35-44,East of England,2023-09-11 00:00:00
C108913,Returning,45-54,Scotland,2024-08-16 00:00:00
C108914,Returning,25-34,South West,2024-07-08 00:00:00
C108915,New,25-34,North West,2023-05-23 00:00:00
C108916,Returning,45-54,East of England,2023-01-11 00:00:00
C108917,New,18-24,London,2025-07-09 00:00:00
C108918,Returning,25-34,South West,2023-09-26 00:00:00
C108919,Returning,25-34,Yorkshire,2025-04-06 00:00:00
C108920,Returning,35-44,North West,2023-07-10 00:00:00
C108921,Returning,18-24,East of England,2023-11-11 00:00:00
C108922,New,35-44,Yorkshire,2023-01-19 00:00:00
C108923,New,25-34,Yorkshire,2024-08-10 00:00:00
C108924,Returning,35-44,East of England,2024-07-22 00:00:00
C108925,Returning,55+,Yorkshire,2024-09-27 00:00:00
C108926,Returning,35-44,South East,2025-04-03 00:00:00
C108927,Returning,35-44,London,2025-01-03 00:00:00
C108928,New,35-44,North West,2023-08-11 00:00:00
C108929,New,18-24,London,2024-04-05 00:00:00
C108930,Returning,45-54,Yorkshire,2023-03-25 00:00:00
C108931,New,55+,East of England,2024-12-18 00:00:00
C108932,New,45-54,South East,2024-03-12 00:00:00
C108933,Returning,55+,East of England,2023-07-06 00:00:00
C108934,Returning,35-44,South West,2025-08-23 00:00:00
C108935,Returning,35-44,Scotland,2024-06-02 00:00:00
C108936,New,25-34,London,2023-02-27 00:00:00
C108937,New,55+,West Midlands,2023-04-14 00:00:00
C108938,Returning,35-44,Yorkshire,2023-11-17 00:00:00
C108939,Returning,25-34,South West,2025-11-01 00:00:00
C108940,New,45-54,East of England,2023-04-19 00:00:00
C108941,New,35-44,East of England,2024-03-17 00:00:00
C108942,New,55+,London,2024-03-13 00:00:00
C108943,Returning,45-54,West Midlands,2024-11-10 00:00:00
C108944,Returning,55+,Yorkshire,2024-10-20 00:00:00
C108945,Returning,35-44,London,2024-06-22 00:00:00
C108946,New,35-44,Scotland,2025-06-06 00:00:00
C108947,Returning,45-54,South West,2023-01-30 00:00:00
C108948,Returning,18-24,South West,2024-03-08 00:00:00
C108949,New,18-24,East of England,2023-03-10 00:00:00
C108950,New,55+,London,2023-11-28 00:00:00
C108951,Returning,55+,West Midlands,2023-10-19 00:00:00
C108952,New,55+,Yorkshire,2025-08-30 00:00:00
C108953,Returning,18-24,South West,2025-01-12 00:00:00
C108954,Returning,25-34,Yorkshire,2023-09-21 00:00:00
C108955,New,55+,London,2024-12-06 00:00:00
C108956,Returning,18-24,Yorkshire,2025-07-04 00:00:00
C108957,Returning,35-44,South East,2023-07-26 00:00:00
C108958,New,25-34,West Midlands,2024-09-12 00:00:00
C108959,Returning,55+,Scotland,2024-06-21 00:00:00
C108960,New,35-44,London,2025-10-02 00:00:00
C108961,New,25-34,London,2024-02-08 00:00:00
C108962,Returning,35-44,West Midlands,2025-01-16 00:00:00
C108963,Returning,18-24,East of England,2024-09-17 00:00:00
C108964,New,45-54,London,2023-12-22 00:00:00
C108965,New,35-44,London,2024-01-04 00:00:00
C108966,Returning,35-44,West Midlands,2025-08-06 00:00:00
C108967,New,35-44,North West,2025-09-12 00:00:00
C108968,Returning,25-34,London,2023-10-14 00:00:00
C108969,Returning,18-24,South West,2024-06-03 00:00:00
C108970,Returning,55+,East of England,2023-06-06 00:00:00
C108971,Returning,25-34,North West,2024-04-14 00:00:00
C108972,Returning,35-44,London,2025-08-12 00:00:00
C108973,New,25-34,North West,2025-02-12 00:00:00
C108974,New,55+,London,2024-06-18 00:00:00
C108975,New,45-54,West Midlands,2025-05-08 00:00:00
C108976,New,18-24,South West,2024-08-31 00:00:00
C108977,Returning,35-44,London,2024-04-26 00:00:00
C108978,Returning,35-44,London,2023-01-19 00:00:00
C108979,Returning,45-54,London,2023-04-30 00:00:00
C108980,Returning,55+,London,2024-08-15 00:00:00
C108981,Returning,45-54,South East,2023-04-04 00:00:00
C108982,Returning,45-54,West Midlands,2023-01-13 00:00:00
C108983,Returning,35-44,South West,2023-12-26 00:00:00
C108984,Returning,25-34,London,2024-09-03 00:00:00
C108985,Returning,35-44,South East,2025-03-16 00:00:00
C108986,New,45-54,East of England,2025-11-28 00:00:00
C108987,Returning,25-34,North West,2024-12-20 00:00:00
C108988,New,35-44,South West,2025-12-08 00:00:00
C108989,Returning,18-24,West Midlands,2023-11-13 00:00:00
C108990,Returning,25-34,London,2024-12-24 00:00:00
C108991,New,55+,London,2023-01-05 00:00:00
C108992,New,25-34,South West,2023-05-30 00:00:00
C108993,New,45-54,East of England,2024-12-07 00:00:00
C108994,Returning,25-34,West Midlands,2023-12-14 00:00:00
C108995,Returning,35-44,West Midlands,2024-09-12 00:00:00
C108996,Returning,55+,West Midlands,2025-11-03 00:00:00
C108997,Returning,45-54,London,2025-04-29 00:00:00
C108998,Returning,45-54,London,2024-01-23 00:00:00
C108999,Returning,25-34,Scotland,2025-01-24 00:00:00
C109000,Returning,25-34,London,2025-10-12 00:00:00
C109001,New,45-54,South East,2023-09-29 00:00:00
C109002,Returning,45-54,Yorkshire,2024-09-02 00:00:00
C109003,New,45-54,West Midlands,2025-03-17 00:00:00
C109004,New,45-54,Scotland,2024-12-26 00:00:00
C109005,Returning,25-34,London,2024-06-19 00:00:00
C109006,New,25-34,East of England,2024-04-21 00:00:00
C109007,Returning,55+,London,2024-09-24 00:00:00
C109008,Returning,35-44,London,2024-06-30 00:00:00
C109009,New,45-54,North West,2024-01-28 00:00:00
C109010,Returning,35-44,East of England,2025-08-19 00:00:00
C109011,Returning,55+,West Midlands,2025-05-19 00:00:00
C109012,Returning,45-54,South East,2024-12-06 00:00:00
C109013,New,25-34,West Midlands,2023-08-04 00:00:00
C109014,Returning,55+,London,2024-07-19 00:00:00
C109015,Returning,25-34,East of England,2023-08-13 00:00:00
C109016,Returning,35-44,East of England,2023-06-28 00:00:00
C109017,Returning,45-54,Yorkshire,2023-09-19 00:00:00
C109018,Returning,25-34,West Midlands,2023-06-23 00:00:00
C109019,Returning,25-34,North West,2025-05-18 00:00:00
C109020,New,35-44,North West,2024-07-19 00:00:00
C109021,Returning,55+,London,2025-03-11 00:00:00
C109022,Returning,25-34,West Midlands,2025-12-10 00:00:00
C109023,Returning,45-54,Yorkshire,2023-10-24 00:00:00
C109024,Returning,35-44,East of England,2023-08-03 00:00:00
C109025,Returning,25-34,South East,2023-06-08 00:00:00
C109026,Returning,45-54,South West,2023-01-21 00:00:00
C109027,Returning,35-44,South West,2023-02-01 00:00:00
C109028,New,45-54,East of England,2024-10-16 00:00:00
C109029,New,45-54,Scotland,2025-01-22 00:00:00
C109030,New,55+,London,2023-11-18 00:00:00
C109031,Returning,45-54,West Midlands,2024-08-15 00:00:00
C109032,Returning,18-24,South West,2023-08-16 00:00:00
C109033,Returning,45-54,South West,2025-02-11 00:00:00
C109034,Returning,35-44,London,2025-02-21 00:00:00
C109035,New,18-24,North West,2025-02-18 00:00:00
C109036,Returning,35-44,East of England,2024-07-17 00:00:00
C109037,Returning,45-54,London,2025-07-18 00:00:00
C109038,New,25-34,South East,2023-04-02 00:00:00
C109039,New,35-44,West Midlands,2024-04-02 00:00:00
C109040,New,35-44,West Midlands,2023-03-11 00:00:00
C109041,New,25-34,North West,2025-06-29 00:00:00
C109042,New,55+,London,2023-03-22 00:00:00
C109043,Returning,25-34,South West,2024-04-24 00:00:00
C109044,New,45-54,London,2023-07-24 00:00:00
C109045,New,45-54,South West,2025-02-17 00:00:00
C109046,New,35-44,London,2024-03-18 00:00:00
C109047,Returning,35-44,South West,2024-08-29 00:00:00
C109048,Returning,25-34,South East,2025-11-24 00:00:00
C109049,Returning,25-34,Yorkshire,2025-10-10 00:00:00
C109050,New,35-44,London,2024-04-16 00:00:00
C109051,Returning,25-34,North West,2024-02-12 00:00:00
C109052,Returning,45-54,South East,2023-11-26 00:00:00
C109053,Returning,35-44,London,2025-01-28 00:00:00
C109054,Returning,18-24,Yorkshire,2025-12-30 00:00:00
C109055,Returning,25-34,London,2024-10-19 00:00:00
C109056,Returning,45-54,Scotland,2024-09-13 00:00:00
C109057,Returning,25-34,North West,2026-01-03 00:00:00
C109058,New,45-54,London,2023-07-29 00:00:00
C109059,Returning,18-24,Scotland,2023-03-26 00:00:00
C109060,Returning,55+,London,2023-04-15 00:00:00
C109061,Returning,35-44,East of England,2024-10-19 00:00:00
C109062,Returning,35-44,South East,2025-09-12 00:00:00
C109063,Returning,35-44,North West,2023-09-13 00:00:00
C109064,New,25-34,East of England,2025-03-07 00:00:00
C109065,Returning,45-54,London,2025-08-30 00:00:00
C109066,New,18-24,Yorkshire,2025-10-05 00:00:00
C109067,Returning,25-34,London,2025-05-23 00:00:00
C109068,Returning,25-34,Yorkshire,2024-02-09 00:00:00
C109069,New,35-44,London,2024-12-29 00:00:00
C109070,New,55+,London,2024-09-02 00:00:00
C109071,New,18-24,London,2024-06-12 00:00:00
C109072,Returning,45-54,North West,2025-02-17 00:00:00
C109073,Returning,45-54,Scotland,2025-01-19 00:00:00
C109074,Returning,18-24,Scotland,2025-06-08 00:00:00
C109075,New,25-34,South West,2024-09-01 00:00:00
C109076,Returning,25-34,South West,2024-12-25 00:00:00
C109077,Returning,18-24,East of England,2023-11-13 00:00:00
C109078,New,45-54,North West,2024-06-04 00:00:00
C109079,New,35-44,London,2025-06-20 00:00:00
C109080,Returning,25-34,Yorkshire,2025-04-28 00:00:00
C109081,New,45-54,London,2024-07-17 00:00:00
C109082,New,25-34,East of England,2024-09-15 00:00:00
C109083,New,55+,West Midlands,2023-10-10 00:00:00
C109084,New,35-44,South East,2024-02-26 00:00:00
C109085,New,25-34,East of England,2024-12-31 00:00:00
C109086,New,35-44,London,2023-05-08 00:00:00
C109087,Returning,25-34,Scotland,2023-01-21 00:00:00
C109088,Returning,55+,Scotland,2024-10-21 00:00:00
C109089,Returning,35-44,North West,2025-03-03 00:00:00
C109090,Returning,55+,Yorkshire,2025-12-14 00:00:00
C109091,Returning,55+,London,2024-06-01 00:00:00
C109092,New,35-44,West Midlands,2023-05-16 00:00:00
C109093,New,45-54,East of England,2024-11-28 00:00:00
C109094,New,35-44,London,2023-12-05 00:00:00
C109095,Returning,18-24,South East,2023-06-22 00:00:00
C109096,Returning,55+,South East,2024-11-14 00:00:00
C109097,Returning,35-44,Yorkshire,2025-03-01 00:00:00
C109098,Returning,55+,Yorkshire,2023-03-02 00:00:00
C109099,Returning,35-44,London,2025-03-06 00:00:00
C109100,New,18-24,London,2024-09-23 00:00:00
C109101,Returning,25-34,South West,2025-03-26 00:00:00
C109102,Returning,25-34,London,2024-11-23 00:00:00
C109103,Returning,25-34,South East,2024-05-28 00:00:00
C109104,Returning,45-54,London,2024-01-03 00:00:00
C109105,Returning,18-24,South West,2024-12-05 00:00:00
C109106,New,55+,London,2023-08-08 00:00:00
C109107,Returning,35-44,South East,2024-08-27 00:00:00
C109108,Returning,35-44,North West,2025-04-08 00:00:00
C109109,Returning,25-34,London,2023-09-14 00:00:00
C109110,Returning,18-24,Scotland,2023-04-04 00:00:00
C109111,New,35-44,East of England,2023-01-26 00:00:00
C109112,Returning,25-34,Yorkshire,2024-09-02 00:00:00
C109113,Returning,35-44,West Midlands,2024-03-30 00:00:00
C109114,Returning,35-44,London,2024-12-20 00:00:00
C109115,Returning,25-34,North West,2025-06-15 00:00:00
C109116,New,35-44,London,2025-12-12 00:00:00
C109117,Returning,25-34,North West,2023-12-21 00:00:00
C109118,Returning,25-34,London,2023-05-04 00:00:00
C109119,Returning,45-54,Yorkshire,2025-04-03 00:00:00
C109120,Returning,18-24,South East,2023-01-22 00:00:00
C109121,Returning,25-34,West Midlands,2024-12-04 00:00:00
C109122,Returning,35-44,London,2023-10-30 00:00:00
C109123,New,35-44,South East,2024-01-24 00:00:00
C109124,Returning,55+,West Midlands,2023-05-17 00:00:00
C109125,Returning,45-54,West Midlands,2023-01-01 00:00:00
C109126,New,45-54,Scotland,2023-08-02 00:00:00
C109127,Returning,35-44,South East,2024-04-19 00:00:00
C109128,New,25-34,London,2023-11-20 00:00:00
C109129,Returning,18-24,North West,2024-03-08 00:00:00
C109130,New,45-54,South East,2023-05-03 00:00:00
C109131,Returning,35-44,East of England,2023-06-02 00:00:00
C109132,Returning,25-34,London,2025-04-02 00:00:00
C109133,Returning,35-44,East of England,2025-06-19 00:00:00
C109134,New,45-54,Yorkshire,2025-03-24 00:00:00
C109135,Returning,35-44,London,2025-11-17 00:00:00
C109136,Returning,25-34,West Midlands,2025-03-15 00:00:00
C109137,Returning,55+,West Midlands,2023-05-14 00:00:00
C109138,New,18-24,North West,2025-03-21 00:00:00
C109139,New,55+,West Midlands,2023-09-12 00:00:00
C109140,Returning,35-44,North West,2025-05-04 00:00:00
C109141,Returning,55+,Yorkshire,2024-11-26 00:00:00
C109142,New,55+,West Midlands,2025-07-20 00:00:00
C109143,Returning,25-34,North West,2025-11-11 00:00:00
C109144,New,45-54,East of England,2025-01-27 00:00:00
C109145,Returning,18-24,West Midlands,2025-10-24 00:00:00
C109146,New,18-24,West Midlands,2024-08-17 00:00:00
C109147,Returning,25-34,South East,2025-10-21 00:00:00
C109148,New,35-44,London,2023-04-08 00:00:00
C109149,New,18-24,South East,2024-04-29 00:00:00
C109150,New,35-44,West Midlands,2025-04-19 00:00:00
C109151,New,55+,South West,2025-12-20 00:00:00
C109152,Returning,45-54,London,2025-08-14 00:00:00
C109153,Returning,25-34,Yorkshire,2024-02-06 00:00:00
C109154,Returning,35-44,London,2024-11-21 00:00:00
C109155,Returning,25-34,London,2023-04-06 00:00:00
C109156,Returning,25-34,South East,2023-05-08 00:00:00
C109157,New,55+,West Midlands,2025-02-13 00:00:00
C109158,New,55+,London,2023-12-11 00:00:00
C109159,Returning,25-34,London,2024-09-03 00:00:00
C109160,New,25-34,North West,2023-08-15 00:00:00
C109161,Returning,25-34,West Midlands,2025-05-29 00:00:00
C109162,Returning,35-44,West Midlands,2023-04-05 00:00:00
C109163,Returning,18-24,South East,2024-11-14 00:00:00
C109164,Returning,25-34,South East,2025-01-14 00:00:00
C109165,Returning,25-34,London,2025-06-21 00:00:00
C109166,Returning,25-34,South East,2023-10-08 00:00:00
C109167,New,45-54,North West,2024-01-14 00:00:00
C109168,New,45-54,North West,2024-09-03 00:00:00
C109169,New,35-44,East of England,2023-11-13 00:00:00
C109170,New,35-44,East of England,2025-03-21 00:00:00
C109171,Returning,45-54,London,2025-04-12 00:00:00
C109172,New,25-34,London,2025-04-11 00:00:00
C109173,New,55+,East of England,2024-07-01 00:00:00
C109174,Returning,18-24,South East,2024-11-21 00:00:00
C109175,Returning,55+,West Midlands,2023-07-17 00:00:00
C109176,Returning,25-34,Yorkshire,2023-08-06 00:00:00
C109177,Returning,45-54,North West,2024-02-17 00:00:00
C109178,Returning,18-24,London,2023-08-16 00:00:00
C109179,New,45-54,London,2025-05-30 00:00:00
C109180,Returning,35-44,London,2023-10-11 00:00:00
C109181,New,18-24,London,2025-10-13 00:00:00
C109182,Returning,45-54,London,2024-03-28 00:00:00
C109183,Returning,18-24,North West,2025-04-16 00:00:00
C109184,Returning,35-44,West Midlands,2023-03-25 00:00:00
C109185,Returning,25-34,London,2025-02-28 00:00:00
C109186,Returning,45-54,London,2024-05-16 00:00:00
C109187,Returning,45-54,Scotland,2025-06-11 00:00:00
C109188,Returning,35-44,London,2023-07-19 00:00:00
C109189,Returning,45-54,South East,2023-08-09 00:00:00
C109190,Returning,55+,North West,2025-08-06 00:00:00
C109191,New,45-54,London,2024-09-29 00:00:00
C109192,Returning,25-34,London,2024-09-10 00:00:00
C109193,New,35-44,London,2024-10-15 00:00:00
C109194,Returning,25-34,Scotland,2024-01-29 00:00:00
C109195,New,35-44,North West,2025-11-06 00:00:00
C109196,Returning,25-34,North West,2024-09-01 00:00:00
C109197,New,45-54,East of England,2023-01-17 00:00:00
C109198,New,35-44,North West,2023-11-12 00:00:00
C109199,Returning,35-44,South East,2025-12-03 00:00:00
C109200,New,18-24,West Midlands,2024-06-18 00:00:00
C109201,Returning,18-24,West Midlands,2025-03-09 00:00:00
C109202,Returning,45-54,West Midlands,2023-01-21 00:00:00
C109203,New,35-44,South West,2023-01-25 00:00:00
C109204,New,55+,London,2023-08-13 00:00:00
C109205,Returning,35-44,London,2024-07-24 00:00:00
C109206,Returning,25-34,South East,2024-11-01 00:00:00
C109207,Returning,45-54,London,2023-03-18 00:00:00
C109208,New,45-54,Scotland,2025-10-05 00:00:00
C109209,Returning,18-24,West Midlands,2024-10-25 00:00:00
C109210,Returning,45-54,London,2024-01-22 00:00:00
C109211,Returning,25-34,North West,2024-05-11 00:00:00
C109212,New,25-34,South West,2024-07-10 00:00:00
C109213,New,18-24,West Midlands,2025-04-29 00:00:00
C109214,New,35-44,West Midlands,2023-04-13 00:00:00
C109215,Returning,45-54,Yorkshire,2024-09-29 00:00:00
C109216,Returning,25-34,London,2024-07-29 00:00:00
C109217,Returning,45-54,North West,2025-05-15 00:00:00
C109218,Returning,45-54,North West,2024-02-01 00:00:00
C109219,New,25-34,South West,2024-02-10 00:00:00
C109220,Returning,18-24,East of England,2025-06-07 00:00:00
C109221,New,25-34,Scotland,2025-07-31 00:00:00
C109222,New,25-34,London,2025-06-24 00:00:00
C109223,Returning,55+,South West,2025-08-10 00:00:00
C109224,New,45-54,Yorkshire,2023-04-23 00:00:00
C109225,Returning,18-24,South East,2024-12-21 00:00:00
C109226,Returning,35-44,East of England,2025-01-26 00:00:00
C109227,Returning,25-34,East of England,2023-10-18 00:00:00
C109228,Returning,18-24,South West,2024-05-13 00:00:00
C109229,Returning,25-34,London,2025-12-26 00:00:00
C109230,New,25-34,London,2023-06-03 00:00:00
C109231,Returning,25-34,East of England,2025-06-18 00:00:00
C109232,Returning,25-34,Scotland,2023-12-16 00:00:00
C109233,Returning,25-34,South East,2025-07-25 00:00:00
C109234,New,35-44,South East,2024-08-11 00:00:00
C109235,New,35-44,North West,2023-01-13 00:00:00
C109236,New,25-34,London,2023-04-30 00:00:00
C109237,Returning,35-44,North West,2025-06-27 00:00:00
C109238,Returning,25-34,Scotland,2025-05-20 00:00:00
C109239,Returning,55+,South East,2023-08-28 00:00:00
C109240,New,18-24,South West,2024-12-06 00:00:00
C109241,Returning,35-44,North West,2024-07-13 00:00:00
C109242,New,25-34,South East,2023-03-01 00:00:00
C109243,New,25-34,West Midlands,2025-02-13 00:00:00
C109244,New,35-44,North West,2023-06-25 00:00:00
C109245,Returning,45-54,South West,2024-03-27 00:00:00
C109246,Returning,55+,North West,2023-01-09 00:00:00
C109247,New,35-44,East of England,2023-09-25 00:00:00
C109248,Returning,25-34,London,2025-10-26 00:00:00
C109249,Returning,45-54,Scotland,2024-07-04 00:00:00
C109250,New,25-34,North West,2025-03-06 00:00:00
C109251,New,35-44,West Midlands,2023-11-26 00:00:00
C109252,Returning,45-54,London,2023-02-17 00:00:00
C109253,Returning,25-34,South East,2024-11-07 00:00:00
C109254,Returning,35-44,West Midlands,2023-09-22 00:00:00
C109255,New,18-24,Scotland,2023-05-01 00:00:00
C109256,Returning,18-24,South West,2024-06-27 00:00:00
C109257,Returning,55+,London,2024-03-25 00:00:00
C109258,Returning,25-34,South East,2023-05-08 00:00:00
C109259,Returning,25-34,West Midlands,2024-10-12 00:00:00
C109260,Returning,35-44,East of England,2024-05-05 00:00:00
C109261,New,25-34,South West,2025-12-25 00:00:00
C109262,Returning,18-24,London,2023-04-08 00:00:00
C109263,Returning,25-34,London,2024-06-29 00:00:00
C109264,New,35-44,London,2025-05-22 00:00:00
C109265,Returning,35-44,West Midlands,2024-04-13 00:00:00
C109266,Returning,45-54,London,2023-08-18 00:00:00
C109267,Returning,25-34,South East,2025-12-24 00:00:00
C109268,Returning,55+,South West,2023-12-24 00:00:00
C109269,Returning,25-34,West Midlands,2025-10-14 00:00:00
C109270,New,25-34,Scotland,2025-07-13 00:00:00
C109271,Returning,55+,South West,2025-01-10 00:00:00
C109272,Returning,45-54,South East,2025-04-30 00:00:00
C109273,Returning,25-34,London,2024-08-22 00:00:00
C109274,Returning,25-34,North West,2025-01-05 00:00:00
C109275,New,45-54,Yorkshire,2023-10-25 00:00:00
C109276,Returning,18-24,West Midlands,2023-03-03 00:00:00
C109277,New,25-34,East of England,2024-11-17 00:00:00
C109278,New,35-44,South West,2025-06-02 00:00:00
C109279,Returning,45-54,North West,2025-07-06 00:00:00
C109280,Returning,35-44,London,2025-04-18 00:00:00
C109281,Returning,35-44,South East,2025-12-15 00:00:00
C109282,Returning,55+,West Midlands,2024-10-16 00:00:00
C109283,New,18-24,South East,2023-07-08 00:00:00
C109284,Returning,45-54,East of England,2023-08-14 00:00:00
C109285,New,25-34,West Midlands,2023-10-29 00:00:00
C109286,Returning,45-54,London,2025-12-09 00:00:00
C109287,Returning,35-44,South West,2025-08-30 00:00:00
C109288,Returning,25-34,North West,2025-03-09 00:00:00
C109289,New,35-44,London,2025-08-05 00:00:00
C109290,Returning,55+,North West,2024-01-12 00:00:00
C109291,Returning,35-44,Yorkshire,2025-02-27 00:00:00
C109292,Returning,18-24,West Midlands,2023-07-03 00:00:00
C109293,New,18-24,South East,2023-04-25 00:00:00
C109294,New,35-44,Yorkshire,2024-12-07 00:00:00
C109295,Returning,35-44,Yorkshire,2025-02-15 00:00:00
C109296,New,25-34,London,2024-10-16 00:00:00
C109297,Returning,25-34,London,2024-05-30 00:00:00
C109298,Returning,45-54,Yorkshire,2024-10-28 00:00:00
C109299,New,25-34,London,2024-02-13 00:00:00
C109300,Returning,18-24,Scotland,2023-11-20 00:00:00
C109301,New,25-34,London,2023-10-03 00:00:00
C109302,New,35-44,South West,2024-02-05 00:00:00
C109303,Returning,55+,Scotland,2023-12-16 00:00:00
C109304,New,35-44,South East,2023-06-24 00:00:00
C109305,Returning,25-34,North West,2024-08-12 00:00:00
C109306,Returning,45-54,London,2024-03-28 00:00:00
C109307,Returning,25-34,North West,2023-06-28 00:00:00
C109308,New,55+,Scotland,2025-09-24 00:00:00
C109309,Returning,25-34,Scotland,2024-07-14 00:00:00
C109310,New,55+,West Midlands,2023-06-06 00:00:00
C109311,Returning,55+,South West,2023-02-23 00:00:00
C109312,New,45-54,South West,2023-04-05 00:00:00
C109313,Returning,18-24,South East,2024-03-27 00:00:00
C109314,New,45-54,South West,2023-09-24 00:00:00
C109315,Returning,45-54,London,2025-11-22 00:00:00
C109316,Returning,25-34,Scotland,2024-05-31 00:00:00
C109317,New,35-44,East of England,2025-03-23 00:00:00
C109318,Returning,35-44,North West,2023-09-26 00:00:00
C109319,New,55+,South East,2023-03-17 00:00:00
C109320,Returning,45-54,Scotland,2024-01-04 00:00:00
C109321,New,25-34,London,2025-01-26 00:00:00
C109322,New,35-44,West Midlands,2025-04-20 00:00:00
C109323,Returning,25-34,West Midlands,2023-08-04 00:00:00
C109324,Returning,25-34,South East,2023-11-23 00:00:00
C109325,Returning,45-54,London,2024-06-05 00:00:00
C109326,Returning,35-44,South East,2024-01-17 00:00:00
C109327,New,45-54,Scotland,2023-11-20 00:00:00
C109328,New,35-44,South West,2025-12-18 00:00:00
C109329,Returning,25-34,East of England,2025-10-24 00:00:00
C109330,Returning,45-54,West Midlands,2024-01-27 00:00:00
C109331,New,18-24,Yorkshire,2023-03-01 00:00:00
C109332,New,55+,West Midlands,2024-01-30 00:00:00
C109333,Returning,55+,Yorkshire,2025-08-27 00:00:00
C109334,Returning,55+,East of England,2025-09-16 00:00:00
C109335,Returning,55+,South East,2025-02-10 00:00:00
C109336,Returning,35-44,Scotland,2025-01-13 00:00:00
C109337,Returning,35-44,East of England,2024-02-04 00:00:00
C109338,Returning,45-54,West Midlands,2024-04-29 00:00:00
C109339,New,25-34,Scotland,2025-08-25 00:00:00
C109340,New,45-54,East of England,2023-08-26 00:00:00
C109341,New,25-34,London,2024-03-22 00:00:00
C109342,Returning,55+,London,2025-08-22 00:00:00
C109343,New,35-44,Yorkshire,2025-02-07 00:00:00
C109344,Returning,45-54,South West,2023-05-01 00:00:00
C109345,Returning,35-44,South East,2025-05-16 00:00:00
C109346,Returning,35-44,West Midlands,2023-03-16 00:00:00
C109347,Returning,55+,North West,2023-11-12 00:00:00
C109348,Returning,25-34,West Midlands,2025-10-08 00:00:00
C109349,New,25-34,London,2023-03-21 00:00:00
C109350,Returning,18-24,London,2023-07-26 00:00:00
C109351,Returning,35-44,South West,2025-08-12 00:00:00
C109352,New,35-44,London,2025-01-06 00:00:00
C109353,Returning,35-44,North West,2023-09-12 00:00:00
C109354,Returning,18-24,North West,2024-01-14 00:00:00
C109355,New,18-24,Scotland,2025-10-21 00:00:00
C109356,Returning,55+,Scotland,2024-10-27 00:00:00
C109357,Returning,45-54,Scotland,2023-12-13 00:00:00
C109358,Returning,18-24,North West,2023-06-08 00:00:00
C109359,New,18-24,London,2024-04-01 00:00:00
C109360,New,25-34,South East,2023-12-15 00:00:00
C109361,Returning,45-54,West Midlands,2024-04-18 00:00:00
C109362,Returning,45-54,London,2023-02-23 00:00:00
C109363,Returning,35-44,London,2024-05-29 00:00:00
C109364,Returning,35-44,South East,2023-09-29 00:00:00
C109365,New,45-54,South East,2025-11-25 00:00:00
C109366,Returning,25-34,North West,2023-11-01 00:00:00
C109367,Returning,25-34,Scotland,2023-09-27 00:00:00
C109368,Returning,25-34,West Midlands,2023-11-29 00:00:00
C109369,Returning,55+,London,2024-10-31 00:00:00
C109370,Returning,35-44,North West,2025-03-15 00:00:00
C109371,New,35-44,South East,2023-11-20 00:00:00
C109372,Returning,45-54,East of England,2025-02-02 00:00:00
C109373,Returning,25-34,West Midlands,2023-05-25 00:00:00
C109374,Returning,25-34,South East,2023-07-30 00:00:00
C109375,New,35-44,Yorkshire,2023-11-14 00:00:00
C109376,Returning,55+,West Midlands,2025-02-08 00:00:00
C109377,New,25-34,North West,2024-08-30 00:00:00
C109378,New,35-44,London,2024-05-22 00:00:00
C109379,New,55+,South East,2024-10-29 00:00:00
C109380,Returning,45-54,London,2023-08-04 00:00:00
C109381,Returning,35-44,South West,2023-10-18 00:00:00
C109382,Returning,25-34,South East,2025-02-15 00:00:00
C109383,Returning,25-34,London,2025-12-22 00:00:00
C109384,Returning,25-34,North West,2023-01-01 00:00:00
C109385,Returning,25-34,North West,2024-02-04 00:00:00
C109386,Returning,45-54,South East,2025-08-29 00:00:00
C109387,Returning,45-54,Scotland,2025-07-04 00:00:00
C109388,New,45-54,North West,2023-10-15 00:00:00
C109389,New,25-34,East of England,2023-02-08 00:00:00
C109390,Returning,25-34,South East,2024-09-16 00:00:00
C109391,Returning,45-54,North West,2025-02-03 00:00:00
C109392,Returning,25-34,West Midlands,2023-10-07 00:00:00
C109393,New,25-34,West Midlands,2023-11-30 00:00:00
C109394,Returning,25-34,London,2025-01-11 00:00:00
C109395,Returning,25-34,London,2024-08-13 00:00:00
C109396,Returning,18-24,East of England,2023-11-07 00:00:00
C109397,Returning,25-34,East of England,2025-07-09 00:00:00
C109398,Returning,55+,London,2025-09-20 00:00:00
C109399,Returning,18-24,London,2025-03-08 00:00:00
C109400,Returning,35-44,London,2025-11-06 00:00:00
C109401,Returning,35-44,North West,2024-01-31 00:00:00
C109402,Returning,35-44,London,2023-05-02 00:00:00
C109403,Returning,35-44,South West,2025-03-16 00:00:00
C109404,Returning,18-24,London,2024-09-08 00:00:00
C109405,Returning,18-24,Yorkshire,2024-03-31 00:00:00
C109406,Returning,35-44,East of England,2023-10-14 00:00:00
C109407,New,55+,London,2023-03-11 00:00:00
C109408,Returning,25-34,East of England,2023-07-08 00:00:00
C109409,Returning,35-44,East of England,2025-01-02 00:00:00
C109410,New,55+,North West,2023-09-08 00:00:00
C109411,New,45-54,South East,2025-10-27 00:00:00
C109412,New,45-54,North West,2024-06-04 00:00:00
C109413,Returning,35-44,South East,2023-04-03 00:00:00
C109414,Returning,55+,Scotland,2024-12-20 00:00:00
C109415,Returning,35-44,North West,2025-01-26 00:00:00
C109416,Returning,35-44,South West,2023-07-17 00:00:00
C109417,Returning,45-54,North West,2025-07-12 00:00:00
C109418,Returning,25-34,South East,2025-03-22 00:00:00
C109419,Returning,55+,West Midlands,2024-10-18 00:00:00
C109420,New,55+,East of England,2023-05-14 00:00:00
C109421,New,35-44,South East,2024-06-17 00:00:00
C109422,Returning,25-34,South East,2025-12-03 00:00:00
C109423,New,45-54,Scotland,2023-09-18 00:00:00
C109424,Returning,25-34,South East,2025-10-26 00:00:00
C109425,Returning,35-44,East of England,2023-08-02 00:00:00
C109426,New,18-24,London,2024-10-28 00:00:00
C109427,Returning,45-54,South West,2024-03-11 00:00:00
C109428,Returning,55+,North West,2023-03-16 00:00:00
C109429,Returning,18-24,London,2024-12-06 00:00:00
C109430,Returning,45-54,London,2024-06-04 00:00:00
C109431,New,45-54,South East,2023-12-13 00:00:00
C109432,Returning,18-24,Yorkshire,2023-09-13 00:00:00
C109433,Returning,25-34,South East,2024-06-21 00:00:00
C109434,Returning,25-34,South East,2023-04-27 00:00:00
C109435,Returning,45-54,North West,2024-10-21 00:00:00
C109436,New,35-44,Scotland,2023-04-13 00:00:00
C109437,Returning,25-34,London,2023-08-19 00:00:00
C109438,Returning,25-34,Yorkshire,2024-07-14 00:00:00
C109439,New,35-44,East of England,2025-03-26 00:00:00
C109440,Returning,18-24,North West,2024-03-13 00:00:00
C109441,Returning,35-44,Scotland,2024-11-22 00:00:00
C109442,Returning,18-24,North West,2025-10-21 00:00:00
C109443,New,45-54,Yorkshire,2024-10-13 00:00:00
C109444,Returning,45-54,South West,2025-04-05 00:00:00
C109445,New,45-54,London,2024-06-09 00:00:00
C109446,Returning,25-34,North West,2023-10-13 00:00:00
C109447,Returning,35-44,North West,2024-02-06 00:00:00
C109448,New,45-54,London,2024-01-22 00:00:00
C109449,New,35-44,West Midlands,2024-08-26 00:00:00
C109450,Returning,25-34,South West,2023-06-16 00:00:00
C109451,New,18-24,London,2025-04-22 00:00:00
C109452,Returning,35-44,West Midlands,2023-06-17 00:00:00
C109453,Returning,35-44,London,2025-02-15 00:00:00
C109454,Returning,55+,London,2024-06-03 00:00:00
C109455,New,45-54,North West,2025-03-22 00:00:00
C109456,New,45-54,London,2023-07-12 00:00:00
C109457,New,55+,West Midlands,2023-08-19 00:00:00
C109458,Returning,45-54,London,2023-10-05 00:00:00
C109459,Returning,18-24,East of England,2025-05-07 00:00:00
C109460,Returning,18-24,East of England,2023-10-19 00:00:00
C109461,New,45-54,London,2024-01-04 00:00:00
C109462,New,25-34,London,2023-06-03 00:00:00
C109463,New,55+,South East,2023-09-14 00:00:00
C109464,Returning,18-24,London,2025-07-30 00:00:00
C109465,New,25-34,Yorkshire,2023-05-14 00:00:00
C109466,New,45-54,North West,2025-09-30 00:00:00
C109467,Returning,45-54,North West,2025-07-02 00:00:00
C109468,Returning,45-54,East of England,2025-11-08 00:00:00
C109469,New,18-24,South West,2024-11-16 00:00:00
C109470,Returning,25-34,West Midlands,2025-01-22 00:00:00
C109471,New,35-44,North West,2025-07-14 00:00:00
C109472,New,55+,West Midlands,2025-02-19 00:00:00
C109473,New,25-34,North West,2024-09-09 00:00:00
C109474,New,35-44,London,2024-04-08 00:00:00
C109475,Returning,25-34,South East,2025-08-04 00:00:00
C109476,Returning,45-54,South East,2023-12-14 00:00:00
C109477,Returning,25-34,London,2024-09-04 00:00:00
C109478,New,55+,West Midlands,2023-03-08 00:00:00
C109479,Returning,18-24,Yorkshire,2024-12-11 00:00:00
C109480,Returning,45-54,West Midlands,2023-05-26 00:00:00
C109481,New,45-54,Scotland,2023-03-03 00:00:00
C109482,Returning,25-34,South East,2023-11-23 00:00:00
C109483,Returning,25-34,Scotland,2025-01-06 00:00:00
C109484,Returning,35-44,London,2025-06-25 00:00:00
C109485,New,35-44,South East,2024-10-19 00:00:00
C109486,Returning,45-54,London,2024-12-20 00:00:00
C109487,Returning,35-44,London,2023-09-24 00:00:00
C109488,Returning,25-34,London,2023-04-28 00:00:00
C109489,Returning,55+,North West,2023-05-05 00:00:00
C109490,Returning,25-34,London,2023-03-24 00:00:00
C109491,Returning,35-44,London,2024-01-17 00:00:00
C109492,Returning,55+,South East,2025-04-02 00:00:00
C109493,Returning,55+,Yorkshire,2023-03-08 00:00:00
C109494,New,25-34,West Midlands,2024-01-17 00:00:00
C109495,New,25-34,London,2024-10-22 00:00:00
C109496,New,35-44,London,2023-03-07 00:00:00
C109497,New,25-34,Yorkshire,2024-08-23 00:00:00
C109498,Returning,45-54,Yorkshire,2024-03-13 00:00:00
C109499,New,35-44,West Midlands,2025-10-06 00:00:00
C109500,Returning,25-34,North West,2024-06-29 00:00:00
C109501,Returning,25-34,South East,2024-07-23 00:00:00
C109502,Returning,45-54,West Midlands,2025-07-24 00:00:00
C109503,New,45-54,Yorkshire,2025-03-13 00:00:00
C109504,Returning,25-34,South West,2024-08-25 00:00:00
C109505,Returning,18-24,South East,2024-12-31 00:00:00
C109506,Returning,25-34,Yorkshire,2024-03-20 00:00:00
C109507,New,35-44,West Midlands,2025-02-08 00:00:00
C109508,Returning,45-54,Yorkshire,2023-12-06 00:00:00
C109509,New,55+,Yorkshire,2023-12-12 00:00:00
C109510,Returning,55+,South West,2025-06-30 00:00:00
C109511,Returning,35-44,London,2024-04-01 00:00:00
C109512,New,55+,South East,2024-08-07 00:00:00
C109513,Returning,25-34,South East,2023-05-12 00:00:00
C109514,New,35-44,West Midlands,2024-01-14 00:00:00
C109515,Returning,35-44,West Midlands,2024-12-16 00:00:00
C109516,Returning,45-54,Yorkshire,2024-08-06 00:00:00
C109517,New,45-54,North West,2023-11-29 00:00:00
C109518,New,25-34,North West,2023-02-02 00:00:00
C109519,New,55+,North West,2024-08-26 00:00:00
C109520,Returning,55+,South East,2024-01-19 00:00:00
C109521,Returning,55+,London,2025-10-10 00:00:00
C109522,New,35-44,London,2023-02-18 00:00:00
C109523,Returning,55+,South West,2025-01-21 00:00:00
C109524,New,45-54,London,2024-02-26 00:00:00
C109525,Returning,35-44,South East,2023-10-22 00:00:00
C109526,Returning,35-44,South East,2025-02-24 00:00:00
C109527,New,45-54,North West,2024-07-20 00:00:00
C109528,Returning,45-54,East of England,2023-03-24 00:00:00
C109529,New,35-44,East of England,2024-10-24 00:00:00
C109530,Returning,55+,London,2023-07-16 00:00:00
C109531,Returning,25-34,North West,2025-07-24 00:00:00
C109532,Returning,35-44,London,2023-09-23 00:00:00
C109533,Returning,25-34,South West,2025-05-23 00:00:00
C109534,Returning,35-44,South East,2023-12-29 00:00:00
C109535,New,25-34,London,2023-12-13 00:00:00
C109536,Returning,25-34,West Midlands,2023-01-03 00:00:00
C109537,New,25-34,West Midlands,2025-10-08 00:00:00
C109538,Returning,18-24,Scotland,2024-08-30 00:00:00
C109539,New,18-24,London,2023-06-12 00:00:00
C109540,Returning,45-54,Scotland,2023-02-07 00:00:00
C109541,Returning,25-34,London,2023-10-31 00:00:00
C109542,Returning,18-24,London,2024-06-25 00:00:00
C109543,Returning,18-24,South West,2023-02-07 00:00:00
C109544,Returning,25-34,North West,2024-02-02 00:00:00
C109545,New,18-24,East of England,2023-12-09 00:00:00
C109546,Returning,55+,North West,2025-08-18 00:00:00
C109547,Returning,35-44,West Midlands,2024-03-31 00:00:00
C109548,Returning,25-34,London,2023-04-26 00:00:00
C109549,New,35-44,Scotland,2023-09-23 00:00:00
C109550,Returning,18-24,Yorkshire,2025-06-27 00:00:00
C109551,New,45-54,North West,2023-01-14 00:00:00
C109552,Returning,55+,South West,2023-05-27 00:00:00
C109553,New,25-34,London,2023-01-12 00:00:00
C109554,New,25-34,East of England,2023-02-24 00:00:00
C109555,New,35-44,West Midlands,2025-10-13 00:00:00
C109556,New,25-34,South West,2025-12-25 00:00:00
C109557,Returning,25-34,Yorkshire,2025-03-19 00:00:00
C109558,Returning,35-44,West Midlands,2023-04-12 00:00:00
C109559,Returning,35-44,South West,2025-02-07 00:00:00
C109560,Returning,25-34,Yorkshire,2025-04-29 00:00:00
C109561,New,45-54,London,2025-05-14 00:00:00
C109562,New,18-24,Yorkshire,2025-04-01 00:00:00
C109563,Returning,25-34,West Midlands,2025-02-02 00:00:00
C109564,Returning,45-54,East of England,2024-05-01 00:00:00
C109565,Returning,35-44,South West,2023-03-09 00:00:00
C109566,New,35-44,London,2025-06-25 00:00:00
C109567,Returning,45-54,London,2025-10-15 00:00:00
C109568,New,35-44,London,2024-07-04 00:00:00
C109569,Returning,55+,South West,2024-04-16 00:00:00
C109570,New,35-44,East of England,2025-10-06 00:00:00
C109571,Returning,25-34,Yorkshire,2024-05-13 00:00:00
C109572,Returning,45-54,South West,2024-02-12 00:00:00
C109573,Returning,25-34,North West,2025-09-02 00:00:00
C109574,New,45-54,West Midlands,2025-10-16 00:00:00
C109575,Returning,25-34,Scotland,2023-08-13 00:00:00
C109576,New,35-44,London,2023-10-30 00:00:00
C109577,Returning,45-54,West Midlands,2023-12-11 00:00:00
C109578,New,35-44,South East,2023-06-25 00:00:00
C109579,New,18-24,London,2025-07-29 00:00:00
C109580,Returning,35-44,North West,2025-12-07 00:00:00
C109581,New,45-54,South East,2024-07-25 00:00:00
C109582,New,55+,West Midlands,2025-02-21 00:00:00
C109583,Returning,35-44,London,2024-04-07 00:00:00
C109584,Returning,18-24,South East,2025-12-31 00:00:00
C109585,Returning,25-34,London,2025-11-16 00:00:00
C109586,New,35-44,East of England,2025-04-04 00:00:00
C109587,Returning,18-24,North West,2025-09-04 00:00:00
C109588,Returning,45-54,South West,2023-05-29 00:00:00
C109589,New,35-44,West Midlands,2025-09-03 00:00:00
C109590,Returning,25-34,London,2024-04-14 00:00:00
C109591,New,25-34,Yorkshire,2023-08-22 00:00:00
C109592,Returning,18-24,London,2025-10-21 00:00:00
C109593,Returning,35-44,West Midlands,2025-07-17 00:00:00
C109594,Returning,35-44,North West,2023-05-29 00:00:00
C109595,Returning,25-34,South West,2024-12-23 00:00:00
C109596,New,35-44,East of England,2025-08-28 00:00:00
C109597,New,25-34,London,2025-01-30 00:00:00
C109598,Returning,35-44,Yorkshire,2024-06-14 00:00:00
C109599,Returning,55+,West Midlands,2023-02-22 00:00:00
C109600,Returning,25-34,South West,2024-06-29 00:00:00
C109601,New,25-34,Scotland,2024-09-03 00:00:00
C109602,Returning,45-54,North West,2025-07-16 00:00:00
C109603,Returning,25-34,South East,2023-08-29 00:00:00
C109604,New,35-44,South West,2023-08-16 00:00:00
C109605,Returning,45-54,North West,2025-10-16 00:00:00
C109606,Returning,35-44,East of England,2025-07-10 00:00:00
C109607,Returning,55+,North West,2024-09-09 00:00:00
C109608,Returning,35-44,Scotland,2024-05-05 00:00:00
C109609,New,35-44,London,2024-11-10 00:00:00
C109610,Returning,18-24,Yorkshire,2023-06-17 00:00:00
C109611,Returning,25-34,South East,2023-09-25 00:00:00
C109612,Returning,35-44,Yorkshire,2024-08-18 00:00:00
C109613,New,25-34,Scotland,2024-04-08 00:00:00
C109614,New,35-44,Yorkshire,2023-07-15 00:00:00
C109615,Returning,25-34,South West,2024-08-05 00:00:00
C109616,New,18-24,London,2024-12-19 00:00:00
C109617,New,35-44,London,2025-06-12 00:00:00
C109618,Returning,35-44,North West,2024-11-23 00:00:00
C109619,Returning,25-34,West Midlands,2024-11-03 00:00:00
C109620,New,45-54,London,2024-09-04 00:00:00
C109621,Returning,25-34,Yorkshire,2023-05-05 00:00:00
C109622,Returning,18-24,Yorkshire,2024-02-27 00:00:00
C109623,Returning,55+,London,2024-05-10 00:00:00
C109624,Returning,55+,London,2024-07-30 00:00:00
C109625,Returning,25-34,South East,2023-11-22 00:00:00
C109626,New,25-34,North West,2025-03-29 00:00:00
C109627,New,45-54,East of England,2024-08-15 00:00:00
C109628,Returning,35-44,West Midlands,2023-12-03 00:00:00
C109629,Returning,18-24,London,2024-05-31 00:00:00
C109630,Returning,18-24,East of England,2025-02-19 00:00:00
C109631,Returning,25-34,London,2023-01-25 00:00:00
C109632,New,45-54,North West,2024-01-11 00:00:00
C109633,New,35-44,West Midlands,2023-08-17 00:00:00
C109634,Returning,25-34,East of England,2023-12-20 00:00:00
C109635,New,25-34,Yorkshire,2024-12-27 00:00:00
C109636,Returning,25-34,London,2023-08-23 00:00:00
C109637,Returning,45-54,South East,2024-08-21 00:00:00
C109638,Returning,55+,London,2024-02-19 00:00:00
C109639,New,35-44,South East,2023-02-28 00:00:00
C109640,Returning,45-54,West Midlands,2025-09-01 00:00:00
C109641,New,25-34,North West,2024-10-19 00:00:00
C109642,Returning,35-44,South West,2023-11-23 00:00:00
C109643,New,35-44,London,2024-07-07 00:00:00
C109644,Returning,18-24,West Midlands,2025-12-21 00:00:00
C109645,Returning,35-44,East of England,2023-06-15 00:00:00
C109646,Returning,45-54,West Midlands,2025-07-25 00:00:00
C109647,Returning,18-24,North West,2023-01-03 00:00:00
C109648,New,35-44,South West,2025-08-08 00:00:00
C109649,Returning,55+,Yorkshire,2024-01-04 00:00:00
C109650,Returning,45-54,West Midlands,2023-11-22 00:00:00
C109651,Returning,35-44,Scotland,2025-05-07 00:00:00
C109652,New,25-34,London,2023-06-29 00:00:00
C109653,Returning,45-54,London,2023-05-27 00:00:00
C109654,Returning,25-34,West Midlands,2024-05-28 00:00:00
C109655,Returning,25-34,London,2025-11-04 00:00:00
C109656,Returning,25-34,London,2023-12-31 00:00:00
C109657,New,35-44,London,2024-08-19 00:00:00
C109658,Returning,35-44,Yorkshire,2024-03-13 00:00:00
C109659,Returning,45-54,West Midlands,2025-04-14 00:00:00
C109660,New,35-44,East of England,2025-09-16 00:00:00
C109661,Returning,55+,South East,2025-12-10 00:00:00
C109662,New,35-44,North West,2023-10-24 00:00:00
C109663,Returning,35-44,London,2023-10-16 00:00:00
C109664,New,25-34,London,2025-10-14 00:00:00
C109665,Returning,25-34,Yorkshire,2024-10-03 00:00:00
C109666,Returning,35-44,London,2023-12-27 00:00:00
C109667,Returning,45-54,Yorkshire,2024-01-10 00:00:00
C109668,Returning,25-34,Yorkshire,2023-07-14 00:00:00
C109669,Returning,35-44,Yorkshire,2023-04-04 00:00:00
C109670,New,25-34,North West,2024-01-17 00:00:00
C109671,Returning,35-44,East of England,2025-05-22 00:00:00
C109672,Returning,25-34,London,2024-12-26 00:00:00
C109673,Returning,25-34,Scotland,2023-01-14 00:00:00
C109674,Returning,25-34,London,2023-02-19 00:00:00
C109675,New,45-54,West Midlands,2025-08-13 00:00:00
C109676,Returning,45-54,East of England,2025-05-22 00:00:00
C109677,Returning,18-24,South East,2025-05-24 00:00:00
C109678,Returning,18-24,East of England,2025-08-05 00:00:00
C109679,Returning,35-44,North West,2024-12-03 00:00:00
C109680,Returning,25-34,East of England,2024-01-07 00:00:00
C109681,New,45-54,London,2024-10-12 00:00:00
C109682,Returning,35-44,North West,2024-12-07 00:00:00
C109683,New,45-54,London,2025-07-19 00:00:00
C109684,New,18-24,London,2024-08-07 00:00:00
C109685,New,55+,Yorkshire,2023-03-03 00:00:00
C109686,Returning,45-54,South West,2024-11-15 00:00:00
C109687,Returning,45-54,Yorkshire,2025-03-21 00:00:00
C109688,New,55+,Yorkshire,2025-11-06 00:00:00
C109689,New,35-44,South West,2023-07-18 00:00:00
C109690,Returning,25-34,West Midlands,2025-08-04 00:00:00
C109691,New,35-44,South East,2023-01-23 00:00:00
C109692,Returning,45-54,South West,2025-03-14 00:00:00
C109693,New,45-54,Yorkshire,2023-12-10 00:00:00
C109694,Returning,35-44,London,2023-05-10 00:00:00
C109695,Returning,45-54,West Midlands,2023-12-26 00:00:00
C109696,Returning,25-34,London,2024-08-30 00:00:00
C109697,Returning,25-34,South West,2023-07-31 00:00:00
C109698,New,35-44,South East,2024-08-28 00:00:00
C109699,New,25-34,North West,2025-02-20 00:00:00
C109700,New,25-34,Yorkshire,2025-08-21 00:00:00
C109701,New,45-54,Scotland,2024-09-06 00:00:00
C109702,Returning,35-44,West Midlands,2024-10-23 00:00:00
C109703,New,35-44,East of England,2025-10-09 00:00:00
C109704,New,25-34,Yorkshire,2023-02-08 00:00:00
C109705,New,25-34,London,2025-04-17 00:00:00
C109706,Returning,45-54,West Midlands,2025-12-11 00:00:00
C109707,Returning,45-54,West Midlands,2025-06-27 00:00:00
C109708,Returning,25-34,London,2025-10-12 00:00:00
C109709,Returning,45-54,West Midlands,2025-09-19 00:00:00
C109710,Returning,45-54,London,2024-10-09 00:00:00
C109711,Returning,45-54,East of England,2025-06-05 00:00:00
C109712,Returning,35-44,South East,2024-02-05 00:00:00
C109713,Returning,25-34,London,2023-05-10 00:00:00
C109714,New,45-54,North West,2023-04-04 00:00:00
C109715,Returning,35-44,East of England,2023-07-24 00:00:00
C109716,New,25-34,Scotland,2025-03-07 00:00:00
C109717,New,25-34,East of England,2024-03-17 00:00:00
C109718,Returning,35-44,East of England,2025-06-11 00:00:00
C109719,New,35-44,South East,2024-01-01 00:00:00
C109720,Returning,55+,West Midlands,2025-05-19 00:00:00
C109721,Returning,25-34,South East,2025-08-31 00:00:00
C109722,Returning,25-34,East of England,2023-12-26 00:00:00
C109723,New,55+,London,2024-07-30 00:00:00
C109724,Returning,25-34,North West,2024-08-13 00:00:00
C109725,Returning,18-24,South East,2025-08-21 00:00:00
C109726,New,45-54,East of England,2024-02-17 00:00:00
C109727,New,55+,South East,2024-03-01 00:00:00
C109728,Returning,45-54,East of England,2025-05-03 00:00:00
C109729,Returning,25-34,East of England,2025-09-24 00:00:00
C109730,New,35-44,London,2023-02-01 00:00:00
C109731,New,45-54,South West,2023-03-20 00:00:00
C109732,Returning,55+,South East,2025-10-23 00:00:00
C109733,New,18-24,West Midlands,2024-05-05 00:00:00
C109734,New,45-54,South East,2024-09-06 00:00:00
C109735,Returning,35-44,North West,2025-09-18 00:00:00
C109736,New,18-24,South East,2024-03-12 00:00:00
C109737,New,18-24,South West,2024-05-09 00:00:00
C109738,Returning,18-24,South West,2025-07-20 00:00:00
C109739,Returning,55+,West Midlands,2025-03-16 00:00:00
C109740,Returning,25-34,London,2025-02-01 00:00:00
C109741,Returning,45-54,London,2024-02-01 00:00:00
C109742,Returning,18-24,South East,2025-02-10 00:00:00
C109743,Returning,45-54,Scotland,2025-07-01 00:00:00
C109744,Returning,35-44,West Midlands,2025-10-01 00:00:00
C109745,Returning,55+,South West,2024-11-25 00:00:00
C109746,Returning,35-44,Scotland,2025-08-16 00:00:00
C109747,Returning,45-54,South East,2025-06-12 00:00:00
C109748,Returning,35-44,North West,2025-03-15 00:00:00
C109749,New,35-44,East of England,2024-08-13 00:00:00
C109750,Returning,55+,North West,2024-04-23 00:00:00
C109751,Returning,35-44,London,2024-12-02 00:00:00
C109752,New,55+,South West,2025-08-31 00:00:00
C109753,New,18-24,East of England,2024-08-04 00:00:00
C109754,Returning,35-44,South West,2025-02-08 00:00:00
C109755,Returning,55+,South West,2024-09-16 00:00:00
C109756,Returning,55+,South West,2024-12-14 00:00:00
C109757,Returning,35-44,North West,2025-01-28 00:00:00
C109758,New,35-44,South East,2023-02-27 00:00:00
C109759,New,45-54,East of England,2023-05-13 00:00:00
C109760,Returning,25-34,London,2023-02-12 00:00:00
C109761,New,55+,South West,2025-04-25 00:00:00
C109762,Returning,25-34,South East,2025-09-11 00:00:00
C109763,New,18-24,Yorkshire,2024-01-26 00:00:00
C109764,Returning,45-54,South West,2023-03-25 00:00:00
C109765,Returning,25-34,South West,2023-01-14 00:00:00
C109766,New,25-34,London,2024-05-04 00:00:00
C109767,Returning,25-34,North West,2024-12-09 00:00:00
C109768,Returning,55+,London,2024-01-02 00:00:00
C109769,New,35-44,London,2024-11-06 00:00:00
C109770,New,55+,North West,2023-06-18 00:00:00
C109771,Returning,25-34,Scotland,2025-03-09 00:00:00
C109772,Returning,25-34,Scotland,2023-12-30 00:00:00
C109773,Returning,25-34,North West,2026-01-03 00:00:00
C109774,Returning,35-44,South West,2025-04-26 00:00:00
C109775,New,18-24,South East,2024-05-22 00:00:00
C109776,New,18-24,London,2025-11-07 00:00:00
C109777,Returning,35-44,Yorkshire,2025-12-06 00:00:00
C109778,Returning,45-54,South West,2023-08-05 00:00:00
C109779,Returning,35-44,South West,2024-09-27 00:00:00
C109780,New,35-44,London,2024-12-21 00:00:00
C109781,Returning,35-44,South East,2024-01-29 00:00:00
C109782,Returning,35-44,London,2026-01-04 00:00:00
C109783,New,45-54,South West,2025-01-15 00:00:00
C109784,Returning,45-54,South East,2025-04-17 00:00:00
C109785,Returning,45-54,West Midlands,2023-08-05 00:00:00
C109786,New,25-34,North West,2025-09-19 00:00:00
C109787,New,35-44,London,2025-11-28 00:00:00
C109788,New,45-54,South East,2025-09-21 00:00:00
C109789,Returning,55+,Yorkshire,2024-04-30 00:00:00
C109790,New,35-44,South East,2025-10-24 00:00:00
C109791,New,35-44,North West,2023-01-12 00:00:00
C109792,New,45-54,Scotland,2023-08-13 00:00:00
C109793,New,55+,London,2024-12-21 00:00:00
C109794,New,25-34,South East,2025-04-29 00:00:00
C109795,Returning,25-34,Yorkshire,2023-05-13 00:00:00
C109796,New,45-54,North West,2023-11-19 00:00:00
C109797,New,45-54,Scotland,2023-04-08 00:00:00
C109798,New,25-34,London,2023-04-25 00:00:00
C109799,Returning,25-34,East of England,2023-01-26 00:00:00
C109800,New,35-44,West Midlands,2025-12-26 00:00:00
C109801,Returning,45-54,London,2025-08-29 00:00:00
C109802,Returning,45-54,West Midlands,2024-10-31 00:00:00
C109803,Returning,25-34,West Midlands,2023-02-07 00:00:00
C109804,New,25-34,London,2025-03-14 00:00:00
C109805,Returning,45-54,London,2024-08-13 00:00:00
C109806,Returning,18-24,South East,2025-05-03 00:00:00
C109807,New,35-44,North West,2024-06-22 00:00:00
C109808,Returning,35-44,London,2023-01-10 00:00:00
C109809,Returning,25-34,London,2025-09-29 00:00:00
C109810,New,45-54,South East,2025-08-25 00:00:00
C109811,Returning,18-24,Yorkshire,2025-09-29 00:00:00
C109812,Returning,45-54,Scotland,2024-12-28 00:00:00
C109813,New,35-44,London,2025-10-09 00:00:00
C109814,Returning,35-44,Scotland,2023-03-20 00:00:00
C109815,New,55+,Yorkshire,2024-03-16 00:00:00
C109816,New,25-34,East of England,2023-12-19 00:00:00
C109817,New,45-54,North West,2024-06-04 00:00:00
C109818,Returning,25-34,West Midlands,2023-02-15 00:00:00
C109819,Returning,55+,South West,2025-06-27 00:00:00
C109820,Returning,18-24,North West,2023-11-25 00:00:00
C109821,Returning,35-44,East of England,2023-05-13 00:00:00
C109822,Returning,25-34,East of England,2023-08-06 00:00:00
C109823,Returning,25-34,North West,2023-05-06 00:00:00
C109824,Returning,25-34,North West,2025-01-24 00:00:00
C109825,New,25-34,West Midlands,2025-10-10 00:00:00
C109826,Returning,18-24,Yorkshire,2023-04-03 00:00:00
C109827,Returning,18-24,Yorkshire,2023-02-02 00:00:00
C109828,Returning,45-54,Yorkshire,2025-08-26 00:00:00
C109829,Returning,35-44,London,2024-02-26 00:00:00
C109830,Returning,18-24,Scotland,2023-05-13 00:00:00
C109831,New,55+,South East,2023-08-03 00:00:00
C109832,Returning,35-44,South East,2025-01-14 00:00:00
C109833,Returning,25-34,London,2023-04-03 00:00:00
C109834,Returning,35-44,London,2024-03-18 00:00:00
C109835,New,35-44,West Midlands,2025-12-07 00:00:00
C109836,New,35-44,London,2024-04-18 00:00:00
C109837,Returning,45-54,London,2023-07-02 00:00:00
C109838,Returning,35-44,London,2025-04-14 00:00:00
C109839,Returning,55+,London,2024-04-20 00:00:00
C109840,Returning,45-54,Scotland,2024-03-13 00:00:00
C109841,New,55+,North West,2023-10-09 00:00:00
C109842,New,35-44,London,2025-04-08 00:00:00
C109843,Returning,35-44,North West,2024-06-24 00:00:00
C109844,New,45-54,North West,2024-06-16 00:00:00
C109845,Returning,45-54,North West,2025-04-23 00:00:00
C109846,Returning,18-24,South East,2024-02-04 00:00:00
C109847,Returning,25-34,Yorkshire,2024-12-26 00:00:00
C109848,New,25-34,London,2023-07-09 00:00:00
C109849,New,25-34,London,2024-09-20 00:00:00
C109850,New,55+,Scotland,2024-04-16 00:00:00
C109851,Returning,45-54,West Midlands,2024-07-15 00:00:00
C109852,New,25-34,London,2024-02-06 00:00:00
C109853,New,25-34,London,2023-05-26 00:00:00
C109854,New,25-34,Yorkshire,2025-10-09 00:00:00
C109855,New,45-54,London,2024-03-18 00:00:00
C109856,Returning,55+,South East,2025-04-01 00:00:00
C109857,Returning,25-34,South East,2025-09-22 00:00:00
C109858,Returning,25-34,London,2024-05-02 00:00:00
C109859,Returning,55+,West Midlands,2025-06-21 00:00:00
C109860,New,35-44,London,2024-04-27 00:00:00
C109861,Returning,45-54,West Midlands,2023-03-13 00:00:00
C109862,New,25-34,London,2025-08-28 00:00:00
C109863,Returning,25-34,Scotland,2025-07-13 00:00:00
C109864,New,45-54,North West,2024-09-14 00:00:00
C109865,Returning,25-34,London,2025-06-29 00:00:00
C109866,New,45-54,London,2025-01-06 00:00:00
C109867,Returning,45-54,Yorkshire,2025-06-01 00:00:00
C109868,New,25-34,Yorkshire,2023-03-04 00:00:00
C109869,Returning,35-44,South East,2025-06-15 00:00:00
C109870,New,45-54,London,2023-08-24 00:00:00
C109871,Returning,55+,North West,2025-12-17 00:00:00
C109872,Returning,25-34,South East,2025-11-28 00:00:00
C109873,New,45-54,London,2023-03-02 00:00:00
C109874,New,25-34,South East,2024-12-17 00:00:00
C109875,New,55+,South West,2024-02-27 00:00:00
C109876,Returning,45-54,South East,2023-10-08 00:00:00
C109877,Returning,25-34,London,2025-12-01 00:00:00
C109878,New,45-54,London,2024-03-17 00:00:00
C109879,New,45-54,North West,2024-08-30 00:00:00
C109880,New,45-54,North West,2023-12-11 00:00:00
C109881,New,25-34,Yorkshire,2025-01-20 00:00:00
C109882,Returning,45-54,North West,2023-10-05 00:00:00
C109883,New,45-54,West Midlands,2024-02-03 00:00:00
C109884,New,25-34,West Midlands,2025-02-14 00:00:00
C109885,Returning,25-34,Scotland,2023-08-22 00:00:00
C109886,Returning,55+,East of England,2025-05-13 00:00:00
C109887,Returning,35-44,South East,2025-12-12 00:00:00
C109888,New,35-44,Yorkshire,2025-02-13 00:00:00
C109889,Returning,55+,London,2024-02-02 00:00:00
C109890,Returning,25-34,London,2023-07-19 00:00:00
C109891,Returning,45-54,South East,2024-09-08 00:00:00
C109892,New,35-44,South West,2024-04-26 00:00:00
C109893,Returning,18-24,East of England,2023-09-26 00:00:00
C109894,Returning,55+,Yorkshire,2024-02-08 00:00:00
C109895,Returning,45-54,Yorkshire,2025-11-29 00:00:00
C109896,Returning,25-34,London,2023-07-05 00:00:00
C109897,Returning,55+,Scotland,2023-10-12 00:00:00
C109898,Returning,55+,London,2024-01-19 00:00:00
C109899,Returning,45-54,Scotland,2025-10-02 00:00:00
C109900,New,25-34,London,2024-01-30 00:00:00
C109901,New,25-34,London,2023-11-17 00:00:00
C109902,Returning,45-54,North West,2023-11-24 00:00:00
C109903,Returning,55+,London,2025-11-07 00:00:00
C109904,Returning,25-34,London,2024-01-25 00:00:00
C109905,Returning,35-44,Yorkshire,2024-02-09 00:00:00
C109906,Returning,25-34,Yorkshire,2024-02-05 00:00:00
C109907,Returning,35-44,South East,2025-08-17 00:00:00
C109908,New,35-44,North West,2025-02-20 00:00:00
C109909,Returning,18-24,North West,2024-10-21 00:00:00
C109910,New,35-44,London,2023-08-23 00:00:00
C109911,Returning,35-44,West Midlands,2023-05-06 00:00:00
C109912,Returning,35-44,North West,2023-04-07 00:00:00
C109913,New,55+,East of England,2023-11-22 00:00:00
C109914,New,25-34,West Midlands,2025-05-20 00:00:00
C109915,New,18-24,Yorkshire,2025-04-16 00:00:00
C109916,Returning,35-44,West Midlands,2025-05-10 00:00:00
C109917,Returning,35-44,Yorkshire,2025-01-04 00:00:00
C109918,New,25-34,South West,2024-07-21 00:00:00
C109919,Returning,55+,North West,2024-01-27 00:00:00
C109920,New,25-34,London,2025-03-10 00:00:00
C109921,Returning,25-34,East of England,2023-08-03 00:00:00
C109922,Returning,45-54,North West,2023-03-17 00:00:00
C109923,New,55+,North West,2025-06-30 00:00:00
C109924,New,35-44,West Midlands,2024-06-05 00:00:00
C109925,Returning,18-24,London,2024-11-15 00:00:00
C109926,Returning,25-34,West Midlands,2025-11-18 00:00:00
C109927,New,25-34,North West,2025-01-20 00:00:00
C109928,Returning,35-44,South East,2025-04-20 00:00:00
C109929,Returning,45-54,London,2024-06-10 00:00:00
C109930,New,25-34,South West,2023-12-17 00:00:00
C109931,Returning,35-44,West Midlands,2024-01-21 00:00:00
C109932,Returning,45-54,Yorkshire,2025-09-17 00:00:00
C109933,New,25-34,London,2024-02-25 00:00:00
C109934,Returning,25-34,West Midlands,2025-10-23 00:00:00
C109935,New,45-54,London,2023-02-04 00:00:00
C109936,New,18-24,Yorkshire,2023-11-19 00:00:00
C109937,New,25-34,North West,2025-11-04 00:00:00
C109938,Returning,18-24,West Midlands,2024-09-29 00:00:00
C109939,Returning,35-44,Scotland,2024-02-08 00:00:00
C109940,Returning,35-44,South East,2023-07-13 00:00:00
C109941,New,35-44,West Midlands,2024-06-15 00:00:00
C109942,Returning,25-34,Yorkshire,2025-11-19 00:00:00
C109943,Returning,35-44,North West,2024-01-28 00:00:00
C109944,New,25-34,Yorkshire,2024-06-13 00:00:00
C109945,New,45-54,Scotland,2024-01-26 00:00:00
C109946,Returning,55+,Yorkshire,2025-08-04 00:00:00
C109947,New,35-44,London,2025-01-24 00:00:00
C109948,Returning,25-34,London,2024-11-09 00:00:00
C109949,Returning,45-54,East of England,2025-01-07 00:00:00
C109950,New,25-34,London,2024-03-28 00:00:00
C109951,Returning,25-34,West Midlands,2025-06-10 00:00:00
C109952,Returning,55+,East of England,2024-11-05 00:00:00
C109953,Returning,25-34,South West,2023-03-20 00:00:00
C109954,Returning,18-24,London,2024-02-15 00:00:00
C109955,Returning,35-44,South West,2025-08-19 00:00:00
C109956,Returning,35-44,South East,2023-10-08 00:00:00
C109957,New,35-44,East of England,2025-11-18 00:00:00
C109958,Returning,25-34,North West,2025-06-15 00:00:00
C109959,New,45-54,North West,2025-12-24 00:00:00
C109960,Returning,25-34,London,2025-05-27 00:00:00
C109961,Returning,55+,South East,2023-05-22 00:00:00
C109962,New,25-34,West Midlands,2023-07-29 00:00:00
C109963,Returning,18-24,Yorkshire,2024-06-19 00:00:00
C109964,New,35-44,North West,2024-01-30 00:00:00
C109965,New,25-34,East of England,2025-10-29 00:00:00
C109966,New,35-44,London,2025-07-22 00:00:00
C109967,Returning,25-34,South East,2025-04-14 00:00:00
C109968,New,25-34,North West,2025-11-01 00:00:00
C109969,Returning,25-34,Yorkshire,2023-03-08 00:00:00
C109970,Returning,25-34,West Midlands,2025-02-11 00:00:00
C109971,New,25-34,West Midlands,2025-08-15 00:00:00
C109972,Returning,25-34,London,2025-12-08 00:00:00
C109973,New,25-34,Yorkshire,2025-07-11 00:00:00
C109974,Returning,45-54,East of England,2025-06-09 00:00:00
C109975,New,45-54,South West,2025-05-08 00:00:00
C109976,Returning,25-34,Yorkshire,2023-05-22 00:00:00
C109977,Returning,18-24,North West,2024-03-29 00:00:00
C109978,New,18-24,South West,2025-08-21 00:00:00
C109979,New,25-34,South West,2024-11-26 00:00:00
C109980,New,35-44,London,2023-10-14 00:00:00
C109981,New,25-34,South East,2025-02-26 00:00:00
C109982,Returning,55+,East of England,2023-01-29 00:00:00
C109983,Returning,45-54,East of England,2024-03-12 00:00:00
C109984,Returning,18-24,Yorkshire,2025-04-09 00:00:00
C109985,Returning,25-34,South East,2025-05-12 00:00:00
C109986,Returning,18-24,South West,2024-07-14 00:00:00
C109987,Returning,25-34,London,2023-10-28 00:00:00
C109988,New,35-44,London,2024-06-30 00:00:00
C109989,New,18-24,North West,2023-07-21 00:00:00
C109990,New,18-24,North West,2025-10-26 00:00:00
C109991,New,18-24,South East,2025-08-02 00:00:00
C109992,New,35-44,North West,2025-03-05 00:00:00
C109993,New,18-24,Yorkshire,2024-01-09 00:00:00
C109994,New,55+,London,2023-06-07 00:00:00
C109995,Returning,25-34,South East,2023-03-04 00:00:00
C109996,New,25-34,Yorkshire,2024-02-26 00:00:00
C109997,New,35-44,East of England,2025-07-04 00:00:00
C109998,New,35-44,East of England,2024-02-11 00:00:00
C109999,Returning,25-34,London,2025-05-28 00:00:00
C110000,Returning,35-44,North West,2023-07-14 00:00:00
C110001,Returning,25-34,South West,2025-06-01 00:00:00
C110002,New,25-34,London,2023-03-26 00:00:00
C110003,New,18-24,Yorkshire,2024-01-10 00:00:00
C110004,New,35-44,West Midlands,2023-06-15 00:00:00
C110005,New,35-44,Yorkshire,2024-10-25 00:00:00
C110006,Returning,35-44,London,2023-07-26 00:00:00
C110007,Returning,55+,South East,2023-01-16 00:00:00
C110008,New,35-44,South East,2023-12-21 00:00:00
C110009,New,55+,West Midlands,2023-01-03 00:00:00
C110010,Returning,35-44,London,2024-02-22 00:00:00
C110011,Returning,35-44,West Midlands,2023-10-13 00:00:00
C110012,New,35-44,North West,2025-10-23 00:00:00
C110013,New,25-34,London,2024-07-31 00:00:00
C110014,Returning,25-34,South East,2024-04-28 00:00:00
C110015,New,35-44,London,2024-10-22 00:00:00
C110016,Returning,18-24,Scotland,2023-05-31 00:00:00
C110017,Returning,25-34,London,2023-05-27 00:00:00
C110018,New,45-54,North West,2023-06-19 00:00:00
C110019,Returning,35-44,West Midlands,2025-08-12 00:00:00
C110020,New,18-24,South East,2025-03-30 00:00:00
C110021,New,18-24,East of England,2025-11-21 00:00:00
C110022,New,55+,Yorkshire,2025-06-12 00:00:00
C110023,Returning,55+,North West,2023-05-12 00:00:00
C110024,New,35-44,London,2023-07-01 00:00:00
C110025,New,25-34,South East,2025-06-25 00:00:00
C110026,Returning,25-34,South East,2024-08-24 00:00:00
C110027,New,25-34,West Midlands,2024-11-06 00:00:00
C110028,Returning,45-54,East of England,2023-09-15 00:00:00
C110029,Returning,35-44,West Midlands,2024-07-06 00:00:00
C110030,Returning,45-54,South East,2025-09-19 00:00:00
C110031,Returning,25-34,London,2024-06-21 00:00:00
C110032,Returning,45-54,South East,2025-01-26 00:00:00
C110033,New,25-34,London,2025-04-04 00:00:00
C110034,Returning,25-34,South East,2025-10-14 00:00:00
C110035,Returning,35-44,Scotland,2023-08-18 00:00:00
C110036,Returning,35-44,North West,2025-09-28 00:00:00
C110037,Returning,55+,London,2024-10-31 00:00:00
C110038,Returning,35-44,South East,2025-07-05 00:00:00
C110039,Returning,55+,North West,2023-10-15 00:00:00
C110040,New,25-34,London,2023-05-10 00:00:00
C110041,Returning,25-34,East of England,2023-04-04 00:00:00
C110042,Returning,25-34,North West,2024-02-26 00:00:00
C110043,Returning,18-24,West Midlands,2024-08-31 00:00:00
C110044,New,45-54,Yorkshire,2023-11-13 00:00:00
C110045,Returning,18-24,London,2023-10-23 00:00:00
C110046,Returning,25-34,London,2025-06-16 00:00:00
C110047,Returning,25-34,North West,2025-03-27 00:00:00
C110048,Returning,45-54,London,2024-11-28 00:00:00
C110049,Returning,55+,London,2024-12-16 00:00:00
C110050,New,45-54,East of England,2025-07-19 00:00:00
C110051,New,25-34,South West,2023-09-04 00:00:00
C110052,Returning,35-44,London,2025-10-30 00:00:00
C110053,Returning,25-34,East of England,2025-08-05 00:00:00
C110054,Returning,55+,London,2024-01-14 00:00:00
C110055,New,18-24,South West,2024-01-17 00:00:00
C110056,New,55+,West Midlands,2023-07-22 00:00:00
C110057,Returning,45-54,North West,2025-02-18 00:00:00
C110058,Returning,45-54,Yorkshire,2023-12-01 00:00:00
C110059,Returning,45-54,London,2023-10-22 00:00:00
C110060,Returning,25-34,East of England,2025-01-09 00:00:00
C110061,Returning,25-34,London,2023-08-05 00:00:00
C110062,Returning,25-34,Scotland,2023-05-05 00:00:00
C110063,New,25-34,London,2025-08-04 00:00:00
C110064,Returning,45-54,London,2023-02-13 00:00:00
C110065,Returning,35-44,London,2025-10-07 00:00:00
C110066,Returning,55+,West Midlands,2025-01-21 00:00:00
C110067,Returning,55+,North West,2024-01-23 00:00:00
C110068,New,25-34,North West,2024-09-12 00:00:00
C110069,New,25-34,South West,2023-12-13 00:00:00
C110070,Returning,25-34,North West,2024-03-25 00:00:00
C110071,Returning,18-24,North West,2025-02-11 00:00:00
C110072,New,45-54,South East,2025-09-27 00:00:00
C110073,Returning,45-54,Yorkshire,2023-09-08 00:00:00
C110074,New,45-54,East of England,2024-08-09 00:00:00
C110075,Returning,35-44,South East,2025-08-08 00:00:00
C110076,Returning,45-54,South East,2023-01-16 00:00:00
C110077,New,35-44,South East,2023-01-10 00:00:00
C110078,Returning,55+,London,2024-11-07 00:00:00
C110079,Returning,45-54,North West,2023-06-06 00:00:00
C110080,Returning,45-54,London,2025-12-28 00:00:00
C110081,New,25-34,East of England,2023-05-13 00:00:00
C110082,New,45-54,London,2025-03-23 00:00:00
C110083,Returning,25-34,London,2023-12-16 00:00:00
C110084,Returning,25-34,London,2025-10-13 00:00:00
C110085,Returning,35-44,South East,2025-08-10 00:00:00
C110086,Returning,25-34,South West,2025-05-28 00:00:00
C110087,Returning,18-24,East of England,2024-12-05 00:00:00
C110088,New,25-34,West Midlands,2023-08-26 00:00:00
C110089,Returning,45-54,London,2023-04-29 00:00:00
C110090,Returning,35-44,Yorkshire,2023-10-16 00:00:00
C110091,New,55+,Yorkshire,2023-03-28 00:00:00
C110092,New,45-54,Yorkshire,2025-05-13 00:00:00
C110093,Returning,25-34,West Midlands,2023-11-14 00:00:00
C110094,Returning,45-54,North West,2024-04-29 00:00:00
C110095,Returning,35-44,London,2024-11-12 00:00:00
C110096,New,25-34,South East,2025-02-10 00:00:00
C110097,Returning,55+,East of England,2024-10-15 00:00:00
C110098,New,55+,London,2025-03-20 00:00:00
C110099,New,18-24,South East,2023-05-06 00:00:00
C110100,Returning,45-54,London,2023-11-04 00:00:00
C110101,Returning,18-24,London,2025-04-16 00:00:00
C110102,Returning,55+,East of England,2025-02-28 00:00:00
C110103,Returning,35-44,London,2024-11-26 00:00:00
C110104,Returning,25-34,West Midlands,2025-10-30 00:00:00
C110105,New,45-54,East of England,2025-12-17 00:00:00
C110106,New,35-44,London,2023-04-03 00:00:00
C110107,Returning,18-24,London,2024-08-30 00:00:00
C110108,Returning,45-54,South East,2025-09-17 00:00:00
C110109,New,45-54,London,2023-12-27 00:00:00
C110110,New,35-44,London,2023-03-06 00:00:00
C110111,New,45-54,North West,2023-05-12 00:00:00
C110112,New,18-24,London,2025-03-05 00:00:00
C110113,Returning,25-34,North West,2025-10-08 00:00:00
C110114,New,35-44,East of England,2025-02-16 00:00:00
C110115,Returning,25-34,London,2023-02-11 00:00:00
C110116,Returning,35-44,London,2024-03-30 00:00:00
C110117,Returning,55+,London,2024-01-19 00:00:00
C110118,Returning,45-54,London,2025-09-29 00:00:00
C110119,New,35-44,West Midlands,2024-08-06 00:00:00
C110120,New,35-44,West Midlands,2023-09-16 00:00:00
C110121,New,55+,London,2024-09-18 00:00:00
C110122,New,45-54,South East,2025-04-03 00:00:00
C110123,New,18-24,London,2024-10-02 00:00:00
C110124,New,35-44,Yorkshire,2024-04-04 00:00:00
C110125,New,25-34,West Midlands,2025-02-27 00:00:00
C110126,New,18-24,Yorkshire,2023-12-01 00:00:00
C110127,Returning,25-34,North West,2023-05-22 00:00:00
C110128,New,35-44,South East,2025-08-06 00:00:00
C110129,Returning,45-54,North West,2025-03-02 00:00:00
C110130,Returning,55+,London,2025-03-15 00:00:00
C110131,New,25-34,Yorkshire,2025-09-05 00:00:00
C110132,Returning,25-34,South East,2025-02-23 00:00:00
C110133,Returning,25-34,North West,2023-02-03 00:00:00
C110134,Returning,25-34,North West,2025-07-16 00:00:00
C110135,New,18-24,North West,2023-02-09 00:00:00
C110136,Returning,55+,Yorkshire,2025-02-01 00:00:00
C110137,Returning,25-34,London,2025-12-26 00:00:00
C110138,New,45-54,West Midlands,2024-03-19 00:00:00
C110139,New,25-34,London,2023-12-10 00:00:00
C110140,New,35-44,London,2025-10-17 00:00:00
C110141,Returning,55+,London,2024-05-15 00:00:00
C110142,New,55+,North West,2025-10-11 00:00:00
C110143,New,25-34,North West,2023-12-08 00:00:00
C110144,Returning,55+,East of England,2023-07-22 00:00:00
C110145,Returning,25-34,North West,2024-09-04 00:00:00
C110146,New,45-54,South West,2024-02-14 00:00:00
C110147,New,18-24,East of England,2025-02-21 00:00:00
C110148,Returning,35-44,London,2023-11-25 00:00:00
C110149,Returning,45-54,Yorkshire,2025-04-15 00:00:00
C110150,Returning,45-54,South East,2024-01-25 00:00:00
C110151,Returning,45-54,South East,2024-01-26 00:00:00
C110152,New,25-34,Scotland,2025-02-19 00:00:00
C110153,New,45-54,London,2023-10-14 00:00:00
C110154,New,25-34,East of England,2023-11-11 00:00:00
C110155,New,25-34,South West,2024-08-24 00:00:00
C110156,Returning,18-24,East of England,2023-12-31 00:00:00
C110157,Returning,25-34,North West,2024-02-27 00:00:00
C110158,New,18-24,North West,2024-01-08 00:00:00
C110159,Returning,35-44,West Midlands,2024-11-15 00:00:00
C110160,New,25-34,West Midlands,2024-01-04 00:00:00
C110161,Returning,35-44,East of England,2024-11-03 00:00:00
C110162,New,25-34,South East,2023-09-15 00:00:00
C110163,Returning,45-54,West Midlands,2025-09-10 00:00:00
C110164,New,25-34,Scotland,2025-11-12 00:00:00
C110165,Returning,25-34,South East,2023-01-05 00:00:00
C110166,Returning,35-44,South West,2023-04-25 00:00:00
C110167,Returning,55+,South East,2023-04-23 00:00:00
C110168,Returning,55+,London,2023-07-21 00:00:00
C110169,New,25-34,North West,2025-05-15 00:00:00
C110170,Returning,55+,West Midlands,2023-09-29 00:00:00
C110171,New,35-44,South West,2024-10-03 00:00:00
C110172,Returning,55+,London,2023-10-04 00:00:00
C110173,New,18-24,London,2023-03-10 00:00:00
C110174,New,18-24,East of England,2023-04-03 00:00:00
C110175,Returning,18-24,West Midlands,2025-11-02 00:00:00
C110176,New,45-54,West Midlands,2024-09-05 00:00:00
C110177,Returning,25-34,London,2024-12-16 00:00:00
C110178,New,25-34,East of England,2023-07-26 00:00:00
C110179,Returning,35-44,East of England,2024-06-18 00:00:00
C110180,Returning,55+,North West,2024-12-24 00:00:00
C110181,Returning,35-44,London,2025-05-07 00:00:00
C110182,New,45-54,Scotland,2024-12-23 00:00:00
C110183,New,25-34,East of England,2024-10-17 00:00:00
C110184,New,55+,North West,2024-11-17 00:00:00
C110185,New,18-24,North West,2024-02-15 00:00:00
C110186,Returning,25-34,West Midlands,2025-02-08 00:00:00
C110187,New,35-44,London,2023-11-23 00:00:00
C110188,New,25-34,Yorkshire,2025-03-02 00:00:00
C110189,New,35-44,Yorkshire,2024-05-13 00:00:00
C110190,Returning,35-44,North West,2024-09-26 00:00:00
C110191,New,25-34,South West,2024-06-06 00:00:00
C110192,New,18-24,West Midlands,2024-09-17 00:00:00
C110193,Returning,18-24,East of England,2025-02-22 00:00:00
C110194,New,18-24,London,2023-11-06 00:00:00
C110195,Returning,55+,Scotland,2024-06-04 00:00:00
C110196,New,35-44,London,2024-03-19 00:00:00
C110197,Returning,25-34,London,2023-01-21 00:00:00
C110198,Returning,18-24,North West,2025-07-26 00:00:00
C110199,Returning,45-54,London,2025-01-23 00:00:00
C110200,Returning,45-54,London,2023-02-19 00:00:00
C110201,Returning,55+,Yorkshire,2023-03-18 00:00:00
C110202,Returning,25-34,South East,2025-10-16 00:00:00
C110203,Returning,35-44,South West,2025-07-19 00:00:00
C110204,Returning,25-34,London,2025-03-13 00:00:00
C110205,Returning,45-54,South East,2025-02-18 00:00:00
C110206,Returning,25-34,South East,2025-07-14 00:00:00
C110207,New,45-54,West Midlands,2024-10-19 00:00:00
C110208,New,18-24,West Midlands,2023-01-07 00:00:00
C110209,New,45-54,South East,2024-05-14 00:00:00
C110210,New,25-34,South East,2023-12-31 00:00:00
C110211,Returning,45-54,London,2023-07-09 00:00:00
C110212,New,25-34,North West,2025-08-03 00:00:00
C110213,Returning,45-54,West Midlands,2024-12-21 00:00:00
C110214,Returning,25-34,South East,2025-09-19 00:00:00
C110215,Returning,35-44,London,2023-05-01 00:00:00
C110216,Returning,45-54,East of England,2025-12-08 00:00:00
C110217,New,25-34,London,2024-10-27 00:00:00
C110218,New,25-34,East of England,2024-09-17 00:00:00
C110219,Returning,25-34,London,2023-07-21 00:00:00
C110220,Returning,25-34,Scotland,2024-11-17 00:00:00
C110221,Returning,35-44,West Midlands,2024-10-18 00:00:00
C110222,Returning,18-24,North West,2025-02-10 00:00:00
C110223,Returning,18-24,South East,2023-06-16 00:00:00
C110224,Returning,25-34,Scotland,2024-11-30 00:00:00
C110225,Returning,25-34,South East,2023-04-14 00:00:00
C110226,Returning,25-34,Yorkshire,2023-03-20 00:00:00
C110227,New,45-54,London,2024-06-01 00:00:00
C110228,New,18-24,North West,2023-05-11 00:00:00
C110229,New,55+,South West,2025-02-19 00:00:00
C110230,Returning,45-54,West Midlands,2024-06-14 00:00:00
C110231,Returning,25-34,Yorkshire,2023-09-20 00:00:00
C110232,New,45-54,South West,2023-10-27 00:00:00
C110233,New,35-44,West Midlands,2024-07-01 00:00:00
C110234,Returning,35-44,London,2024-10-20 00:00:00
C110235,New,25-34,West Midlands,2025-05-28 00:00:00
C110236,Returning,35-44,Yorkshire,2024-09-22 00:00:00
C110237,New,25-34,South East,2024-08-27 00:00:00
C110238,New,35-44,North West,2024-10-29 00:00:00
C110239,Returning,18-24,London,2024-10-18 00:00:00
C110240,New,35-44,Scotland,2024-01-19 00:00:00
C110241,New,35-44,North West,2023-08-31 00:00:00
C110242,New,25-34,West Midlands,2024-08-01 00:00:00
C110243,New,25-34,South West,2023-05-17 00:00:00
C110244,New,45-54,South West,2023-09-23 00:00:00
C110245,Returning,25-34,London,2023-06-13 00:00:00
C110246,New,18-24,South East,2024-06-23 00:00:00
C110247,Returning,25-34,West Midlands,2025-12-06 00:00:00
C110248,New,55+,South East,2025-08-20 00:00:00
C110249,Returning,45-54,South East,2023-04-06 00:00:00
C110250,Returning,35-44,South East,2025-06-22 00:00:00
C110251,Returning,45-54,London,2023-06-16 00:00:00
C110252,Returning,35-44,London,2025-09-28 00:00:00
C110253,New,45-54,South East,2023-08-15 00:00:00
C110254,Returning,35-44,London,2023-05-19 00:00:00
C110255,New,45-54,North West,2025-05-16 00:00:00
C110256,Returning,35-44,London,2025-07-05 00:00:00
C110257,Returning,25-34,London,2024-03-13 00:00:00
C110258,New,18-24,East of England,2024-08-24 00:00:00
C110259,Returning,18-24,North West,2025-05-19 00:00:00
C110260,Returning,35-44,East of England,2025-07-27 00:00:00
C110261,Returning,55+,Scotland,2024-04-05 00:00:00
C110262,New,45-54,North West,2025-05-13 00:00:00
C110263,New,45-54,South West,2025-05-24 00:00:00
C110264,New,35-44,London,2025-05-22 00:00:00
C110265,Returning,55+,Yorkshire,2025-09-12 00:00:00
C110266,Returning,45-54,North West,2025-07-08 00:00:00
C110267,New,25-34,Yorkshire,2024-05-07 00:00:00
C110268,Returning,35-44,London,2023-12-13 00:00:00
C110269,New,25-34,Scotland,2025-12-21 00:00:00
C110270,Returning,25-34,West Midlands,2024-05-05 00:00:00
C110271,Returning,25-34,South West,2025-10-23 00:00:00
C110272,Returning,25-34,Scotland,2026-01-01 00:00:00
C110273,New,25-34,East of England,2023-01-17 00:00:00
C110274,New,25-34,South East,2023-06-05 00:00:00
C110275,New,55+,West Midlands,2024-09-12 00:00:00
C110276,Returning,25-34,Yorkshire,2023-04-07 00:00:00
C110277,Returning,45-54,North West,2024-12-23 00:00:00
C110278,New,18-24,West Midlands,2023-01-13 00:00:00
C110279,Returning,55+,Yorkshire,2025-07-16 00:00:00
C110280,Returning,45-54,East of England,2024-04-16 00:00:00
C110281,Returning,55+,South East,2025-01-10 00:00:00
C110282,Returning,35-44,London,2024-05-26 00:00:00
C110283,Returning,35-44,Yorkshire,2025-01-27 00:00:00
C110284,New,25-34,North West,2025-01-18 00:00:00
C110285,New,35-44,East of England,2023-11-15 00:00:00
C110286,Returning,45-54,South West,2025-05-30 00:00:00
C110287,Returning,18-24,West Midlands,2025-06-21 00:00:00
C110288,Returning,18-24,North West,2023-12-20 00:00:00
C110289,New,55+,East of England,2023-03-11 00:00:00
C110290,New,18-24,South East,2024-05-07 00:00:00
C110291,Returning,45-54,London,2024-12-24 00:00:00
C110292,Returning,25-34,North West,2025-05-05 00:00:00
C110293,New,25-34,London,2023-08-11 00:00:00
C110294,New,25-34,Scotland,2024-06-12 00:00:00
C110295,Returning,35-44,London,2025-04-22 00:00:00
C110296,Returning,45-54,South East,2024-08-01 00:00:00
C110297,Returning,55+,Scotland,2025-05-19 00:00:00
C110298,Returning,25-34,London,2025-01-11 00:00:00
C110299,Returning,25-34,London,2023-07-12 00:00:00
C110300,New,45-54,London,2023-08-20 00:00:00
C110301,Returning,18-24,Scotland,2025-05-22 00:00:00
C110302,Returning,18-24,Scotland,2025-02-12 00:00:00
C110303,Returning,35-44,South East,2025-07-10 00:00:00
C110304,Returning,45-54,South West,2023-11-20 00:00:00
C110305,Returning,25-34,Yorkshire,2023-02-28 00:00:00
C110306,Returning,18-24,London,2023-09-19 00:00:00
C110307,New,55+,London,2024-04-18 00:00:00
C110308,Returning,55+,East of England,2023-05-15 00:00:00
C110309,New,35-44,London,2023-07-31 00:00:00
C110310,New,45-54,North West,2023-06-09 00:00:00
C110311,Returning,55+,South East,2023-05-20 00:00:00
C110312,Returning,35-44,North West,2024-02-25 00:00:00
C110313,Returning,45-54,London,2025-06-02 00:00:00
C110314,Returning,35-44,London,2024-02-21 00:00:00
C110315,Returning,25-34,London,2023-11-19 00:00:00
C110316,New,45-54,Scotland,2024-08-26 00:00:00
C110317,Returning,45-54,London,2024-12-09 00:00:00
C110318,Returning,25-34,West Midlands,2024-01-20 00:00:00
C110319,Returning,35-44,West Midlands,2023-01-05 00:00:00
C110320,Returning,45-54,South East,2023-11-24 00:00:00
C110321,Returning,25-34,South West,2023-03-29 00:00:00
C110322,New,45-54,South East,2023-06-09 00:00:00
C110323,Returning,18-24,North West,2024-11-02 00:00:00
C110324,New,35-44,North West,2023-07-17 00:00:00
C110325,New,55+,East of England,2024-02-12 00:00:00
C110326,New,45-54,South West,2024-03-07 00:00:00
C110327,New,55+,London,2025-08-25 00:00:00
C110328,New,45-54,South West,2023-06-18 00:00:00
C110329,Returning,35-44,South West,2023-04-01 00:00:00
C110330,Returning,35-44,East of England,2024-08-11 00:00:00
C110331,Returning,25-34,Scotland,2024-11-17 00:00:00
C110332,Returning,35-44,Yorkshire,2024-07-06 00:00:00
C110333,New,35-44,West Midlands,2025-02-12 00:00:00
C110334,New,35-44,South East,2025-08-08 00:00:00
C110335,Returning,25-34,East of England,2024-11-03 00:00:00
C110336,Returning,25-34,East of England,2024-08-14 00:00:00
C110337,Returning,25-34,London,2025-01-18 00:00:00
C110338,New,25-34,North West,2023-08-24 00:00:00
C110339,Returning,35-44,London,2023-10-02 00:00:00
C110340,Returning,18-24,South East,2024-02-12 00:00:00
C110341,Returning,55+,South East,2025-04-23 00:00:00
C110342,New,18-24,South East,2025-07-26 00:00:00
C110343,Returning,45-54,Yorkshire,2024-09-02 00:00:00
C110344,Returning,25-34,London,2024-11-12 00:00:00
C110345,Returning,45-54,North West,2025-05-16 00:00:00
C110346,Returning,45-54,North West,2023-09-24 00:00:00
C110347,Returning,55+,South West,2023-05-14 00:00:00
C110348,New,55+,London,2025-04-01 00:00:00
C110349,Returning,45-54,South East,2023-05-20 00:00:00
C110350,New,25-34,Yorkshire,2023-06-23 00:00:00
C110351,Returning,35-44,Yorkshire,2024-03-11 00:00:00
C110352,Returning,25-34,West Midlands,2025-05-14 00:00:00
C110353,Returning,55+,West Midlands,2024-03-04 00:00:00
C110354,Returning,55+,Scotland,2023-05-11 00:00:00
C110355,Returning,25-34,South East,2023-05-22 00:00:00
C110356,Returning,35-44,London,2023-10-06 00:00:00
C110357,Returning,25-34,Scotland,2023-03-31 00:00:00
C110358,Returning,35-44,South West,2023-12-27 00:00:00
C110359,Returning,35-44,London,2023-03-30 00:00:00
C110360,Returning,35-44,East of England,2025-07-19 00:00:00
C110361,Returning,55+,South East,2023-02-27 00:00:00
C110362,New,25-34,South West,2023-08-06 00:00:00
C110363,Returning,45-54,North West,2023-02-06 00:00:00
C110364,New,45-54,West Midlands,2023-11-17 00:00:00
C110365,New,25-34,East of England,2025-06-07 00:00:00
C110366,Returning,25-34,South West,2024-09-26 00:00:00
C110367,Returning,18-24,London,2025-10-25 00:00:00
C110368,Returning,35-44,Yorkshire,2024-11-09 00:00:00
C110369,Returning,55+,South West,2024-04-13 00:00:00
C110370,New,18-24,North West,2025-11-20 00:00:00
C110371,New,25-34,South East,2023-07-25 00:00:00
C110372,New,35-44,London,2023-05-05 00:00:00
C110373,New,25-34,Scotland,2023-12-28 00:00:00
C110374,Returning,25-34,West Midlands,2025-10-19 00:00:00
C110375,Returning,35-44,North West,2025-06-19 00:00:00
C110376,Returning,25-34,North West,2024-08-13 00:00:00
C110377,New,45-54,London,2025-10-19 00:00:00
C110378,Returning,25-34,London,2024-12-12 00:00:00
C110379,New,35-44,London,2023-09-20 00:00:00
C110380,Returning,25-34,London,2023-01-07 00:00:00
C110381,Returning,25-34,East of England,2023-02-03 00:00:00
C110382,New,35-44,London,2025-07-23 00:00:00
C110383,Returning,45-54,London,2023-12-06 00:00:00
C110384,Returning,55+,North West,2024-04-09 00:00:00
C110385,New,18-24,East of England,2024-02-28 00:00:00
C110386,Returning,35-44,London,2023-04-08 00:00:00
C110387,Returning,35-44,London,2023-01-04 00:00:00
C110388,New,18-24,Yorkshire,2025-03-10 00:00:00
C110389,New,45-54,North West,2025-01-19 00:00:00
C110390,Returning,25-34,North West,2023-09-05 00:00:00
C110391,Returning,55+,London,2023-05-17 00:00:00
C110392,Returning,35-44,East of England,2024-07-21 00:00:00
C110393,Returning,25-34,North West,2023-04-01 00:00:00
C110394,Returning,45-54,East of England,2023-11-16 00:00:00
C110395,Returning,25-34,Scotland,2025-03-02 00:00:00
C110396,New,45-54,Yorkshire,2023-07-10 00:00:00
C110397,Returning,45-54,London,2025-04-27 00:00:00
C110398,Returning,35-44,Yorkshire,2025-08-30 00:00:00
C110399,Returning,25-34,North West,2023-07-22 00:00:00
C110400,Returning,35-44,London,2025-01-02 00:00:00
C110401,New,35-44,South East,2025-04-25 00:00:00
C110402,Returning,35-44,London,2024-07-25 00:00:00
C110403,Returning,35-44,East of England,2023-11-24 00:00:00
C110404,New,25-34,South West,2025-12-17 00:00:00
C110405,New,45-54,Yorkshire,2023-12-05 00:00:00
C110406,Returning,45-54,South West,2023-09-30 00:00:00
C110407,Returning,45-54,North West,2023-05-15 00:00:00
C110408,Returning,25-34,East of England,2025-09-23 00:00:00
C110409,New,35-44,London,2023-09-07 00:00:00
C110410,Returning,35-44,South East,2023-05-27 00:00:00
C110411,New,45-54,North West,2023-02-12 00:00:00
C110412,New,45-54,South West,2023-11-16 00:00:00
C110413,Returning,45-54,East of England,2025-01-09 00:00:00
C110414,New,25-34,Scotland,2025-01-22 00:00:00
C110415,Returning,45-54,South West,2025-07-25 00:00:00
C110416,Returning,55+,London,2025-01-05 00:00:00
C110417,New,25-34,London,2023-02-23 00:00:00
C110418,New,18-24,West Midlands,2025-07-15 00:00:00
C110419,Returning,18-24,Yorkshire,2023-10-08 00:00:00
C110420,New,35-44,North West,2025-11-18 00:00:00
C110421,New,25-34,London,2024-01-16 00:00:00
C110422,Returning,25-34,West Midlands,2023-01-19 00:00:00
C110423,New,35-44,South West,2024-03-07 00:00:00
C110424,Returning,45-54,South East,2024-05-10 00:00:00
C110425,Returning,45-54,North West,2025-06-25 00:00:00
C110426,New,45-54,South East,2024-08-30 00:00:00
C110427,Returning,55+,North West,2023-02-17 00:00:00
C110428,Returning,35-44,Yorkshire,2023-02-22 00:00:00
C110429,Returning,45-54,London,2024-11-06 00:00:00
C110430,New,25-34,Yorkshire,2023-04-03 00:00:00
C110431,Returning,45-54,Yorkshire,2024-08-08 00:00:00
C110432,New,55+,South East,2025-09-13 00:00:00
C110433,Returning,45-54,East of England,2025-07-11 00:00:00
C110434,New,35-44,South West,2024-11-25 00:00:00
C110435,Returning,25-34,North West,2023-12-03 00:00:00
C110436,New,25-34,London,2024-07-20 00:00:00
C110437,Returning,25-34,West Midlands,2023-04-23 00:00:00
C110438,Returning,18-24,South East,2025-03-24 00:00:00
C110439,Returning,25-34,South East,2023-05-24 00:00:00
C110440,New,18-24,Yorkshire,2023-02-26 00:00:00
C110441,Returning,55+,East of England,2024-11-24 00:00:00
C110442,Returning,35-44,London,2024-09-21 00:00:00
C110443,Returning,45-54,South West,2024-08-23 00:00:00
C110444,Returning,35-44,North West,2024-06-07 00:00:00
C110445,New,25-34,Yorkshire,2024-10-13 00:00:00
C110446,Returning,25-34,East of England,2024-04-29 00:00:00
C110447,New,45-54,South East,2023-05-31 00:00:00
C110448,New,25-34,North West,2024-09-18 00:00:00
C110449,New,45-54,South East,2023-02-16 00:00:00
C110450,Returning,25-34,South East,2023-03-12 00:00:00
C110451,Returning,25-34,North West,2024-09-15 00:00:00
C110452,Returning,18-24,London,2025-02-13 00:00:00
C110453,New,35-44,South East,2023-03-31 00:00:00
C110454,New,25-34,London,2024-02-18 00:00:00
C110455,Returning,45-54,London,2025-10-19 00:00:00
C110456,Returning,18-24,South East,2025-05-09 00:00:00
C110457,New,25-34,London,2025-06-02 00:00:00
C110458,Returning,18-24,London,2024-12-22 00:00:00
C110459,Returning,55+,Yorkshire,2023-07-17 00:00:00
C110460,Returning,35-44,Yorkshire,2024-03-02 00:00:00
C110461,Returning,35-44,Scotland,2024-10-19 00:00:00
C110462,New,35-44,East of England,2025-01-03 00:00:00
C110463,Returning,45-54,East of England,2023-05-26 00:00:00
C110464,New,25-34,Yorkshire,2025-12-03 00:00:00
C110465,Returning,45-54,South East,2025-10-26 00:00:00
C110466,Returning,45-54,London,2023-02-10 00:00:00
C110467,New,18-24,Scotland,2024-10-10 00:00:00
C110468,Returning,25-34,Scotland,2023-06-07 00:00:00
C110469,New,35-44,West Midlands,2023-12-16 00:00:00
C110470,New,18-24,North West,2025-09-02 00:00:00
C110471,Returning,25-34,London,2025-01-18 00:00:00
C110472,Returning,25-34,London,2024-01-23 00:00:00
C110473,Returning,25-34,North West,2023-01-03 00:00:00
C110474,Returning,45-54,London,2025-07-09 00:00:00
C110475,New,35-44,West Midlands,2023-11-13 00:00:00
C110476,Returning,35-44,South West,2024-10-28 00:00:00
C110477,Returning,35-44,South West,2023-09-15 00:00:00
C110478,New,25-34,East of England,2025-05-18 00:00:00
C110479,Returning,35-44,London,2024-01-16 00:00:00
C110480,Returning,55+,West Midlands,2025-03-24 00:00:00
C110481,New,25-34,North West,2023-04-04 00:00:00
C110482,Returning,35-44,North West,2024-11-08 00:00:00
C110483,Returning,45-54,Scotland,2025-11-30 00:00:00
C110484,New,35-44,South East,2024-06-04 00:00:00
C110485,Returning,25-34,London,2024-05-29 00:00:00
C110486,New,25-34,South East,2025-01-24 00:00:00
C110487,New,35-44,North West,2025-07-31 00:00:00
C110488,Returning,45-54,South East,2025-06-11 00:00:00
C110489,Returning,45-54,South East,2023-03-07 00:00:00
C110490,New,45-54,South East,2023-11-22 00:00:00
C110491,Returning,18-24,West Midlands,2025-07-18 00:00:00
C110492,Returning,45-54,Yorkshire,2025-12-07 00:00:00
C110493,Returning,35-44,London,2024-12-19 00:00:00
C110494,Returning,55+,East of England,2023-01-06 00:00:00
C110495,Returning,45-54,Yorkshire,2025-01-16 00:00:00
C110496,New,35-44,London,2025-11-07 00:00:00
C110497,Returning,35-44,London,2025-06-05 00:00:00
C110498,Returning,35-44,London,2025-03-06 00:00:00
C110499,Returning,25-34,London,2024-08-01 00:00:00
C110500,New,35-44,Yorkshire,2025-09-19 00:00:00
C110501,New,25-34,Scotland,2024-11-28 00:00:00
C110502,New,18-24,London,2024-07-16 00:00:00
C110503,Returning,45-54,South East,2025-09-16 00:00:00
C110504,Returning,25-34,East of England,2023-01-04 00:00:00
C110505,Returning,45-54,West Midlands,2023-05-18 00:00:00
C110506,Returning,35-44,West Midlands,2025-07-14 00:00:00
C110507,New,45-54,West Midlands,2023-03-03 00:00:00
C110508,New,45-54,London,2025-09-14 00:00:00
C110509,Returning,45-54,London,2025-12-16 00:00:00
C110510,Returning,25-34,Scotland,2023-10-14 00:00:00
C110511,Returning,55+,Yorkshire,2025-08-27 00:00:00
C110512,New,25-34,South East,2024-08-24 00:00:00
C110513,Returning,45-54,Scotland,2024-07-19 00:00:00
C110514,Returning,35-44,West Midlands,2025-10-12 00:00:00
C110515,New,25-34,London,2025-05-08 00:00:00
C110516,New,35-44,Scotland,2025-09-05 00:00:00
C110517,Returning,35-44,Yorkshire,2025-08-28 00:00:00
C110518,Returning,25-34,South West,2025-03-10 00:00:00
C110519,Returning,25-34,London,2024-05-28 00:00:00
C110520,Returning,25-34,South East,2023-07-23 00:00:00
C110521,Returning,55+,Scotland,2023-04-18 00:00:00
C110522,New,35-44,London,2023-10-05 00:00:00
C110523,Returning,25-34,East of England,2024-06-12 00:00:00
C110524,Returning,45-54,South West,2023-05-31 00:00:00
C110525,Returning,35-44,South East,2024-01-22 00:00:00
C110526,Returning,45-54,East of England,2025-05-24 00:00:00
C110527,Returning,35-44,East of England,2023-01-26 00:00:00
C110528,New,18-24,East of England,2023-12-06 00:00:00
C110529,Returning,25-34,West Midlands,2025-11-20 00:00:00
C110530,Returning,45-54,North West,2023-12-23 00:00:00
C110531,New,45-54,South East,2025-02-26 00:00:00
C110532,New,45-54,London,2024-11-01 00:00:00
C110533,Returning,18-24,East of England,2025-05-14 00:00:00
C110534,New,45-54,Scotland,2025-03-13 00:00:00
C110535,New,35-44,London,2024-10-18 00:00:00
C110536,Returning,45-54,Yorkshire,2025-12-04 00:00:00
C110537,Returning,25-34,Scotland,2023-10-24 00:00:00
C110538,Returning,45-54,North West,2023-11-04 00:00:00
C110539,Returning,55+,London,2024-10-05 00:00:00
C110540,Returning,25-34,London,2025-02-25 00:00:00
C110541,Returning,45-54,West Midlands,2025-01-18 00:00:00
C110542,New,35-44,Scotland,2025-11-18 00:00:00
C110543,Returning,25-34,South East,2024-10-19 00:00:00
C110544,New,25-34,South East,2025-04-17 00:00:00
C110545,Returning,45-54,South West,2023-05-20 00:00:00
C110546,Returning,25-34,South West,2023-02-12 00:00:00
C110547,Returning,18-24,Scotland,2025-06-13 00:00:00
C110548,Returning,55+,East of England,2024-05-06 00:00:00
C110549,Returning,35-44,North West,2023-11-24 00:00:00
C110550,Returning,45-54,Scotland,2025-04-05 00:00:00
C110551,New,35-44,North West,2024-03-12 00:00:00
C110552,Returning,35-44,North West,2023-02-02 00:00:00
C110553,New,45-54,London,2024-08-28 00:00:00
C110554,Returning,18-24,West Midlands,2023-05-19 00:00:00
C110555,Returning,25-34,London,2025-12-11 00:00:00
C110556,Returning,35-44,East of England,2023-12-28 00:00:00
C110557,New,55+,London,2023-12-10 00:00:00
C110558,Returning,25-34,South East,2025-07-16 00:00:00
C110559,Returning,55+,Scotland,2023-02-16 00:00:00
C110560,New,45-54,South West,2025-01-15 00:00:00
C110561,Returning,35-44,South West,2025-12-05 00:00:00
C110562,Returning,25-34,Yorkshire,2023-02-02 00:00:00
C110563,New,25-34,London,2025-11-19 00:00:00
C110564,Returning,35-44,South East,2024-11-09 00:00:00
C110565,Returning,18-24,South West,2023-08-07 00:00:00
C110566,New,25-34,East of England,2025-07-27 00:00:00
C110567,Returning,25-34,South East,2025-06-30 00:00:00
C110568,New,55+,South East,2025-12-16 00:00:00
C110569,Returning,25-34,London,2025-10-08 00:00:00
C110570,Returning,35-44,North West,2024-11-02 00:00:00
C110571,Returning,25-34,South East,2023-01-15 00:00:00
C110572,Returning,25-34,London,2025-04-01 00:00:00
C110573,Returning,25-34,West Midlands,2025-04-10 00:00:00
C110574,Returning,45-54,North West,2025-04-30 00:00:00
C110575,Returning,35-44,North West,2023-07-17 00:00:00
C110576,Returning,35-44,South East,2025-03-18 00:00:00
C110577,Returning,45-54,South East,2025-06-28 00:00:00
C110578,New,18-24,South East,2023-03-24 00:00:00
C110579,New,45-54,North West,2023-01-24 00:00:00
C110580,Returning,18-24,South East,2023-04-02 00:00:00
C110581,Returning,55+,East of England,2025-01-30 00:00:00
C110582,Returning,55+,South East,2023-11-28 00:00:00
C110583,Returning,45-54,South West,2025-06-17 00:00:00
C110584,Returning,18-24,South East,2025-11-19 00:00:00
C110585,Returning,35-44,North West,2023-02-09 00:00:00
C110586,Returning,45-54,Yorkshire,2025-03-23 00:00:00
C110587,Returning,35-44,London,2025-04-12 00:00:00
C110588,New,25-34,South East,2023-03-24 00:00:00
C110589,Returning,35-44,London,2023-05-11 00:00:00
C110590,New,18-24,North West,2025-06-05 00:00:00
C110591,Returning,35-44,East of England,2023-03-28 00:00:00
C110592,Returning,18-24,North West,2023-08-08 00:00:00
C110593,Returning,35-44,Yorkshire,2025-10-09 00:00:00
C110594,Returning,25-34,South East,2025-03-10 00:00:00
C110595,Returning,25-34,West Midlands,2025-10-12 00:00:00
C110596,New,18-24,South West,2023-10-29 00:00:00
C110597,Returning,55+,London,2025-03-26 00:00:00
C110598,New,35-44,London,2024-11-01 00:00:00
C110599,Returning,35-44,London,2025-09-06 00:00:00
C110600,Returning,45-54,London,2023-09-06 00:00:00
C110601,Returning,35-44,Scotland,2023-01-19 00:00:00
C110602,Returning,25-34,London,2024-03-15 00:00:00
C110603,Returning,35-44,London,2024-07-16 00:00:00
C110604,Returning,25-34,London,2024-09-23 00:00:00
C110605,New,35-44,London,2025-08-16 00:00:00
C110606,New,25-34,South East,2025-01-24 00:00:00
C110607,Returning,55+,London,2025-09-09 00:00:00
C110608,Returning,35-44,London,2025-03-13 00:00:00
C110609,Returning,25-34,London,2024-02-08 00:00:00
C110610,New,35-44,South West,2025-06-17 00:00:00
C110611,New,18-24,North West,2023-12-24 00:00:00
C110612,Returning,35-44,South West,2025-06-12 00:00:00
C110613,New,45-54,London,2025-02-08 00:00:00
C110614,Returning,45-54,South East,2023-09-01 00:00:00
C110615,New,45-54,Scotland,2023-03-08 00:00:00
C110616,New,35-44,London,2025-09-01 00:00:00
C110617,Returning,35-44,West Midlands,2025-05-08 00:00:00
C110618,Returning,18-24,South East,2023-02-25 00:00:00
C110619,Returning,35-44,London,2023-10-02 00:00:00
C110620,Returning,35-44,North West,2024-06-14 00:00:00
C110621,Returning,18-24,North West,2024-07-27 00:00:00
C110622,Returning,25-34,South East,2024-02-20 00:00:00
C110623,Returning,18-24,West Midlands,2023-07-31 00:00:00
C110624,Returning,25-34,West Midlands,2025-01-04 00:00:00
C110625,Returning,18-24,West Midlands,2025-03-18 00:00:00
C110626,New,25-34,East of England,2024-12-05 00:00:00
C110627,New,35-44,Yorkshire,2025-11-18 00:00:00
C110628,Returning,35-44,South East,2024-03-08 00:00:00
C110629,Returning,25-34,London,2024-08-17 00:00:00
C110630,New,35-44,Yorkshire,2023-12-16 00:00:00
C110631,New,45-54,London,2025-11-11 00:00:00
C110632,Returning,25-34,East of England,2024-04-05 00:00:00
C110633,Returning,25-34,East of England,2024-03-18 00:00:00
C110634,Returning,35-44,South East,2025-03-28 00:00:00
C110635,New,25-34,South West,2023-11-12 00:00:00
C110636,Returning,25-34,London,2024-02-05 00:00:00
C110637,Returning,35-44,London,2025-07-11 00:00:00
C110638,Returning,25-34,Scotland,2023-01-24 00:00:00
C110639,New,45-54,South West,2023-02-11 00:00:00
C110640,Returning,45-54,West Midlands,2025-08-10 00:00:00
C110641,Returning,25-34,East of England,2023-11-06 00:00:00
C110642,Returning,35-44,London,2025-05-08 00:00:00
C110643,Returning,55+,Yorkshire,2025-01-29 00:00:00
C110644,Returning,35-44,Scotland,2023-08-08 00:00:00
C110645,New,55+,South West,2023-07-27 00:00:00
C110646,Returning,45-54,West Midlands,2025-12-18 00:00:00
C110647,Returning,25-34,South East,2025-09-06 00:00:00
C110648,New,25-34,East of England,2023-10-10 00:00:00
C110649,New,25-34,South East,2024-06-14 00:00:00
C110650,Returning,45-54,Scotland,2025-08-06 00:00:00
C110651,Returning,25-34,South East,2023-09-28 00:00:00
C110652,Returning,35-44,London,2024-12-28 00:00:00
C110653,New,35-44,London,2024-02-13 00:00:00
C110654,New,45-54,North West,2025-08-28 00:00:00
C110655,New,45-54,London,2023-11-09 00:00:00
C110656,Returning,18-24,South East,2024-04-21 00:00:00
C110657,Returning,25-34,East of England,2025-02-10 00:00:00
C110658,Returning,35-44,London,2025-01-08 00:00:00
C110659,Returning,45-54,North West,2023-05-01 00:00:00
C110660,New,45-54,West Midlands,2023-04-07 00:00:00
C110661,Returning,35-44,Yorkshire,2025-07-28 00:00:00
C110662,Returning,45-54,West Midlands,2025-04-17 00:00:00
C110663,Returning,35-44,East of England,2023-06-13 00:00:00
C110664,New,18-24,West Midlands,2024-12-14 00:00:00
C110665,Returning,55+,West Midlands,2023-11-07 00:00:00
C110666,New,35-44,London,2024-03-23 00:00:00
C110667,New,45-54,West Midlands,2024-11-20 00:00:00
C110668,New,25-34,London,2024-12-03 00:00:00
C110669,New,35-44,North West,2024-01-25 00:00:00
C110670,New,25-34,West Midlands,2025-07-02 00:00:00
C110671,Returning,25-34,South West,2024-07-15 00:00:00
C110672,New,25-34,West Midlands,2025-06-13 00:00:00
C110673,Returning,45-54,North West,2024-09-18 00:00:00
C110674,Returning,25-34,London,2024-01-28 00:00:00
C110675,Returning,25-34,Yorkshire,2023-10-12 00:00:00
C110676,Returning,25-34,Scotland,2023-01-15 00:00:00
C110677,Returning,35-44,West Midlands,2024-08-11 00:00:00
C110678,New,35-44,London,2024-09-03 00:00:00
C110679,Returning,45-54,North West,2025-10-30 00:00:00
C110680,Returning,35-44,London,2023-10-13 00:00:00
C110681,Returning,25-34,West Midlands,2023-01-03 00:00:00
C110682,Returning,35-44,London,2025-09-11 00:00:00
C110683,Returning,25-34,West Midlands,2024-10-17 00:00:00
C110684,Returning,35-44,East of England,2023-02-24 00:00:00
C110685,Returning,55+,London,2023-12-19 00:00:00
C110686,Returning,35-44,West Midlands,2025-12-03 00:00:00
C110687,Returning,55+,South East,2025-08-06 00:00:00
C110688,Returning,25-34,South East,2024-08-31 00:00:00
C110689,Returning,45-54,Yorkshire,2023-04-17 00:00:00
C110690,Returning,45-54,South West,2024-12-16 00:00:00
C110691,Returning,45-54,East of England,2023-03-08 00:00:00
C110692,New,35-44,South East,2024-03-06 00:00:00
C110693,New,18-24,London,2024-03-21 00:00:00
C110694,Returning,45-54,West Midlands,2025-05-04 00:00:00
C110695,New,35-44,North West,2025-01-11 00:00:00
C110696,Returning,35-44,Yorkshire,2024-06-10 00:00:00
C110697,Returning,18-24,South West,2023-01-08 00:00:00
C110698,Returning,25-34,East of England,2023-01-21 00:00:00
C110699,Returning,55+,London,2025-06-11 00:00:00
C110700,Returning,25-34,Scotland,2024-12-17 00:00:00
C110701,Returning,25-34,Scotland,2024-01-06 00:00:00
C110702,New,25-34,London,2025-04-05 00:00:00
C110703,Returning,35-44,South East,2025-10-09 00:00:00
C110704,New,45-54,South West,2023-01-15 00:00:00
C110705,Returning,55+,West Midlands,2025-09-23 00:00:00
C110706,Returning,35-44,London,2023-09-30 00:00:00
C110707,Returning,25-34,South East,2025-04-20 00:00:00
C110708,Returning,18-24,North West,2024-10-11 00:00:00
C110709,Returning,25-34,East of England,2025-03-21 00:00:00
C110710,Returning,35-44,South West,2023-05-10 00:00:00
C110711,Returning,55+,Scotland,2024-10-22 00:00:00
C110712,Returning,18-24,West Midlands,2025-11-29 00:00:00
C110713,New,25-34,South West,2025-05-23 00:00:00
C110714,Returning,35-44,London,2025-05-28 00:00:00
C110715,New,35-44,North West,2023-07-15 00:00:00
C110716,Returning,35-44,East of England,2023-10-31 00:00:00
C110717,Returning,35-44,East of England,2025-06-17 00:00:00
C110718,New,25-34,Yorkshire,2024-03-19 00:00:00
C110719,Returning,35-44,London,2024-09-13 00:00:00
C110720,New,25-34,London,2023-07-04 00:00:00
C110721,New,45-54,Yorkshire,2025-05-10 00:00:00
C110722,New,25-34,South East,2024-05-05 00:00:00
C110723,New,35-44,South East,2024-06-27 00:00:00
C110724,Returning,55+,East of England,2025-11-13 00:00:00
C110725,Returning,35-44,London,2024-11-25 00:00:00
C110726,Returning,25-34,West Midlands,2024-04-29 00:00:00
C110727,Returning,55+,London,2024-01-11 00:00:00
C110728,Returning,25-34,London,2024-10-23 00:00:00
C110729,Returning,45-54,London,2024-04-11 00:00:00
C110730,Returning,18-24,London,2023-09-06 00:00:00
C110731,New,45-54,West Midlands,2024-02-06 00:00:00
C110732,Returning,25-34,West Midlands,2023-11-12 00:00:00
C110733,Returning,25-34,West Midlands,2025-03-25 00:00:00
C110734,New,55+,East of England,2024-07-06 00:00:00
C110735,Returning,35-44,West Midlands,2023-08-09 00:00:00
C110736,New,25-34,North West,2023-06-14 00:00:00
C110737,Returning,18-24,Yorkshire,2025-10-20 00:00:00
C110738,Returning,18-24,North West,2025-09-04 00:00:00
C110739,New,25-34,South East,2025-07-01 00:00:00
C110740,Returning,35-44,East of England,2025-03-19 00:00:00
C110741,Returning,35-44,West Midlands,2025-08-05 00:00:00
C110742,New,55+,North West,2024-12-12 00:00:00
C110743,Returning,45-54,North West,2025-10-02 00:00:00
C110744,Returning,55+,South West,2025-10-07 00:00:00
C110745,Returning,35-44,North West,2024-04-24 00:00:00
C110746,Returning,35-44,West Midlands,2023-10-01 00:00:00
C110747,Returning,35-44,West Midlands,2025-09-08 00:00:00
C110748,Returning,25-34,South West,2025-06-28 00:00:00
C110749,New,25-34,South East,2024-05-03 00:00:00
C110750,New,45-54,Scotland,2025-09-26 00:00:00
C110751,New,45-54,East of England,2023-04-22 00:00:00
C110752,Returning,25-34,London,2025-06-22 00:00:00
C110753,New,35-44,South East,2023-02-24 00:00:00
C110754,Returning,25-34,East of England,2023-04-23 00:00:00
C110755,Returning,35-44,South East,2023-03-11 00:00:00
C110756,Returning,25-34,South East,2023-03-29 00:00:00
C110757,Returning,55+,London,2023-07-26 00:00:00
C110758,Returning,35-44,London,2024-02-03 00:00:00
C110759,Returning,25-34,West Midlands,2024-01-31 00:00:00
C110760,New,45-54,South West,2024-04-07 00:00:00
C110761,Returning,55+,Yorkshire,2025-12-13 00:00:00
C110762,New,45-54,London,2024-07-16 00:00:00
C110763,Returning,35-44,North West,2023-09-23 00:00:00
C110764,Returning,25-34,South East,2023-06-01 00:00:00
C110765,New,35-44,Yorkshire,2025-10-01 00:00:00
C110766,New,45-54,West Midlands,2023-10-31 00:00:00
C110767,Returning,55+,Scotland,2025-06-10 00:00:00
C110768,Returning,35-44,South West,2025-05-18 00:00:00
C110769,Returning,35-44,Yorkshire,2025-08-05 00:00:00
C110770,New,25-34,North West,2023-06-11 00:00:00
C110771,New,18-24,North West,2025-05-13 00:00:00
C110772,Returning,25-34,West Midlands,2025-05-10 00:00:00
C110773,Returning,18-24,South West,2025-12-06 00:00:00
C110774,New,35-44,East of England,2025-02-18 00:00:00
C110775,New,25-34,Scotland,2023-05-12 00:00:00
C110776,Returning,35-44,North West,2024-05-18 00:00:00
C110777,Returning,35-44,Yorkshire,2024-06-10 00:00:00
C110778,Returning,25-34,West Midlands,2024-06-05 00:00:00
C110779,Returning,35-44,London,2024-01-13 00:00:00
C110780,Returning,25-34,Yorkshire,2025-05-31 00:00:00
C110781,Returning,18-24,Scotland,2023-11-09 00:00:00
C110782,New,55+,East of England,2024-05-04 00:00:00
C110783,New,18-24,East of England,2024-05-06 00:00:00
C110784,Returning,25-34,West Midlands,2024-12-08 00:00:00
C110785,Returning,35-44,Yorkshire,2024-06-13 00:00:00
C110786,Returning,25-34,North West,2025-12-03 00:00:00
C110787,New,25-34,North West,2025-12-20 00:00:00
C110788,New,45-54,London,2024-05-25 00:00:00
C110789,New,35-44,North West,2023-10-19 00:00:00
C110790,Returning,35-44,South East,2025-04-17 00:00:00
C110791,Returning,55+,Yorkshire,2025-09-29 00:00:00
C110792,Returning,18-24,Scotland,2025-09-02 00:00:00
C110793,Returning,35-44,Yorkshire,2023-07-03 00:00:00
C110794,New,25-34,South East,2023-02-28 00:00:00
C110795,Returning,18-24,West Midlands,2025-01-01 00:00:00
C110796,New,55+,North West,2023-11-27 00:00:00
C110797,New,45-54,Yorkshire,2023-12-02 00:00:00
C110798,Returning,25-34,London,2023-02-02 00:00:00
C110799,Returning,25-34,North West,2025-11-22 00:00:00
C110800,New,25-34,East of England,2023-01-02 00:00:00
C110801,New,45-54,London,2024-11-29 00:00:00
C110802,Returning,25-34,Yorkshire,2025-10-14 00:00:00
C110803,New,55+,East of England,2023-03-12 00:00:00
C110804,Returning,25-34,South West,2024-11-08 00:00:00
C110805,Returning,25-34,Scotland,2025-10-12 00:00:00
C110806,New,55+,South West,2024-03-27 00:00:00
C110807,New,55+,North West,2023-11-20 00:00:00
C110808,New,25-34,West Midlands,2025-02-13 00:00:00
C110809,Returning,35-44,London,2025-10-17 00:00:00
C110810,Returning,55+,London,2024-09-06 00:00:00
C110811,Returning,35-44,North West,2023-01-15 00:00:00
C110812,New,35-44,South East,2025-01-23 00:00:00
C110813,Returning,35-44,South East,2023-08-29 00:00:00
C110814,New,55+,South West,2025-12-23 00:00:00
C110815,New,35-44,London,2023-11-03 00:00:00
C110816,Returning,25-34,South East,2024-12-01 00:00:00
C110817,Returning,35-44,Yorkshire,2025-01-26 00:00:00
C110818,New,45-54,London,2024-05-04 00:00:00
C110819,New,35-44,North West,2025-05-27 00:00:00
C110820,Returning,25-34,London,2025-09-12 00:00:00
C110821,New,35-44,South West,2024-11-24 00:00:00
C110822,New,35-44,North West,2025-04-09 00:00:00
C110823,Returning,55+,North West,2023-03-10 00:00:00
C110824,New,25-34,London,2023-09-23 00:00:00
C110825,Returning,45-54,Yorkshire,2024-04-22 00:00:00
C110826,Returning,35-44,South East,2023-05-24 00:00:00
C110827,Returning,18-24,North West,2024-06-27 00:00:00
C110828,Returning,35-44,London,2023-03-22 00:00:00
C110829,Returning,18-24,London,2024-01-30 00:00:00
C110830,Returning,45-54,London,2023-03-09 00:00:00
C110831,New,45-54,London,2024-04-06 00:00:00
C110832,New,18-24,London,2024-03-22 00:00:00
C110833,Returning,35-44,London,2024-06-14 00:00:00
C110834,New,55+,East of England,2025-12-25 00:00:00
C110835,New,25-34,North West,2024-09-01 00:00:00
C110836,New,55+,North West,2023-06-12 00:00:00
C110837,Returning,25-34,South East,2024-11-25 00:00:00
C110838,New,18-24,London,2025-12-13 00:00:00
C110839,Returning,35-44,Scotland,2023-08-20 00:00:00
C110840,Returning,25-34,London,2023-03-30 00:00:00
C110841,Returning,55+,South West,2025-09-18 00:00:00
C110842,New,35-44,Yorkshire,2023-07-09 00:00:00
C110843,Returning,45-54,West Midlands,2025-06-29 00:00:00
C110844,New,35-44,South West,2024-04-15 00:00:00
C110845,Returning,35-44,South West,2025-05-15 00:00:00
C110846,Returning,45-54,East of England,2025-02-22 00:00:00
C110847,New,35-44,North West,2025-06-05 00:00:00
C110848,Returning,45-54,London,2025-04-16 00:00:00
C110849,Returning,35-44,North West,2024-08-01 00:00:00
C110850,Returning,25-34,London,2023-09-26 00:00:00
C110851,Returning,35-44,South East,2025-11-14 00:00:00
C110852,Returning,35-44,North West,2023-07-27 00:00:00
C110853,Returning,25-34,South East,2024-02-07 00:00:00
C110854,Returning,25-34,East of England,2023-11-06 00:00:00
C110855,New,25-34,Scotland,2024-04-06 00:00:00
C110856,Returning,18-24,London,2023-10-02 00:00:00
C110857,Returning,45-54,London,2025-06-16 00:00:00
C110858,Returning,45-54,West Midlands,2024-04-25 00:00:00
C110859,Returning,25-34,London,2025-08-13 00:00:00
C110860,Returning,55+,London,2023-02-04 00:00:00
C110861,Returning,55+,East of England,2024-05-08 00:00:00
C110862,New,45-54,London,2024-10-05 00:00:00
C110863,New,18-24,South East,2025-07-21 00:00:00
C110864,Returning,25-34,West Midlands,2025-03-14 00:00:00
C110865,New,35-44,London,2024-11-27 00:00:00
C110866,New,45-54,South West,2025-07-18 00:00:00
C110867,New,35-44,East of England,2024-03-02 00:00:00
C110868,Returning,35-44,West Midlands,2025-11-18 00:00:00
C110869,Returning,45-54,London,2025-09-23 00:00:00
C110870,Returning,55+,East of England,2025-09-26 00:00:00
C110871,New,35-44,Yorkshire,2024-07-07 00:00:00
C110872,Returning,55+,North West,2023-04-13 00:00:00
C110873,New,45-54,West Midlands,2025-07-23 00:00:00
C110874,Returning,25-34,North West,2024-04-02 00:00:00
C110875,Returning,45-54,South East,2025-06-12 00:00:00
C110876,New,18-24,West Midlands,2023-03-02 00:00:00
C110877,Returning,25-34,Yorkshire,2023-04-17 00:00:00
C110878,New,55+,West Midlands,2024-01-19 00:00:00
C110879,Returning,25-34,Yorkshire,2025-08-16 00:00:00
C110880,New,35-44,Yorkshire,2023-02-03 00:00:00
C110881,Returning,55+,South West,2023-06-28 00:00:00
C110882,Returning,25-34,North West,2024-06-28 00:00:00
C110883,Returning,25-34,London,2025-06-14 00:00:00
C110884,Returning,18-24,Yorkshire,2023-06-20 00:00:00
C110885,New,35-44,South West,2025-04-11 00:00:00
C110886,Returning,25-34,London,2024-06-22 00:00:00
C110887,Returning,18-24,East of England,2025-03-21 00:00:00
C110888,New,45-54,Scotland,2025-02-28 00:00:00
C110889,New,25-34,Yorkshire,2025-10-09 00:00:00
C110890,New,35-44,London,2023-03-05 00:00:00
C110891,New,18-24,Yorkshire,2024-10-22 00:00:00
C110892,Returning,35-44,South East,2024-05-16 00:00:00
C110893,Returning,35-44,South East,2024-01-08 00:00:00
C110894,Returning,35-44,London,2025-03-25 00:00:00
C110895,Returning,25-34,Yorkshire,2024-10-14 00:00:00
C110896,New,25-34,North West,2024-05-03 00:00:00
C110897,Returning,18-24,West Midlands,2025-02-04 00:00:00
C110898,New,18-24,South East,2024-09-23 00:00:00
C110899,New,35-44,West Midlands,2024-02-06 00:00:00
C110900,New,25-34,West Midlands,2024-01-05 00:00:00
C110901,New,25-34,West Midlands,2023-10-07 00:00:00
C110902,Returning,25-34,London,2023-11-23 00:00:00
C110903,Returning,45-54,South East,2024-06-22 00:00:00
C110904,New,35-44,London,2023-07-18 00:00:00
C110905,New,35-44,South West,2025-09-15 00:00:00
C110906,Returning,35-44,North West,2024-10-01 00:00:00
C110907,New,25-34,South West,2024-11-24 00:00:00
C110908,Returning,25-34,West Midlands,2024-09-23 00:00:00
C110909,Returning,25-34,London,2025-09-13 00:00:00
C110910,Returning,35-44,South East,2025-06-19 00:00:00
C110911,Returning,25-34,London,2024-06-06 00:00:00
C110912,Returning,25-34,West Midlands,2024-01-14 00:00:00
C110913,Returning,55+,South West,2025-11-07 00:00:00
C110914,Returning,45-54,London,2024-10-21 00:00:00
C110915,Returning,18-24,West Midlands,2025-05-20 00:00:00
C110916,Returning,55+,London,2023-06-03 00:00:00
C110917,Returning,25-34,West Midlands,2024-01-26 00:00:00
C110918,Returning,18-24,North West,2023-10-19 00:00:00
C110919,New,25-34,London,2024-05-08 00:00:00
C110920,Returning,55+,London,2024-07-07 00:00:00
C110921,Returning,25-34,Yorkshire,2026-01-02 00:00:00
C110922,Returning,45-54,West Midlands,2023-04-26 00:00:00
C110923,New,35-44,South East,2025-11-15 00:00:00
C110924,New,35-44,Yorkshire,2025-06-12 00:00:00
C110925,New,25-34,London,2024-03-27 00:00:00
C110926,Returning,18-24,East of England,2023-11-06 00:00:00
C110927,Returning,45-54,South West,2025-07-05 00:00:00
C110928,Returning,25-34,South East,2023-05-31 00:00:00
C110929,New,35-44,West Midlands,2025-09-27 00:00:00
C110930,New,18-24,West Midlands,2025-11-03 00:00:00
C110931,Returning,45-54,South West,2023-10-04 00:00:00
C110932,Returning,45-54,London,2024-09-08 00:00:00
C110933,Returning,35-44,Yorkshire,2024-07-23 00:00:00
C110934,Returning,35-44,South East,2025-04-23 00:00:00
C110935,New,25-34,South West,2025-04-12 00:00:00
C110936,Returning,25-34,Scotland,2025-12-30 00:00:00
C110937,Returning,18-24,South East,2023-03-26 00:00:00
C110938,New,45-54,West Midlands,2025-06-18 00:00:00
C110939,Returning,18-24,North West,2025-06-05 00:00:00
C110940,Returning,18-24,North West,2025-03-26 00:00:00
C110941,Returning,18-24,London,2023-08-21 00:00:00
C110942,Returning,25-34,North West,2025-03-28 00:00:00
C110943,Returning,35-44,Yorkshire,2024-06-10 00:00:00
C110944,Returning,45-54,Scotland,2023-11-04 00:00:00
C110945,Returning,25-34,Yorkshire,2024-02-17 00:00:00
C110946,Returning,25-34,North West,2024-03-31 00:00:00
C110947,Returning,35-44,London,2025-03-25 00:00:00
C110948,Returning,35-44,London,2023-08-09 00:00:00
C110949,New,45-54,North West,2023-09-14 00:00:00
C110950,Returning,45-54,North West,2024-02-12 00:00:00
C110951,Returning,45-54,East of England,2024-05-27 00:00:00
C110952,New,45-54,West Midlands,2025-11-06 00:00:00
C110953,Returning,55+,London,2023-10-20 00:00:00
C110954,Returning,35-44,London,2025-09-23 00:00:00
C110955,Returning,35-44,West Midlands,2023-03-02 00:00:00
C110956,Returning,45-54,South East,2024-07-15 00:00:00
C110957,Returning,25-34,London,2025-07-16 00:00:00
C110958,Returning,25-34,London,2023-12-08 00:00:00
C110959,Returning,55+,West Midlands,2023-09-04 00:00:00
C110960,New,35-44,South East,2024-10-27 00:00:00
C110961,New,18-24,Scotland,2023-09-13 00:00:00
C110962,Returning,25-34,East of England,2023-01-17 00:00:00
C110963,Returning,25-34,London,2023-02-21 00:00:00
C110964,Returning,25-34,South West,2024-06-10 00:00:00
C110965,New,35-44,West Midlands,2024-07-06 00:00:00
C110966,Returning,35-44,East of England,2023-01-29 00:00:00
C110967,Returning,35-44,North West,2023-10-23 00:00:00
C110968,Returning,18-24,London,2025-04-12 00:00:00
C110969,Returning,35-44,London,2024-09-14 00:00:00
C110970,Returning,18-24,Scotland,2024-11-03 00:00:00
C110971,Returning,25-34,East of England,2025-03-06 00:00:00
C110972,Returning,35-44,West Midlands,2025-09-21 00:00:00
C110973,Returning,25-34,North West,2023-02-20 00:00:00
C110974,Returning,55+,North West,2024-06-14 00:00:00
C110975,New,35-44,South West,2023-08-09 00:00:00
C110976,Returning,25-34,West Midlands,2025-01-04 00:00:00
C110977,New,25-34,London,2024-03-05 00:00:00
C110978,Returning,18-24,South East,2023-06-19 00:00:00
C110979,Returning,18-24,North West,2025-08-25 00:00:00
C110980,New,55+,South East,2024-07-21 00:00:00
C110981,New,35-44,South West,2023-05-01 00:00:00
C110982,New,45-54,Scotland,2023-09-05 00:00:00
C110983,New,35-44,South East,2025-03-29 00:00:00
C110984,Returning,55+,East of England,2024-06-01 00:00:00
C110985,New,55+,Yorkshire,2025-11-14 00:00:00
C110986,New,18-24,North West,2023-02-25 00:00:00
C110987,Returning,25-34,London,2023-03-27 00:00:00
C110988,New,25-34,West Midlands,2025-01-28 00:00:00
C110989,Returning,25-34,Scotland,2024-01-02 00:00:00
C110990,Returning,35-44,Yorkshire,2025-08-19 00:00:00
C110991,Returning,25-34,North West,2025-04-26 00:00:00
C110992,Returning,45-54,London,2023-01-26 00:00:00
C110993,New,18-24,South East,2025-10-25 00:00:00
C110994,Returning,45-54,West Midlands,2025-11-14 00:00:00
C110995,Returning,25-34,Yorkshire,2023-09-29 00:00:00
C110996,New,18-24,East of England,2024-11-04 00:00:00
C110997,Returning,45-54,West Midlands,2024-12-07 00:00:00
C110998,Returning,35-44,South East,2023-02-11 00:00:00
C110999,Returning,45-54,South East,2025-03-15 00:00:00
C111000,Returning,55+,London,2025-12-01 00:00:00
C111001,New,18-24,London,2024-03-20 00:00:00
C111002,Returning,25-34,South East,2025-12-20 00:00:00
C111003,Returning,18-24,South West,2025-01-06 00:00:00
C111004,Returning,18-24,West Midlands,2025-03-19 00:00:00
C111005,New,55+,East of England,2024-08-27 00:00:00
C111006,Returning,45-54,Scotland,2025-01-30 00:00:00
C111007,Returning,25-34,London,2025-10-27 00:00:00
C111008,New,45-54,Yorkshire,2024-10-11 00:00:00
C111009,Returning,55+,London,2024-08-15 00:00:00
C111010,Returning,25-34,London,2023-07-06 00:00:00
C111011,Returning,18-24,South East,2024-07-22 00:00:00
C111012,Returning,45-54,London,2025-08-07 00:00:00
C111013,New,45-54,Yorkshire,2025-01-06 00:00:00
C111014,Returning,25-34,Yorkshire,2025-02-26 00:00:00
C111015,Returning,35-44,North West,2023-06-17 00:00:00
C111016,Returning,25-34,North West,2025-07-20 00:00:00
C111017,Returning,35-44,South West,2024-08-07 00:00:00
C111018,New,35-44,South West,2024-05-16 00:00:00
C111019,Returning,25-34,East of England,2023-02-25 00:00:00
C111020,Returning,45-54,Yorkshire,2025-09-09 00:00:00
C111021,Returning,35-44,South East,2024-11-20 00:00:00
C111022,Returning,45-54,North West,2023-12-10 00:00:00
C111023,Returning,35-44,West Midlands,2024-08-11 00:00:00
C111024,New,35-44,London,2025-09-27 00:00:00
C111025,Returning,25-34,South West,2025-07-12 00:00:00
C111026,New,25-34,East of England,2023-11-24 00:00:00
C111027,Returning,45-54,Scotland,2025-05-27 00:00:00
C111028,Returning,35-44,South East,2023-01-09 00:00:00
C111029,Returning,25-34,London,2024-04-20 00:00:00
C111030,New,55+,London,2024-08-26 00:00:00
C111031,New,45-54,South West,2024-12-25 00:00:00
C111032,Returning,25-34,North West,2023-01-02 00:00:00
C111033,Returning,25-34,South West,2023-11-30 00:00:00
C111034,Returning,35-44,East of England,2023-10-10 00:00:00
C111035,Returning,18-24,London,2024-03-02 00:00:00
C111036,Returning,55+,South East,2025-01-30 00:00:00
C111037,Returning,35-44,South West,2023-03-27 00:00:00
C111038,Returning,18-24,South East,2025-04-04 00:00:00
C111039,Returning,35-44,West Midlands,2023-04-21 00:00:00
C111040,Returning,25-34,West Midlands,2024-07-11 00:00:00
C111041,New,35-44,North West,2025-06-19 00:00:00
C111042,Returning,25-34,Scotland,2025-08-24 00:00:00
C111043,New,45-54,London,2025-12-05 00:00:00
C111044,Returning,45-54,West Midlands,2024-04-19 00:00:00
C111045,Returning,55+,Scotland,2024-06-22 00:00:00
C111046,Returning,25-34,South East,2025-09-18 00:00:00
C111047,Returning,25-34,South West,2023-05-21 00:00:00
C111048,New,45-54,East of England,2025-09-27 00:00:00
C111049,New,25-34,South East,2023-04-08 00:00:00
C111050,New,25-34,London,2023-04-11 00:00:00
C111051,New,55+,London,2023-02-19 00:00:00
C111052,Returning,45-54,London,2023-09-11 00:00:00
C111053,Returning,45-54,South East,2025-08-24 00:00:00
C111054,New,25-34,London,2023-08-17 00:00:00
C111055,Returning,35-44,West Midlands,2024-05-01 00:00:00
C111056,New,35-44,South West,2025-06-04 00:00:00
C111057,New,35-44,South East,2025-08-26 00:00:00
C111058,Returning,25-34,West Midlands,2024-04-27 00:00:00
C111059,New,45-54,London,2024-02-04 00:00:00
C111060,Returning,25-34,Yorkshire,2024-05-25 00:00:00
C111061,Returning,35-44,South East,2024-10-08 00:00:00
C111062,New,45-54,London,2023-12-21 00:00:00
C111063,New,45-54,Scotland,2025-01-11 00:00:00
C111064,New,25-34,South West,2025-06-07 00:00:00
C111065,New,35-44,Yorkshire,2023-02-25 00:00:00
C111066,Returning,35-44,Yorkshire,2025-06-22 00:00:00
C111067,Returning,25-34,West Midlands,2025-01-19 00:00:00
C111068,Returning,18-24,South East,2023-03-06 00:00:00
C111069,Returning,35-44,West Midlands,2025-05-29 00:00:00
C111070,Returning,45-54,South West,2024-06-29 00:00:00
C111071,New,55+,Scotland,2023-01-25 00:00:00
C111072,Returning,25-34,North West,2023-03-31 00:00:00
C111073,New,25-34,South East,2023-03-06 00:00:00
C111074,Returning,25-34,Yorkshire,2024-03-23 00:00:00
C111075,New,55+,Yorkshire,2024-07-28 00:00:00
C111076,New,45-54,South East,2023-09-22 00:00:00
C111077,Returning,55+,West Midlands,2025-12-04 00:00:00
C111078,New,35-44,London,2023-02-04 00:00:00
C111079,Returning,25-34,West Midlands,2025-12-06 00:00:00
C111080,Returning,35-44,South West,2023-06-16 00:00:00
C111081,Returning,25-34,South East,2023-05-01 00:00:00
C111082,New,25-34,North West,2024-06-24 00:00:00
C111083,Returning,18-24,South East,2025-04-16 00:00:00
C111084,New,18-24,London,2024-12-28 00:00:00
C111085,Returning,25-34,South West,2025-05-22 00:00:00
C111086,Returning,55+,North West,2024-05-13 00:00:00
C111087,Returning,45-54,South West,2025-08-22 00:00:00
C111088,Returning,45-54,Yorkshire,2025-04-20 00:00:00
C111089,Returning,25-34,South West,2023-02-17 00:00:00
C111090,Returning,45-54,London,2024-07-06 00:00:00
C111091,New,25-34,North West,2025-12-05 00:00:00
C111092,Returning,18-24,South East,2025-03-09 00:00:00
C111093,New,25-34,South West,2025-06-22 00:00:00
C111094,New,25-34,North West,2025-03-02 00:00:00
C111095,Returning,45-54,London,2024-10-30 00:00:00
C111096,New,45-54,North West,2024-01-04 00:00:00
C111097,Returning,25-34,South West,2023-03-15 00:00:00
C111098,New,35-44,South East,2023-11-28 00:00:00
C111099,Returning,25-34,Yorkshire,2023-09-22 00:00:00
C111100,Returning,25-34,East of England,2025-03-07 00:00:00
C111101,New,35-44,London,2024-01-17 00:00:00
C111102,Returning,45-54,North West,2024-01-25 00:00:00
C111103,Returning,45-54,East of England,2025-08-01 00:00:00
C111104,Returning,25-34,London,2023-08-04 00:00:00
C111105,New,35-44,South East,2025-04-17 00:00:00
C111106,Returning,18-24,North West,2024-01-23 00:00:00
C111107,Returning,18-24,North West,2025-10-31 00:00:00
C111108,Returning,18-24,South West,2025-11-16 00:00:00
C111109,New,18-24,North West,2024-04-09 00:00:00
C111110,Returning,25-34,North West,2025-05-10 00:00:00
C111111,Returning,25-34,West Midlands,2025-10-05 00:00:00
C111112,New,45-54,London,2024-10-25 00:00:00
C111113,Returning,25-34,North West,2025-09-12 00:00:00
C111114,Returning,25-34,London,2025-01-21 00:00:00
C111115,Returning,55+,Scotland,2023-01-21 00:00:00
C111116,New,55+,London,2024-10-30 00:00:00
C111117,New,25-34,London,2023-09-21 00:00:00
C111118,Returning,25-34,South West,2024-10-11 00:00:00
C111119,Returning,25-34,London,2025-05-29 00:00:00
C111120,Returning,55+,West Midlands,2023-08-06 00:00:00
C111121,Returning,25-34,East of England,2025-01-01 00:00:00
C111122,Returning,18-24,South West,2024-08-18 00:00:00
C111123,New,45-54,London,2023-09-03 00:00:00
C111124,Returning,45-54,South East,2025-04-15 00:00:00
C111125,New,25-34,North West,2025-05-09 00:00:00
C111126,New,25-34,West Midlands,2023-01-08 00:00:00
C111127,New,25-34,London,2023-12-15 00:00:00
C111128,New,25-34,London,2023-03-22 00:00:00
C111129,Returning,25-34,South West,2024-10-24 00:00:00
C111130,New,45-54,South East,2025-08-27 00:00:00
C111131,New,45-54,South West,2025-10-25 00:00:00
C111132,New,45-54,London,2024-03-11 00:00:00
C111133,Returning,45-54,North West,2023-09-21 00:00:00
C111134,Returning,35-44,West Midlands,2023-12-12 00:00:00
C111135,Returning,25-34,South East,2023-03-02 00:00:00
C111136,Returning,45-54,North West,2024-01-20 00:00:00
C111137,Returning,18-24,London,2024-12-27 00:00:00
C111138,Returning,25-34,East of England,2023-01-21 00:00:00
C111139,New,25-34,South West,2025-03-12 00:00:00
C111140,New,45-54,South East,2025-07-17 00:00:00
C111141,New,35-44,North West,2023-12-10 00:00:00
C111142,Returning,35-44,East of England,2025-04-24 00:00:00
C111143,New,35-44,West Midlands,2024-05-30 00:00:00
C111144,New,45-54,South East,2025-12-23 00:00:00
C111145,Returning,25-34,South West,2024-07-05 00:00:00
C111146,New,25-34,London,2024-10-21 00:00:00
C111147,New,45-54,Yorkshire,2025-06-16 00:00:00
C111148,New,35-44,London,2023-10-29 00:00:00
C111149,Returning,35-44,Yorkshire,2025-02-01 00:00:00
C111150,New,25-34,West Midlands,2025-07-25 00:00:00
C111151,New,55+,London,2023-10-28 00:00:00
C111152,New,25-34,East of England,2025-06-06 00:00:00
C111153,Returning,55+,North West,2023-10-28 00:00:00
C111154,New,45-54,South East,2024-11-01 00:00:00
C111155,New,45-54,Yorkshire,2023-12-24 00:00:00
C111156,Returning,18-24,West Midlands,2024-11-22 00:00:00
C111157,Returning,35-44,London,2023-06-10 00:00:00
C111158,New,25-34,Yorkshire,2025-06-09 00:00:00
C111159,New,25-34,Scotland,2023-05-28 00:00:00
C111160,New,25-34,London,2024-01-04 00:00:00
C111161,Returning,25-34,East of England,2025-06-18 00:00:00
C111162,New,25-34,North West,2023-04-16 00:00:00
C111163,Returning,35-44,London,2025-07-03 00:00:00
C111164,Returning,25-34,Yorkshire,2024-03-16 00:00:00
C111165,Returning,25-34,West Midlands,2023-10-14 00:00:00
C111166,New,25-34,South West,2025-07-03 00:00:00
C111167,Returning,45-54,North West,2025-07-24 00:00:00
C111168,Returning,18-24,London,2025-08-05 00:00:00
C111169,Returning,45-54,London,2024-09-19 00:00:00
C111170,New,25-34,South East,2023-08-06 00:00:00
C111171,Returning,35-44,West Midlands,2025-02-22 00:00:00
C111172,Returning,45-54,Scotland,2025-02-12 00:00:00
C111173,Returning,35-44,South West,2025-08-26 00:00:00
C111174,Returning,35-44,South West,2025-03-21 00:00:00
C111175,Returning,55+,North West,2023-12-06 00:00:00
C111176,Returning,18-24,London,2024-05-07 00:00:00
C111177,Returning,25-34,South West,2024-12-29 00:00:00
C111178,Returning,55+,London,2025-05-04 00:00:00
C111179,Returning,45-54,London,2023-12-06 00:00:00
C111180,New,35-44,South East,2023-10-13 00:00:00
C111181,New,25-34,East of England,2025-09-20 00:00:00
C111182,Returning,25-34,South West,2025-12-27 00:00:00
C111183,Returning,45-54,London,2023-11-26 00:00:00
C111184,New,45-54,East of England,2023-03-13 00:00:00
C111185,Returning,25-34,South West,2024-11-18 00:00:00
C111186,Returning,25-34,North West,2023-01-18 00:00:00
C111187,Returning,45-54,London,2023-07-30 00:00:00
C111188,New,35-44,South East,2024-08-02 00:00:00
C111189,New,55+,South East,2024-02-11 00:00:00
C111190,Returning,25-34,Yorkshire,2023-02-23 00:00:00
C111191,New,25-34,North West,2024-01-22 00:00:00
C111192,Returning,25-34,South East,2025-01-11 00:00:00
C111193,Returning,35-44,South East,2025-04-05 00:00:00
C111194,Returning,25-34,North West,2025-04-07 00:00:00
C111195,Returning,18-24,East of England,2023-11-12 00:00:00
C111196,New,25-34,London,2024-12-30 00:00:00
C111197,New,25-34,Yorkshire,2023-12-27 00:00:00
C111198,New,45-54,Scotland,2024-12-17 00:00:00
C111199,New,25-34,South West,2023-01-11 00:00:00
C111200,Returning,35-44,West Midlands,2024-03-26 00:00:00
C111201,New,35-44,Yorkshire,2023-12-14 00:00:00
C111202,Returning,25-34,East of England,2025-01-03 00:00:00
C111203,New,35-44,South West,2023-10-27 00:00:00
C111204,New,45-54,London,2023-11-26 00:00:00
C111205,New,35-44,London,2024-08-22 00:00:00
C111206,Returning,35-44,London,2024-12-20 00:00:00
C111207,Returning,45-54,London,2024-03-17 00:00:00
C111208,Returning,55+,Yorkshire,2025-09-08 00:00:00
C111209,New,45-54,South East,2025-12-14 00:00:00
C111210,Returning,25-34,Yorkshire,2024-10-28 00:00:00
C111211,Returning,35-44,Yorkshire,2024-08-23 00:00:00
C111212,New,35-44,North West,2024-07-26 00:00:00
C111213,New,25-34,London,2023-03-22 00:00:00
C111214,New,35-44,South East,2024-03-28 00:00:00
C111215,New,45-54,London,2025-06-09 00:00:00
C111216,Returning,25-34,East of England,2025-02-01 00:00:00
C111217,New,55+,South East,2023-02-28 00:00:00
C111218,Returning,55+,London,2023-06-02 00:00:00
C111219,Returning,25-34,London,2025-07-09 00:00:00
C111220,New,25-34,North West,2025-03-19 00:00:00
C111221,Returning,55+,North West,2024-03-22 00:00:00
C111222,New,25-34,Scotland,2025-11-01 00:00:00
C111223,Returning,45-54,South East,2023-03-09 00:00:00
C111224,New,18-24,London,2025-04-17 00:00:00
C111225,New,25-34,South West,2025-12-11 00:00:00
C111226,New,25-34,South East,2024-04-26 00:00:00
C111227,Returning,25-34,South East,2024-06-28 00:00:00
C111228,Returning,55+,East of England,2023-08-22 00:00:00
C111229,Returning,25-34,North West,2025-07-29 00:00:00
C111230,New,25-34,West Midlands,2025-03-09 00:00:00
C111231,Returning,45-54,Scotland,2024-04-07 00:00:00
C111232,New,55+,South East,2023-09-16 00:00:00
C111233,Returning,25-34,London,2024-05-22 00:00:00
C111234,Returning,45-54,London,2024-05-12 00:00:00
C111235,Returning,18-24,London,2024-02-03 00:00:00
C111236,Returning,45-54,West Midlands,2025-07-12 00:00:00
C111237,Returning,45-54,East of England,2024-02-10 00:00:00
C111238,Returning,55+,Scotland,2023-05-06 00:00:00
C111239,New,35-44,Yorkshire,2025-05-22 00:00:00
C111240,Returning,55+,East of England,2025-03-14 00:00:00
C111241,New,25-34,West Midlands,2023-02-03 00:00:00
C111242,Returning,45-54,South East,2025-02-04 00:00:00
C111243,Returning,45-54,London,2024-06-22 00:00:00
C111244,Returning,25-34,West Midlands,2025-01-10 00:00:00
C111245,Returning,55+,South East,2023-10-20 00:00:00
C111246,New,45-54,London,2023-07-15 00:00:00
C111247,Returning,45-54,Scotland,2024-09-04 00:00:00
C111248,New,25-34,London,2023-03-01 00:00:00
C111249,Returning,45-54,Yorkshire,2023-08-25 00:00:00
C111250,Returning,25-34,London,2023-02-18 00:00:00
C111251,Returning,55+,North West,2024-01-19 00:00:00
C111252,New,18-24,Yorkshire,2025-09-23 00:00:00
C111253,New,35-44,London,2024-08-09 00:00:00
C111254,Returning,18-24,London,2025-03-23 00:00:00
C111255,New,45-54,North West,2025-03-26 00:00:00
C111256,New,25-34,North West,2023-05-20 00:00:00
C111257,New,55+,South East,2025-11-06 00:00:00
C111258,Returning,55+,South East,2023-06-19 00:00:00
C111259,New,25-34,London,2023-09-25 00:00:00
C111260,Returning,45-54,South East,2024-12-22 00:00:00
C111261,Returning,45-54,East of England,2024-06-15 00:00:00
C111262,Returning,25-34,London,2023-08-25 00:00:00
C111263,New,25-34,West Midlands,2024-01-19 00:00:00
C111264,New,25-34,Yorkshire,2024-03-25 00:00:00
C111265,New,18-24,South West,2024-10-28 00:00:00
C111266,Returning,35-44,London,2025-05-19 00:00:00
C111267,Returning,35-44,North West,2024-02-08 00:00:00
C111268,New,35-44,North West,2024-03-07 00:00:00
C111269,New,55+,London,2023-04-17 00:00:00
C111270,New,18-24,London,2025-11-16 00:00:00
C111271,New,45-54,East of England,2024-11-06 00:00:00
C111272,Returning,45-54,West Midlands,2023-10-13 00:00:00
C111273,New,45-54,London,2023-02-09 00:00:00
C111274,New,35-44,North West,2025-11-10 00:00:00
C111275,New,25-34,South East,2023-02-17 00:00:00
C111276,New,45-54,London,2023-07-20 00:00:00
C111277,New,45-54,South East,2025-08-30 00:00:00
C111278,Returning,45-54,South East,2024-01-07 00:00:00
C111279,New,25-34,North West,2025-08-15 00:00:00
C111280,New,35-44,West Midlands,2024-08-28 00:00:00
C111281,Returning,25-34,London,2024-09-10 00:00:00
C111282,Returning,35-44,North West,2025-10-22 00:00:00
C111283,New,45-54,Yorkshire,2023-01-20 00:00:00
C111284,Returning,25-34,West Midlands,2024-01-18 00:00:00
C111285,New,25-34,London,2024-01-13 00:00:00
C111286,Returning,18-24,London,2025-03-17 00:00:00
C111287,Returning,25-34,Scotland,2024-01-16 00:00:00
C111288,Returning,25-34,London,2025-08-26 00:00:00
C111289,New,18-24,South East,2025-03-03 00:00:00
C111290,Returning,25-34,Yorkshire,2025-09-25 00:00:00
C111291,New,35-44,South West,2025-06-12 00:00:00
C111292,New,45-54,East of England,2025-04-01 00:00:00
C111293,Returning,25-34,West Midlands,2024-01-25 00:00:00
C111294,Returning,18-24,Scotland,2025-03-11 00:00:00
C111295,Returning,45-54,London,2024-04-08 00:00:00
C111296,Returning,25-34,South West,2024-01-13 00:00:00
C111297,Returning,25-34,South East,2023-09-05 00:00:00
C111298,Returning,35-44,Scotland,2025-09-12 00:00:00
C111299,Returning,55+,East of England,2025-03-11 00:00:00
C111300,Returning,25-34,South West,2023-02-24 00:00:00
C111301,Returning,55+,North West,2024-01-20 00:00:00
C111302,Returning,25-34,London,2024-09-30 00:00:00
C111303,Returning,18-24,West Midlands,2025-02-15 00:00:00
C111304,Returning,25-34,London,2023-12-04 00:00:00
C111305,Returning,45-54,Yorkshire,2025-02-16 00:00:00
C111306,New,35-44,London,2023-10-27 00:00:00
C111307,Returning,35-44,South East,2023-06-21 00:00:00
C111308,New,55+,South East,2023-04-06 00:00:00
C111309,New,35-44,South West,2025-09-01 00:00:00
C111310,Returning,18-24,West Midlands,2024-12-24 00:00:00
C111311,Returning,45-54,North West,2025-06-25 00:00:00
C111312,Returning,25-34,London,2024-08-12 00:00:00
C111313,New,35-44,South East,2024-10-03 00:00:00
C111314,New,45-54,North West,2023-11-17 00:00:00
C111315,New,35-44,London,2023-04-05 00:00:00
C111316,New,25-34,Yorkshire,2025-02-25 00:00:00
C111317,New,35-44,West Midlands,2023-07-03 00:00:00
C111318,Returning,25-34,Scotland,2025-08-20 00:00:00
C111319,New,25-34,South East,2023-04-12 00:00:00
C111320,New,35-44,West Midlands,2025-12-10 00:00:00
C111321,New,25-34,East of England,2024-05-24 00:00:00
C111322,Returning,18-24,East of England,2023-11-08 00:00:00
C111323,Returning,35-44,West Midlands,2023-10-20 00:00:00
C111324,New,25-34,London,2025-01-15 00:00:00
C111325,New,25-34,West Midlands,2025-07-02 00:00:00
C111326,Returning,55+,North West,2024-06-06 00:00:00
C111327,New,18-24,South East,2024-04-24 00:00:00
C111328,Returning,25-34,London,2025-08-24 00:00:00
C111329,Returning,55+,North West,2024-05-12 00:00:00
C111330,Returning,25-34,London,2023-12-30 00:00:00
C111331,Returning,55+,East of England,2025-10-11 00:00:00
C111332,Returning,35-44,London,2025-06-01 00:00:00
C111333,Returning,35-44,Scotland,2024-09-27 00:00:00
C111334,New,25-34,North West,2023-01-13 00:00:00
C111335,New,25-34,Scotland,2024-03-02 00:00:00
C111336,New,45-54,South West,2025-12-11 00:00:00
C111337,Returning,18-24,London,2025-12-17 00:00:00
C111338,Returning,45-54,London,2025-01-10 00:00:00
C111339,New,45-54,London,2024-05-23 00:00:00
C111340,Returning,45-54,Yorkshire,2025-08-03 00:00:00
C111341,New,18-24,London,2024-09-29 00:00:00
C111342,New,45-54,Yorkshire,2023-03-07 00:00:00
C111343,New,45-54,East of England,2024-02-25 00:00:00
C111344,Returning,18-24,West Midlands,2023-12-23 00:00:00
C111345,Returning,55+,Yorkshire,2025-01-06 00:00:00
C111346,Returning,25-34,East of England,2023-08-30 00:00:00
C111347,New,55+,South West,2025-05-03 00:00:00
C111348,Returning,18-24,London,2023-09-25 00:00:00
C111349,Returning,25-34,South East,2024-11-22 00:00:00
C111350,New,45-54,North West,2023-11-27 00:00:00
C111351,Returning,25-34,South East,2023-10-01 00:00:00
C111352,New,25-34,West Midlands,2025-02-14 00:00:00
C111353,New,18-24,Scotland,2025-11-02 00:00:00
C111354,Returning,45-54,West Midlands,2025-05-29 00:00:00
C111355,New,18-24,South East,2024-07-16 00:00:00
C111356,Returning,35-44,London,2025-10-02 00:00:00
C111357,Returning,35-44,East of England,2025-06-27 00:00:00
C111358,New,35-44,London,2025-10-06 00:00:00
C111359,New,25-34,London,2023-01-10 00:00:00
C111360,Returning,25-34,North West,2025-06-13 00:00:00
C111361,Returning,55+,West Midlands,2024-07-23 00:00:00
C111362,Returning,45-54,South East,2025-02-07 00:00:00
C111363,New,55+,North West,2025-10-26 00:00:00
C111364,Returning,45-54,North West,2024-07-25 00:00:00
C111365,Returning,45-54,London,2025-01-27 00:00:00
C111366,New,55+,West Midlands,2025-12-16 00:00:00
C111367,Returning,35-44,Yorkshire,2023-05-06 00:00:00
C111368,Returning,55+,South East,2025-03-27 00:00:00
C111369,Returning,18-24,Scotland,2025-02-19 00:00:00
C111370,New,18-24,London,2023-07-29 00:00:00
C111371,Returning,35-44,West Midlands,2023-01-17 00:00:00
C111372,New,35-44,Yorkshire,2024-11-26 00:00:00
C111373,Returning,35-44,North West,2024-02-10 00:00:00
C111374,New,35-44,London,2023-12-11 00:00:00
C111375,New,35-44,North West,2023-09-18 00:00:00
C111376,Returning,55+,Scotland,2024-08-22 00:00:00
C111377,New,25-34,West Midlands,2023-10-05 00:00:00
C111378,Returning,25-34,London,2023-03-23 00:00:00
C111379,New,45-54,London,2023-02-15 00:00:00
C111380,Returning,35-44,West Midlands,2023-10-13 00:00:00
C111381,New,45-54,London,2024-11-09 00:00:00
C111382,Returning,25-34,East of England,2024-08-03 00:00:00
C111383,Returning,18-24,Scotland,2025-03-27 00:00:00
C111384,New,55+,Scotland,2024-10-20 00:00:00
C111385,New,18-24,South East,2023-11-18 00:00:00
C111386,New,45-54,West Midlands,2025-10-06 00:00:00
C111387,Returning,25-34,South East,2024-10-07 00:00:00
C111388,New,25-34,London,2024-11-11 00:00:00
C111389,New,45-54,North West,2024-07-01 00:00:00
C111390,New,25-34,London,2024-04-10 00:00:00
C111391,Returning,25-34,London,2025-12-28 00:00:00
C111392,Returning,45-54,East of England,2024-03-04 00:00:00
C111393,Returning,18-24,South West,2025-06-12 00:00:00
C111394,Returning,25-34,East of England,2023-04-03 00:00:00
C111395,Returning,35-44,South East,2025-11-06 00:00:00
C111396,Returning,35-44,East of England,2025-04-12 00:00:00
C111397,Returning,35-44,West Midlands,2025-06-25 00:00:00
C111398,New,25-34,London,2023-12-18 00:00:00
C111399,Returning,25-34,West Midlands,2024-12-24 00:00:00
C111400,Returning,25-34,North West,2025-04-11 00:00:00
C111401,Returning,55+,West Midlands,2023-03-20 00:00:00
C111402,New,18-24,South West,2024-12-15 00:00:00
C111403,New,55+,South East,2025-08-01 00:00:00
C111404,Returning,25-34,East of England,2025-07-21 00:00:00
C111405,Returning,25-34,London,2025-04-17 00:00:00
C111406,Returning,45-54,Yorkshire,2025-09-09 00:00:00
C111407,New,25-34,East of England,2023-11-07 00:00:00
C111408,Returning,35-44,North West,2025-01-27 00:00:00
C111409,New,55+,East of England,2023-10-24 00:00:00
C111410,New,45-54,Yorkshire,2025-08-07 00:00:00
C111411,New,35-44,London,2024-07-30 00:00:00
C111412,Returning,45-54,Yorkshire,2025-06-29 00:00:00
C111413,Returning,25-34,Yorkshire,2023-11-08 00:00:00
C111414,Returning,45-54,London,2023-12-04 00:00:00
C111415,Returning,25-34,West Midlands,2025-12-03 00:00:00
C111416,Returning,18-24,London,2025-09-21 00:00:00
C111417,Returning,35-44,South East,2023-08-01 00:00:00
C111418,Returning,25-34,Scotland,2024-03-01 00:00:00
C111419,Returning,45-54,Scotland,2023-06-18 00:00:00
C111420,Returning,18-24,Yorkshire,2024-11-30 00:00:00
C111421,New,18-24,South East,2023-02-17 00:00:00
C111422,Returning,35-44,West Midlands,2023-01-29 00:00:00
C111423,New,35-44,London,2024-08-30 00:00:00
C111424,New,55+,South East,2025-09-11 00:00:00
C111425,Returning,25-34,South West,2025-03-25 00:00:00
C111426,Returning,25-34,North West,2025-02-04 00:00:00
C111427,New,18-24,West Midlands,2024-10-06 00:00:00
C111428,New,35-44,London,2023-07-18 00:00:00
C111429,Returning,18-24,East of England,2023-08-18 00:00:00
C111430,New,45-54,South East,2024-11-09 00:00:00
C111431,New,18-24,South East,2025-10-12 00:00:00
C111432,Returning,55+,South East,2023-02-22 00:00:00
C111433,Returning,35-44,South East,2024-02-22 00:00:00
C111434,Returning,45-54,North West,2023-07-27 00:00:00
C111435,Returning,25-34,North West,2023-06-04 00:00:00
C111436,New,18-24,North West,2024-01-24 00:00:00
C111437,New,25-34,London,2023-07-30 00:00:00
C111438,Returning,35-44,Scotland,2023-09-27 00:00:00
C111439,Returning,35-44,Yorkshire,2024-04-27 00:00:00
C111440,New,25-34,East of England,2025-03-28 00:00:00
C111441,New,25-34,London,2024-08-21 00:00:00
C111442,New,55+,Scotland,2024-08-20 00:00:00
C111443,New,25-34,Yorkshire,2024-10-23 00:00:00
C111444,New,25-34,West Midlands,2023-09-05 00:00:00
C111445,New,25-34,London,2023-03-22 00:00:00
C111446,Returning,25-34,South East,2023-01-31 00:00:00
C111447,New,25-34,East of England,2025-08-12 00:00:00
C111448,Returning,35-44,South East,2025-08-21 00:00:00
C111449,Returning,35-44,Yorkshire,2024-01-06 00:00:00
C111450,Returning,45-54,Yorkshire,2025-05-12 00:00:00
C111451,Returning,25-34,South West,2023-10-13 00:00:00
C111452,New,18-24,South East,2023-12-02 00:00:00
C111453,New,45-54,East of England,2025-01-26 00:00:00
C111454,Returning,25-34,South East,2025-10-17 00:00:00
C111455,New,25-34,East of England,2024-11-05 00:00:00
C111456,New,35-44,West Midlands,2025-11-21 00:00:00
C111457,New,45-54,London,2025-12-28 00:00:00
C111458,Returning,25-34,South East,2023-02-02 00:00:00
C111459,New,55+,South West,2024-03-27 00:00:00
C111460,Returning,25-34,North West,2024-06-02 00:00:00
C111461,Returning,55+,London,2023-07-21 00:00:00
C111462,Returning,25-34,London,2023-08-23 00:00:00
C111463,New,45-54,Yorkshire,2025-12-06 00:00:00
C111464,Returning,25-34,London,2023-07-17 00:00:00
C111465,Returning,45-54,London,2024-06-14 00:00:00
C111466,Returning,35-44,South West,2024-06-13 00:00:00
C111467,New,55+,South East,2024-12-28 00:00:00
C111468,Returning,45-54,London,2024-08-25 00:00:00
C111469,Returning,35-44,West Midlands,2023-02-16 00:00:00
C111470,Returning,25-34,North West,2024-05-10 00:00:00
C111471,New,25-34,North West,2024-01-05 00:00:00
C111472,New,55+,London,2023-05-22 00:00:00
C111473,New,55+,West Midlands,2025-12-21 00:00:00
C111474,New,25-34,South East,2024-08-17 00:00:00
C111475,New,25-34,West Midlands,2025-11-26 00:00:00
C111476,New,18-24,London,2025-10-04 00:00:00
C111477,Returning,25-34,South East,2025-12-18 00:00:00
C111478,Returning,25-34,Yorkshire,2023-09-18 00:00:00
C111479,Returning,45-54,London,2025-06-25 00:00:00
C111480,Returning,18-24,Scotland,2023-02-14 00:00:00
C111481,Returning,55+,Scotland,2024-07-04 00:00:00
C111482,New,55+,South East,2025-08-13 00:00:00
C111483,Returning,25-34,Yorkshire,2024-09-21 00:00:00
C111484,New,35-44,North West,2023-08-10 00:00:00
C111485,Returning,35-44,London,2023-03-24 00:00:00
C111486,Returning,25-34,South East,2024-05-19 00:00:00
C111487,Returning,45-54,Scotland,2025-05-22 00:00:00
C111488,New,35-44,London,2025-10-08 00:00:00
C111489,Returning,18-24,North West,2025-04-03 00:00:00
C111490,New,55+,North West,2024-05-01 00:00:00
C111491,New,25-34,London,2025-02-18 00:00:00
C111492,New,25-34,North West,2025-05-12 00:00:00
C111493,New,55+,East of England,2024-02-25 00:00:00
C111494,Returning,18-24,London,2023-10-18 00:00:00
C111495,New,18-24,London,2023-10-20 00:00:00
C111496,New,25-34,South East,2025-03-31 00:00:00
C111497,Returning,25-34,South West,2025-06-09 00:00:00
C111498,Returning,35-44,North West,2023-08-02 00:00:00
C111499,Returning,45-54,West Midlands,2025-12-07 00:00:00
C111500,Returning,25-34,South West,2023-01-21 00:00:00
C111501,Returning,35-44,Scotland,2024-04-10 00:00:00
C111502,Returning,18-24,London,2024-06-15 00:00:00
C111503,Returning,25-34,South West,2023-03-03 00:00:00
C111504,Returning,55+,South East,2025-03-07 00:00:00
C111505,New,45-54,London,2025-09-17 00:00:00
C111506,Returning,45-54,South East,2023-09-19 00:00:00
C111507,New,25-34,West Midlands,2025-01-28 00:00:00
C111508,Returning,35-44,East of England,2025-11-12 00:00:00
C111509,New,45-54,West Midlands,2025-01-08 00:00:00
C111510,New,55+,North West,2024-05-11 00:00:00
C111511,Returning,45-54,London,2025-11-04 00:00:00
C111512,Returning,35-44,London,2024-03-17 00:00:00
C111513,New,18-24,Scotland,2025-01-07 00:00:00
C111514,New,18-24,East of England,2025-04-27 00:00:00
C111515,New,18-24,West Midlands,2024-11-10 00:00:00
C111516,Returning,25-34,London,2023-12-12 00:00:00
C111517,Returning,18-24,London,2025-02-20 00:00:00
C111518,New,35-44,Scotland,2023-12-07 00:00:00
C111519,Returning,35-44,London,2024-06-16 00:00:00
C111520,Returning,35-44,London,2024-08-22 00:00:00
C111521,New,35-44,Yorkshire,2023-11-12 00:00:00
C111522,Returning,25-34,Scotland,2025-04-23 00:00:00
C111523,New,35-44,London,2023-10-04 00:00:00
C111524,Returning,55+,South West,2023-06-27 00:00:00
C111525,Returning,35-44,South East,2025-03-09 00:00:00
C111526,New,55+,Yorkshire,2025-08-26 00:00:00
C111527,Returning,25-34,London,2023-09-24 00:00:00
C111528,Returning,35-44,East of England,2024-07-23 00:00:00
C111529,Returning,35-44,Yorkshire,2025-10-21 00:00:00
C111530,Returning,45-54,Scotland,2024-02-11 00:00:00
C111531,New,55+,West Midlands,2024-03-19 00:00:00
C111532,New,35-44,East of England,2025-02-06 00:00:00
C111533,Returning,45-54,North West,2024-11-27 00:00:00
C111534,New,55+,North West,2023-05-20 00:00:00
C111535,New,45-54,London,2023-02-17 00:00:00
C111536,Returning,18-24,South West,2024-02-05 00:00:00
C111537,New,18-24,West Midlands,2024-05-08 00:00:00
C111538,Returning,55+,North West,2024-11-05 00:00:00
C111539,Returning,45-54,Yorkshire,2024-03-15 00:00:00
C111540,Returning,55+,South West,2023-05-26 00:00:00
C111541,New,25-34,North West,2025-04-10 00:00:00
C111542,Returning,45-54,North West,2024-04-20 00:00:00
C111543,Returning,45-54,North West,2023-03-02 00:00:00
C111544,New,45-54,North West,2024-10-18 00:00:00
C111545,Returning,45-54,West Midlands,2024-03-18 00:00:00
C111546,Returning,25-34,South West,2024-08-12 00:00:00
C111547,New,45-54,South West,2025-08-01 00:00:00
C111548,New,35-44,North West,2023-07-30 00:00:00
C111549,Returning,25-34,London,2025-01-05 00:00:00
C111550,New,25-34,South East,2023-05-11 00:00:00
C111551,Returning,55+,East of England,2025-05-05 00:00:00
C111552,Returning,25-34,East of England,2024-02-07 00:00:00
C111553,New,25-34,South East,2025-04-19 00:00:00
C111554,Returning,35-44,Scotland,2023-02-15 00:00:00
C111555,Returning,55+,South East,2024-12-29 00:00:00
C111556,New,35-44,East of England,2023-10-04 00:00:00
C111557,Returning,25-34,Scotland,2024-03-06 00:00:00
C111558,Returning,18-24,West Midlands,2023-09-15 00:00:00
C111559,Returning,25-34,Scotland,2024-03-15 00:00:00
C111560,Returning,25-34,North West,2025-05-20 00:00:00
C111561,Returning,45-54,South East,2023-02-26 00:00:00
C111562,Returning,25-34,South West,2024-10-24 00:00:00
C111563,New,18-24,London,2023-08-03 00:00:00
C111564,New,45-54,London,2024-03-12 00:00:00
C111565,Returning,18-24,London,2024-09-05 00:00:00
C111566,Returning,18-24,North West,2023-04-17 00:00:00
C111567,Returning,35-44,Yorkshire,2025-09-11 00:00:00
C111568,Returning,18-24,East of England,2025-01-19 00:00:00
C111569,Returning,25-34,East of England,2024-11-04 00:00:00
C111570,Returning,55+,East of England,2025-10-20 00:00:00
C111571,Returning,45-54,Yorkshire,2024-03-01 00:00:00
C111572,New,45-54,East of England,2023-06-04 00:00:00
C111573,Returning,35-44,South East,2025-07-04 00:00:00
C111574,Returning,18-24,Yorkshire,2024-11-29 00:00:00
C111575,New,45-54,London,2024-05-08 00:00:00
C111576,New,35-44,London,2023-04-04 00:00:00
C111577,New,18-24,London,2023-10-13 00:00:00
C111578,Returning,25-34,London,2024-10-03 00:00:00
C111579,Returning,35-44,Scotland,2023-03-30 00:00:00
C111580,Returning,18-24,West Midlands,2024-08-26 00:00:00
C111581,Returning,25-34,East of England,2025-06-30 00:00:00
C111582,New,25-34,West Midlands,2024-05-09 00:00:00
C111583,Returning,35-44,Yorkshire,2024-11-08 00:00:00
C111584,Returning,18-24,South East,2023-08-27 00:00:00
C111585,Returning,35-44,Scotland,2024-09-30 00:00:00
C111586,Returning,25-34,London,2023-07-21 00:00:00
C111587,New,35-44,Yorkshire,2025-03-03 00:00:00
C111588,New,25-34,Scotland,2024-08-08 00:00:00
C111589,New,25-34,South West,2024-10-27 00:00:00
C111590,Returning,35-44,South West,2023-12-19 00:00:00
C111591,New,35-44,South East,2024-01-21 00:00:00
C111592,Returning,18-24,West Midlands,2024-12-26 00:00:00
C111593,Returning,35-44,London,2024-11-10 00:00:00
C111594,Returning,45-54,South East,2025-01-30 00:00:00
C111595,New,25-34,London,2023-06-04 00:00:00
C111596,Returning,35-44,South West,2023-07-26 00:00:00
C111597,Returning,35-44,Scotland,2023-11-22 00:00:00
C111598,Returning,45-54,Yorkshire,2024-03-01 00:00:00
C111599,New,35-44,South West,2024-08-14 00:00:00
C111600,Returning,55+,North West,2024-07-26 00:00:00
C111601,New,35-44,London,2023-03-18 00:00:00
C111602,New,35-44,Yorkshire,2023-02-08 00:00:00
C111603,Returning,25-34,South East,2025-06-22 00:00:00
C111604,New,35-44,West Midlands,2024-09-29 00:00:00
C111605,New,25-34,East of England,2023-02-19 00:00:00
C111606,Returning,25-34,South East,2025-07-27 00:00:00
C111607,Returning,25-34,South East,2024-02-14 00:00:00
C111608,New,35-44,London,2024-12-29 00:00:00
C111609,New,45-54,Yorkshire,2024-05-14 00:00:00
C111610,New,55+,London,2023-07-31 00:00:00
C111611,Returning,25-34,North West,2025-01-18 00:00:00
C111612,New,55+,South East,2024-02-04 00:00:00
C111613,Returning,45-54,South West,2023-06-20 00:00:00
C111614,Returning,45-54,East of England,2023-09-02 00:00:00
C111615,New,45-54,London,2025-06-22 00:00:00
C111616,New,25-34,South West,2024-07-26 00:00:00
C111617,New,55+,London,2024-04-13 00:00:00
C111618,New,35-44,London,2025-05-09 00:00:00
C111619,New,45-54,West Midlands,2023-10-04 00:00:00
C111620,Returning,25-34,South East,2023-06-15 00:00:00
C111621,New,25-34,Scotland,2023-04-19 00:00:00
C111622,Returning,25-34,South West,2023-04-23 00:00:00
C111623,Returning,35-44,East of England,2025-10-14 00:00:00
C111624,Returning,25-34,London,2025-09-18 00:00:00
C111625,New,55+,Yorkshire,2024-03-19 00:00:00
C111626,New,18-24,North West,2024-06-03 00:00:00
C111627,Returning,18-24,London,2024-02-24 00:00:00
C111628,New,25-34,South West,2024-08-26 00:00:00
C111629,Returning,25-34,East of England,2023-07-18 00:00:00
C111630,Returning,25-34,East of England,2024-12-26 00:00:00
C111631,Returning,45-54,Scotland,2024-07-10 00:00:00
C111632,New,55+,London,2025-10-01 00:00:00
C111633,New,25-34,East of England,2023-12-18 00:00:00
C111634,Returning,25-34,Scotland,2025-04-17 00:00:00
C111635,Returning,45-54,Yorkshire,2023-07-02 00:00:00
C111636,Returning,25-34,London,2023-04-12 00:00:00
C111637,Returning,45-54,West Midlands,2025-04-08 00:00:00
C111638,Returning,35-44,London,2025-09-04 00:00:00
C111639,Returning,45-54,London,2025-09-15 00:00:00
C111640,Returning,18-24,East of England,2023-03-06 00:00:00
C111641,New,55+,Scotland,2024-01-23 00:00:00
C111642,Returning,55+,East of England,2024-06-04 00:00:00
C111643,Returning,18-24,South East,2023-11-12 00:00:00
C111644,Returning,35-44,North West,2023-11-25 00:00:00
C111645,New,25-34,West Midlands,2024-02-15 00:00:00
C111646,Returning,25-34,West Midlands,2023-01-28 00:00:00
C111647,New,55+,West Midlands,2025-10-14 00:00:00
C111648,New,25-34,Scotland,2023-11-27 00:00:00
C111649,Returning,25-34,South West,2024-10-03 00:00:00
C111650,Returning,18-24,East of England,2025-05-18 00:00:00
C111651,Returning,35-44,London,2023-07-02 00:00:00
C111652,Returning,45-54,West Midlands,2023-08-15 00:00:00
C111653,Returning,35-44,North West,2024-11-26 00:00:00
C111654,New,35-44,Yorkshire,2025-12-29 00:00:00
C111655,Returning,18-24,East of England,2024-03-17 00:00:00
C111656,New,45-54,London,2025-09-29 00:00:00
C111657,Returning,25-34,London,2023-01-20 00:00:00
C111658,New,35-44,East of England,2025-03-21 00:00:00
C111659,Returning,35-44,West Midlands,2025-12-02 00:00:00
C111660,Returning,55+,North West,2025-03-31 00:00:00
C111661,Returning,45-54,East of England,2023-05-07 00:00:00
C111662,New,45-54,South West,2023-01-13 00:00:00
C111663,Returning,35-44,Yorkshire,2024-03-30 00:00:00
C111664,Returning,18-24,London,2024-09-06 00:00:00
C111665,Returning,35-44,North West,2024-12-24 00:00:00
C111666,Returning,35-44,West Midlands,2025-10-17 00:00:00
C111667,Returning,45-54,North West,2024-10-06 00:00:00
C111668,Returning,35-44,North West,2023-10-22 00:00:00
C111669,Returning,25-34,London,2023-01-05 00:00:00
C111670,Returning,25-34,South East,2025-10-22 00:00:00
C111671,Returning,18-24,West Midlands,2024-10-30 00:00:00
C111672,Returning,45-54,West Midlands,2025-01-16 00:00:00
C111673,Returning,55+,London,2025-03-10 00:00:00
C111674,New,35-44,East of England,2025-05-30 00:00:00
C111675,New,35-44,South East,2025-07-23 00:00:00
C111676,New,45-54,West Midlands,2025-08-14 00:00:00
C111677,Returning,25-34,Yorkshire,2023-07-22 00:00:00
C111678,Returning,25-34,Yorkshire,2023-11-22 00:00:00
C111679,New,25-34,South East,2023-02-10 00:00:00
C111680,Returning,55+,London,2023-05-14 00:00:00
C111681,Returning,18-24,London,2025-11-04 00:00:00
C111682,Returning,35-44,London,2024-04-10 00:00:00
C111683,Returning,25-34,South East,2025-01-18 00:00:00
C111684,Returning,35-44,North West,2024-09-13 00:00:00
C111685,Returning,25-34,North West,2024-05-15 00:00:00
C111686,New,55+,London,2023-06-28 00:00:00
C111687,New,25-34,Yorkshire,2025-03-08 00:00:00
C111688,Returning,55+,London,2025-04-07 00:00:00
C111689,Returning,35-44,East of England,2023-06-22 00:00:00
C111690,New,25-34,North West,2023-12-20 00:00:00
C111691,Returning,45-54,North West,2025-11-20 00:00:00
C111692,New,35-44,South East,2025-07-28 00:00:00
C111693,New,25-34,North West,2024-12-20 00:00:00
C111694,New,45-54,West Midlands,2025-11-21 00:00:00
C111695,Returning,35-44,Scotland,2025-08-22 00:00:00
C111696,Returning,35-44,London,2024-11-07 00:00:00
C111697,Returning,45-54,West Midlands,2024-09-04 00:00:00
C111698,Returning,35-44,South West,2024-12-14 00:00:00
C111699,Returning,25-34,North West,2025-05-30 00:00:00
C111700,Returning,25-34,North West,2025-11-22 00:00:00
C111701,Returning,25-34,East of England,2023-12-27 00:00:00
C111702,New,35-44,South East,2023-11-27 00:00:00
C111703,Returning,25-34,London,2023-05-27 00:00:00
C111704,New,25-34,East of England,2023-01-12 00:00:00
C111705,Returning,45-54,London,2024-01-25 00:00:00
C111706,Returning,25-34,South West,2023-10-02 00:00:00
C111707,New,25-34,London,2025-09-13 00:00:00
C111708,Returning,45-54,London,2024-06-20 00:00:00
C111709,Returning,45-54,South East,2025-02-06 00:00:00
C111710,Returning,45-54,East of England,2023-08-17 00:00:00
C111711,New,25-34,London,2024-05-16 00:00:00
C111712,New,35-44,South East,2025-06-09 00:00:00
C111713,New,55+,South East,2023-09-16 00:00:00
C111714,Returning,25-34,London,2024-03-08 00:00:00
C111715,Returning,18-24,London,2024-10-19 00:00:00
C111716,New,25-34,East of England,2023-08-09 00:00:00
C111717,Returning,55+,Yorkshire,2024-10-14 00:00:00
C111718,Returning,25-34,South East,2024-11-07 00:00:00
C111719,Returning,35-44,London,2024-08-07 00:00:00
C111720,New,35-44,London,2023-07-02 00:00:00
C111721,Returning,55+,South East,2025-03-22 00:00:00
C111722,Returning,25-34,South East,2025-07-10 00:00:00
C111723,New,35-44,East of England,2023-09-25 00:00:00
C111724,New,55+,London,2023-05-01 00:00:00
C111725,New,25-34,West Midlands,2024-07-16 00:00:00
C111726,Returning,35-44,Yorkshire,2023-07-11 00:00:00
C111727,Returning,18-24,South East,2023-12-06 00:00:00
C111728,Returning,25-34,South West,2024-12-23 00:00:00
C111729,New,18-24,Yorkshire,2023-08-15 00:00:00
C111730,Returning,25-34,London,2024-02-08 00:00:00
C111731,New,25-34,East of England,2024-01-02 00:00:00
C111732,Returning,45-54,South East,2025-02-25 00:00:00
C111733,New,35-44,London,2025-06-02 00:00:00
C111734,Returning,25-34,Yorkshire,2025-08-17 00:00:00
C111735,Returning,45-54,South West,2023-05-06 00:00:00
C111736,Returning,55+,London,2025-04-26 00:00:00
C111737,Returning,25-34,South East,2023-10-31 00:00:00
C111738,New,18-24,East of England,2025-09-11 00:00:00
C111739,Returning,18-24,Yorkshire,2024-08-09 00:00:00
C111740,Returning,45-54,North West,2025-10-10 00:00:00
C111741,Returning,45-54,West Midlands,2024-03-17 00:00:00
C111742,Returning,35-44,North West,2023-12-19 00:00:00
C111743,New,25-34,Yorkshire,2025-06-29 00:00:00
C111744,Returning,35-44,London,2024-01-28 00:00:00
C111745,Returning,35-44,South East,2025-05-07 00:00:00
C111746,New,25-34,North West,2023-02-26 00:00:00
C111747,New,18-24,Yorkshire,2025-01-15 00:00:00
C111748,New,25-34,South West,2025-09-25 00:00:00
C111749,Returning,45-54,North West,2023-11-07 00:00:00
C111750,Returning,55+,North West,2025-12-20 00:00:00
C111751,New,25-34,South East,2023-01-24 00:00:00
C111752,Returning,55+,East of England,2023-05-19 00:00:00
C111753,Returning,35-44,East of England,2023-12-12 00:00:00
C111754,Returning,35-44,East of England,2023-12-11 00:00:00
C111755,Returning,45-54,East of England,2024-10-23 00:00:00
C111756,Returning,35-44,East of England,2025-08-12 00:00:00
C111757,New,18-24,London,2023-04-22 00:00:00
C111758,New,25-34,North West,2025-04-03 00:00:00
C111759,Returning,45-54,North West,2025-06-24 00:00:00
C111760,Returning,35-44,West Midlands,2024-10-01 00:00:00
C111761,Returning,25-34,East of England,2025-12-21 00:00:00
C111762,New,35-44,South East,2023-04-17 00:00:00
C111763,New,25-34,London,2025-03-22 00:00:00
C111764,Returning,25-34,South East,2024-04-03 00:00:00
C111765,New,45-54,London,2024-04-01 00:00:00
C111766,Returning,25-34,West Midlands,2024-10-22 00:00:00
C111767,Returning,25-34,London,2025-05-26 00:00:00
C111768,New,25-34,London,2024-06-13 00:00:00
C111769,New,55+,West Midlands,2023-10-27 00:00:00
C111770,New,25-34,North West,2023-10-20 00:00:00
C111771,Returning,25-34,North West,2025-11-15 00:00:00
C111772,New,25-34,London,2024-03-31 00:00:00
C111773,Returning,18-24,Scotland,2024-02-08 00:00:00
C111774,New,18-24,London,2024-09-14 00:00:00
C111775,New,18-24,Yorkshire,2025-01-28 00:00:00
C111776,New,25-34,East of England,2023-02-10 00:00:00
C111777,New,35-44,East of England,2023-01-21 00:00:00
C111778,New,25-34,North West,2024-09-22 00:00:00
C111779,Returning,25-34,South East,2024-11-24 00:00:00
C111780,New,45-54,South West,2024-06-24 00:00:00
C111781,Returning,18-24,North West,2023-11-22 00:00:00
C111782,Returning,25-34,South West,2025-05-11 00:00:00
C111783,Returning,55+,West Midlands,2023-04-23 00:00:00
C111784,Returning,35-44,East of England,2024-12-04 00:00:00
C111785,New,35-44,East of England,2024-04-21 00:00:00
C111786,Returning,35-44,Yorkshire,2024-02-08 00:00:00
C111787,New,55+,Scotland,2023-04-27 00:00:00
C111788,Returning,25-34,West Midlands,2025-01-06 00:00:00
C111789,New,18-24,London,2023-07-23 00:00:00
C111790,Returning,45-54,Yorkshire,2024-08-17 00:00:00
C111791,Returning,18-24,Yorkshire,2025-09-11 00:00:00
C111792,Returning,35-44,West Midlands,2025-03-27 00:00:00
C111793,New,18-24,South East,2023-03-11 00:00:00
C111794,Returning,25-34,North West,2025-12-16 00:00:00
C111795,Returning,35-44,London,2024-11-18 00:00:00
C111796,Returning,35-44,South West,2025-07-03 00:00:00
C111797,New,35-44,East of England,2023-03-08 00:00:00
C111798,New,25-34,London,2025-10-03 00:00:00
C111799,New,25-34,South West,2025-02-28 00:00:00
C111800,Returning,45-54,London,2025-08-30 00:00:00
C111801,Returning,18-24,West Midlands,2025-12-11 00:00:00
C111802,Returning,35-44,East of England,2025-07-14 00:00:00
C111803,Returning,35-44,London,2024-04-17 00:00:00
C111804,Returning,25-34,London,2025-07-11 00:00:00
C111805,Returning,25-34,Scotland,2025-11-30 00:00:00
C111806,Returning,45-54,London,2025-09-25 00:00:00
C111807,Returning,25-34,South East,2024-12-06 00:00:00
C111808,New,18-24,West Midlands,2025-11-19 00:00:00
C111809,Returning,55+,London,2024-10-17 00:00:00
C111810,Returning,25-34,London,2024-05-04 00:00:00
C111811,Returning,45-54,South West,2023-07-08 00:00:00
C111812,Returning,18-24,North West,2024-05-27 00:00:00
C111813,Returning,25-34,West Midlands,2025-11-13 00:00:00
C111814,Returning,35-44,Yorkshire,2023-05-11 00:00:00
C111815,Returning,18-24,South East,2025-08-05 00:00:00
C111816,Returning,45-54,West Midlands,2024-12-08 00:00:00
C111817,New,25-34,Scotland,2023-05-25 00:00:00
C111818,New,35-44,South West,2023-09-06 00:00:00
C111819,Returning,45-54,North West,2023-02-01 00:00:00
C111820,Returning,35-44,North West,2025-03-25 00:00:00
C111821,New,35-44,East of England,2024-01-30 00:00:00
C111822,Returning,25-34,North West,2023-07-24 00:00:00
C111823,Returning,18-24,South East,2023-06-25 00:00:00
C111824,Returning,55+,West Midlands,2024-07-09 00:00:00
C111825,New,35-44,London,2024-01-05 00:00:00
C111826,Returning,35-44,Scotland,2025-09-22 00:00:00
C111827,New,35-44,Yorkshire,2025-11-20 00:00:00
C111828,New,25-34,West Midlands,2023-08-09 00:00:00
C111829,New,18-24,South East,2025-08-06 00:00:00
C111830,New,25-34,East of England,2023-03-08 00:00:00
C111831,New,25-34,South East,2024-04-29 00:00:00
C111832,Returning,25-34,South West,2024-09-27 00:00:00
C111833,Returning,18-24,East of England,2023-10-31 00:00:00
C111834,New,35-44,East of England,2024-12-15 00:00:00
C111835,Returning,35-44,South East,2024-09-27 00:00:00
C111836,Returning,25-34,South West,2025-10-24 00:00:00
C111837,Returning,45-54,South East,2025-10-28 00:00:00
C111838,Returning,35-44,Scotland,2025-06-17 00:00:00
C111839,New,18-24,London,2025-05-19 00:00:00
C111840,Returning,45-54,North West,2024-01-07 00:00:00
C111841,Returning,35-44,West Midlands,2025-08-12 00:00:00
C111842,Returning,35-44,East of England,2024-02-03 00:00:00
C111843,Returning,55+,London,2025-04-17 00:00:00
C111844,Returning,18-24,London,2024-06-18 00:00:00
C111845,Returning,35-44,East of England,2024-07-08 00:00:00
C111846,Returning,25-34,South East,2025-06-09 00:00:00
C111847,Returning,18-24,South East,2023-06-05 00:00:00
C111848,New,35-44,London,2025-07-25 00:00:00
C111849,New,25-34,East of England,2025-06-19 00:00:00
C111850,New,18-24,North West,2024-06-02 00:00:00
C111851,New,35-44,Yorkshire,2024-12-17 00:00:00
C111852,New,25-34,East of England,2023-10-19 00:00:00
C111853,Returning,35-44,East of England,2025-04-29 00:00:00
C111854,New,18-24,West Midlands,2023-05-12 00:00:00
C111855,New,25-34,London,2025-03-18 00:00:00
C111856,New,35-44,Yorkshire,2025-01-16 00:00:00
C111857,Returning,35-44,Yorkshire,2023-09-28 00:00:00
C111858,Returning,45-54,London,2025-06-15 00:00:00
C111859,Returning,55+,East of England,2023-11-11 00:00:00
C111860,Returning,18-24,South East,2024-08-19 00:00:00
C111861,Returning,25-34,West Midlands,2025-07-31 00:00:00
C111862,Returning,45-54,North West,2023-03-07 00:00:00
C111863,Returning,35-44,East of England,2024-03-24 00:00:00
C111864,New,55+,London,2024-11-20 00:00:00
C111865,Returning,45-54,South East,2023-07-15 00:00:00
C111866,New,45-54,West Midlands,2024-07-18 00:00:00
C111867,Returning,18-24,Scotland,2024-12-07 00:00:00
C111868,New,25-34,West Midlands,2025-08-16 00:00:00
C111869,New,35-44,West Midlands,2023-11-25 00:00:00
C111870,New,35-44,Scotland,2025-07-04 00:00:00
C111871,Returning,45-54,Yorkshire,2024-12-07 00:00:00
C111872,Returning,55+,London,2024-07-14 00:00:00
C111873,New,25-34,London,2024-10-11 00:00:00
C111874,Returning,25-34,Yorkshire,2025-12-23 00:00:00
C111875,New,45-54,West Midlands,2024-12-30 00:00:00
C111876,Returning,45-54,London,2024-04-18 00:00:00
C111877,New,45-54,West Midlands,2025-12-28 00:00:00
C111878,New,35-44,Scotland,2025-01-31 00:00:00
C111879,Returning,55+,South West,2023-11-02 00:00:00
C111880,Returning,25-34,North West,2024-11-02 00:00:00
C111881,Returning,18-24,London,2025-12-09 00:00:00
C111882,Returning,25-34,South East,2025-02-08 00:00:00
C111883,Returning,35-44,Scotland,2025-04-19 00:00:00
C111884,New,45-54,Yorkshire,2024-12-28 00:00:00
C111885,Returning,35-44,South East,2025-07-29 00:00:00
C111886,Returning,35-44,Yorkshire,2023-03-31 00:00:00
C111887,New,25-34,London,2025-06-01 00:00:00
C111888,Returning,45-54,South East,2025-09-18 00:00:00
C111889,New,25-34,London,2023-01-26 00:00:00
C111890,Returning,35-44,East of England,2025-05-16 00:00:00
C111891,New,25-34,Yorkshire,2024-07-08 00:00:00
C111892,Returning,35-44,West Midlands,2024-02-29 00:00:00
C111893,Returning,35-44,West Midlands,2023-04-27 00:00:00
C111894,New,35-44,East of England,2023-12-17 00:00:00
C111895,New,35-44,London,2025-01-10 00:00:00
C111896,New,55+,London,2024-07-19 00:00:00
C111897,New,55+,East of England,2023-03-07 00:00:00
C111898,Returning,25-34,East of England,2023-12-03 00:00:00
C111899,Returning,25-34,South East,2023-02-06 00:00:00
C111900,New,18-24,London,2024-02-04 00:00:00
C111901,Returning,25-34,Yorkshire,2025-09-24 00:00:00
C111902,Returning,25-34,London,2025-04-13 00:00:00
C111903,New,55+,North West,2025-10-05 00:00:00
C111904,New,55+,Yorkshire,2023-07-03 00:00:00
C111905,Returning,25-34,North West,2024-11-17 00:00:00
C111906,Returning,45-54,West Midlands,2023-11-28 00:00:00
C111907,Returning,45-54,South West,2024-05-20 00:00:00
C111908,Returning,25-34,East of England,2025-11-30 00:00:00
C111909,Returning,55+,Yorkshire,2025-06-30 00:00:00
C111910,Returning,55+,West Midlands,2025-02-05 00:00:00
C111911,Returning,55+,Scotland,2025-11-26 00:00:00
C111912,Returning,45-54,West Midlands,2024-07-02 00:00:00
C111913,New,25-34,London,2023-03-01 00:00:00
C111914,Returning,25-34,London,2025-09-30 00:00:00
C111915,Returning,55+,South East,2023-04-24 00:00:00
C111916,Returning,25-34,London,2023-10-21 00:00:00
C111917,Returning,35-44,South West,2025-09-22 00:00:00
C111918,Returning,25-34,London,2025-09-02 00:00:00
C111919,Returning,35-44,West Midlands,2023-04-20 00:00:00
C111920,Returning,18-24,East of England,2025-07-30 00:00:00
C111921,Returning,45-54,London,2025-02-24 00:00:00
C111922,Returning,35-44,North West,2023-04-29 00:00:00
C111923,Returning,25-34,Scotland,2024-08-31 00:00:00
C111924,New,25-34,London,2023-10-19 00:00:00
C111925,New,35-44,South East,2024-07-27 00:00:00
C111926,Returning,45-54,London,2023-07-23 00:00:00
C111927,Returning,55+,Yorkshire,2023-04-18 00:00:00
C111928,Returning,45-54,West Midlands,2024-12-16 00:00:00
C111929,Returning,35-44,Scotland,2025-03-12 00:00:00
C111930,Returning,45-54,Yorkshire,2023-07-30 00:00:00
C111931,Returning,35-44,North West,2024-10-24 00:00:00
C111932,New,35-44,East of England,2024-06-25 00:00:00
C111933,Returning,35-44,London,2025-10-18 00:00:00
C111934,Returning,25-34,South West,2024-09-14 00:00:00
C111935,Returning,35-44,Yorkshire,2024-06-13 00:00:00
C111936,Returning,45-54,Yorkshire,2023-01-10 00:00:00
C111937,Returning,25-34,North West,2025-09-30 00:00:00
C111938,New,45-54,London,2024-12-28 00:00:00
C111939,Returning,25-34,South West,2023-07-22 00:00:00
C111940,Returning,35-44,North West,2023-01-07 00:00:00
C111941,Returning,45-54,South West,2023-08-13 00:00:00
C111942,New,18-24,East of England,2024-07-08 00:00:00
C111943,New,25-34,North West,2025-11-09 00:00:00
C111944,New,35-44,Scotland,2024-11-13 00:00:00
C111945,Returning,18-24,London,2023-04-20 00:00:00
C111946,New,25-34,London,2023-07-31 00:00:00
C111947,Returning,45-54,South East,2023-09-18 00:00:00
C111948,Returning,18-24,London,2023-03-25 00:00:00
C111949,Returning,35-44,North West,2023-06-05 00:00:00
C111950,Returning,18-24,South East,2023-04-11 00:00:00
C111951,Returning,18-24,Yorkshire,2025-02-19 00:00:00
C111952,New,25-34,Scotland,2025-01-21 00:00:00
C111953,Returning,55+,South West,2025-05-08 00:00:00
C111954,Returning,35-44,West Midlands,2023-07-21 00:00:00
C111955,Returning,25-34,Scotland,2025-09-18 00:00:00
C111956,Returning,25-34,South West,2024-02-16 00:00:00
C111957,New,35-44,South West,2023-06-11 00:00:00
C111958,Returning,35-44,London,2023-06-23 00:00:00
C111959,New,25-34,Yorkshire,2023-12-20 00:00:00
C111960,Returning,25-34,London,2023-04-07 00:00:00
C111961,New,35-44,London,2023-12-15 00:00:00
C111962,Returning,35-44,London,2024-12-27 00:00:00
C111963,New,45-54,Yorkshire,2025-12-06 00:00:00
C111964,New,35-44,London,2023-01-06 00:00:00
C111965,New,45-54,West Midlands,2024-10-03 00:00:00
C111966,Returning,35-44,Yorkshire,2023-09-16 00:00:00
C111967,New,35-44,South East,2024-01-07 00:00:00
C111968,Returning,35-44,South East,2024-12-09 00:00:00
C111969,New,25-34,East of England,2023-11-25 00:00:00
C111970,Returning,55+,East of England,2024-04-27 00:00:00
C111971,New,25-34,East of England,2023-12-17 00:00:00
C111972,Returning,35-44,South West,2024-02-03 00:00:00
C111973,New,35-44,South East,2025-02-22 00:00:00
C111974,New,45-54,London,2023-11-18 00:00:00
C111975,New,18-24,West Midlands,2024-08-27 00:00:00
C111976,New,55+,East of England,2025-05-21 00:00:00
C111977,Returning,25-34,London,2024-11-16 00:00:00
C111978,New,25-34,London,2025-04-15 00:00:00
C111979,Returning,45-54,South West,2024-06-01 00:00:00
C111980,Returning,25-34,North West,2024-05-26 00:00:00
C111981,New,35-44,West Midlands,2023-01-29 00:00:00
C111982,Returning,35-44,East of England,2025-02-14 00:00:00
C111983,New,55+,North West,2025-01-25 00:00:00
C111984,New,45-54,East of England,2024-07-15 00:00:00
C111985,New,25-34,South East,2025-03-07 00:00:00
C111986,New,45-54,West Midlands,2024-12-25 00:00:00
C111987,New,25-34,London,2023-07-18 00:00:00
C111988,Returning,35-44,South East,2023-09-04 00:00:00
C111989,Returning,45-54,London,2024-12-15 00:00:00
C111990,Returning,45-54,London,2023-04-18 00:00:00
C111991,New,35-44,South East,2025-08-23 00:00:00
C111992,Returning,45-54,West Midlands,2024-01-19 00:00:00
C111993,New,35-44,South East,2024-10-25 00:00:00
C111994,New,55+,London,2024-07-28 00:00:00
C111995,Returning,25-34,West Midlands,2025-01-05 00:00:00
C111996,New,25-34,London,2024-01-27 00:00:00
C111997,Returning,45-54,London,2025-02-09 00:00:00
C111998,Returning,25-34,Scotland,2023-07-10 00:00:00
C111999,Returning,35-44,West Midlands,2023-12-23 00:00:00